2026-04-26 18:41:21 [INFO ] [PersonRepository] Loaded 3 persons from /tmp/junit-12448334189489103521/persons.json
2026-04-26 18:41:21 [INFO ] [VisaRepository] Loaded 3 visas from /tmp/junit-12448334189489103521/visas.json
2026-04-26 18:41:21 [INFO ] [ShareCodeRepository] Loaded 5 share codes from /tmp/junit-12448334189489103521/share_codes.json
2026-04-26 18:41:21 [INFO ] [OrganisationRepository] Loaded 4 organisations from /tmp/junit-12448334189489103521/organisations.json
2026-04-26 18:41:21 [INFO ] [ShareCodeRepository] Persisted new share code for person P001
2026-04-26 18:41:21 [INFO ] [ShareCodeService] Generated share code for person=P001**** purpose=EMPLOYMENT
2026-04-26 18:41:21 [INFO ] [VerificationService] Share code verification requested by org=ORG001
2026-04-26 18:41:21 [INFO ] [ShareCodeRepository] Updated share code KQABZZMFX, used=true
2026-04-26 18:41:21 [INFO ] [VerificationService] Share code verification outcome=Right to work: true, expires: 2027-06-30 org=ORG001
2026-04-26 18:41:21 [INFO ] [PersonRepository] Loaded 3 persons from /tmp/junit-18032632294189041737/persons.json
2026-04-26 18:41:21 [INFO ] [VisaRepository] Loaded 3 visas from /tmp/junit-18032632294189041737/visas.json
2026-04-26 18:41:21 [INFO ] [ShareCodeRepository] Loaded 5 share codes from /tmp/junit-18032632294189041737/share_codes.json
2026-04-26 18:41:21 [INFO ] [OrganisationRepository] Loaded 4 organisations from /tmp/junit-18032632294189041737/organisations.json
2026-04-26 18:41:21 [INFO ] [VerificationService] Share code verification requested by org=ORG001
2026-04-26 18:41:21 [INFO ] [ShareCodeRepository] Updated share code ABC123XY1, used=true
2026-04-26 18:41:21 [INFO ] [VerificationService] Share code verification outcome=Right to work: true, expires: 2027-06-30 org=ORG001
2026-04-26 18:41:21 [INFO ] [PersonRepository] Loaded 3 persons from /tmp/junit-17947810730965793759/persons.json
2026-04-26 18:41:21 [INFO ] [VisaRepository] Loaded 3 visas from /tmp/junit-17947810730965793759/visas.json
2026-04-26 18:41:21 [INFO ] [ShareCodeRepository] Loaded 5 share codes from /tmp/junit-17947810730965793759/share_codes.json
2026-04-26 18:41:21 [INFO ] [OrganisationRepository] Loaded 4 organisations from /tmp/junit-17947810730965793759/organisations.json
2026-04-26 18:41:21 [INFO ] [ShareCodeRepository] Persisted new share code for person P001
2026-04-26 18:41:21 [INFO ] [ShareCodeService] Generated share code for person=P001**** purpose=EMPLOYMENT
2026-04-26 18:41:21 [INFO ] [VerificationService] Share code verification requested by org=ORG001
2026-04-26 18:41:21 [INFO ] [ShareCodeRepository] Updated share code PU26C6FV7, used=true
2026-04-26 18:41:21 [INFO ] [VerificationService] Share code verification outcome=Right to work: true, expires: 2027-06-30 org=ORG001
2026-04-26 18:41:21 [INFO ] [PersonRepository] Loaded 3 persons from /tmp/junit-16060751943893853532/persons.json
2026-04-26 18:41:21 [INFO ] [VisaRepository] Loaded 3 visas from /tmp/junit-16060751943893853532/visas.json
2026-04-26 18:41:21 [INFO ] [ShareCodeRepository] Loaded 5 share codes from /tmp/junit-16060751943893853532/share_codes.json
2026-04-26 18:41:21 [INFO ] [OrganisationRepository] Loaded 4 organisations from /tmp/junit-16060751943893853532/organisations.json
2026-04-26 18:41:21 [INFO ] [ShareCodeRepository] Persisted new share code for person P001
2026-04-26 18:41:21 [INFO ] [ShareCodeService] Generated share code for person=P001**** purpose=EMPLOYMENT
2026-04-26 18:41:21 [INFO ] [VerificationService] Share code verification requested by org=ORG001
2026-04-26 18:41:21 [INFO ] [ShareCodeRepository] Updated share code 2KQHLQTKB, used=true
2026-04-26 18:41:21 [INFO ] [VerificationService] Share code verification outcome=Right to work: true, expires: 2027-06-30 org=ORG001
2026-04-26 18:41:21 [INFO ] [VerificationService] Share code verification requested by org=ORG001
2026-04-26 18:41:21 [WARN ] [VerificationService] Rejected SHARE_CODE_VERIFICATION reason=Share code has already been used org=ORG001
2026-04-26 18:41:21 [INFO ] [PersonRepository] Loaded 3 persons from /tmp/junit-14349250943057637665/persons.json
2026-04-26 18:41:21 [INFO ] [VisaRepository] Loaded 3 visas from /tmp/junit-14349250943057637665/visas.json
2026-04-26 18:41:21 [INFO ] [ShareCodeRepository] Loaded 5 share codes from /tmp/junit-14349250943057637665/share_codes.json
2026-04-26 18:41:21 [INFO ] [OrganisationRepository] Loaded 4 organisations from /tmp/junit-14349250943057637665/organisations.json
2026-04-26 18:41:21 [WARN ] [VerificationService] Confirmation refused by org=ORG005
2026-04-26 18:41:21 [INFO ] [PersonRepository] Loaded 3 persons from /tmp/junit-5008322818422185924/persons.json
2026-04-26 18:41:21 [INFO ] [VisaRepository] Loaded 3 visas from /tmp/junit-5008322818422185924/visas.json
2026-04-26 18:41:21 [INFO ] [ShareCodeRepository] Loaded 5 share codes from /tmp/junit-5008322818422185924/share_codes.json
2026-04-26 18:41:21 [INFO ] [OrganisationRepository] Loaded 4 organisations from /tmp/junit-5008322818422185924/organisations.json
2026-04-26 18:41:21 [INFO ] [VerificationService] Document verification requested by org=ORG001 docType=PASSPORT
2026-04-26 18:41:21 [WARN ] [VerificationService] Rejected DOCUMENT_VERIFICATION reason=Organisation role 'EMPLOYER' is not authorised for the document route org=ORG001
2026-04-26 18:41:21 [INFO ] [PersonRepository] Loaded 3 persons from /tmp/junit-6175719444178303006/persons.json
2026-04-26 18:41:21 [INFO ] [VisaRepository] Loaded 3 visas from /tmp/junit-6175719444178303006/visas.json
2026-04-26 18:41:21 [INFO ] [ShareCodeRepository] Loaded 5 share codes from /tmp/junit-6175719444178303006/share_codes.json
2026-04-26 18:41:21 [INFO ] [OrganisationRepository] Loaded 4 organisations from /tmp/junit-6175719444178303006/organisations.json
2026-04-26 18:41:21 [INFO ] [VerificationService] Document verification requested by org=ORG005 docType=PASSPORT
2026-04-26 18:41:21 [INFO ] [VerificationService] Document verification outcome=Entry permitted: true, conditions: [] org=ORG005
2026-04-26 18:41:21 [INFO ] [PersonRepository] Loaded 3 persons from /tmp/junit-15971672772619009/persons.json
2026-04-26 18:41:21 [INFO ] [VisaRepository] Loaded 3 visas from /tmp/junit-15971672772619009/visas.json
2026-04-26 18:41:21 [INFO ] [ShareCodeRepository] Loaded 5 share codes from /tmp/junit-15971672772619009/share_codes.json
2026-04-26 18:41:21 [INFO ] [OrganisationRepository] Loaded 4 organisations from /tmp/junit-15971672772619009/organisations.json
2026-04-26 18:41:21 [INFO ] [VerificationService] Document verification requested by org=ORG006 docType=PASSPORT
2026-04-26 18:41:21 [INFO ] [VerificationService] Document verification outcome=Visa type: WORK, valid: true, expires: 2027-06-30 org=ORG006
2026-04-26 18:41:21 [INFO ] [PersonRepository] Loaded 3 persons from /tmp/junit-4134070159155684759/persons.json
2026-04-26 18:41:21 [INFO ] [VisaRepository] Loaded 3 visas from /tmp/junit-4134070159155684759/visas.json
2026-04-26 18:41:21 [INFO ] [ShareCodeRepository] Loaded 5 share codes from /tmp/junit-4134070159155684759/share_codes.json
2026-04-26 18:41:21 [INFO ] [OrganisationRepository] Loaded 4 organisations from /tmp/junit-4134070159155684759/organisations.json
2026-04-26 18:41:21 [INFO ] [PersonRepository] Loaded 3 persons from /tmp/junit-5167974849337616995/persons.json
2026-04-26 18:41:21 [INFO ] [VisaRepository] Loaded 3 visas from /tmp/junit-5167974849337616995/visas.json
2026-04-26 18:41:21 [INFO ] [ShareCodeRepository] Loaded 5 share codes from /tmp/junit-5167974849337616995/share_codes.json
2026-04-26 18:41:21 [INFO ] [OrganisationRepository] Loaded 4 organisations from /tmp/junit-5167974849337616995/organisations.json
2026-04-26 18:41:21 [INFO ] [VerificationService] Document verification requested by org=ORG005 docType=PASSPORT
2026-04-26 18:41:21 [WARN ] [VerificationService] Rejected DOCUMENT_VERIFICATION reason=Person not found for document org=ORG005
2026-04-26 18:41:21 [INFO ] [PersonRepository] Loaded 3 persons from /tmp/junit-13989519592030152829/persons.json
2026-04-26 18:41:21 [INFO ] [VisaRepository] Loaded 3 visas from /tmp/junit-13989519592030152829/visas.json
2026-04-26 18:41:21 [INFO ] [ShareCodeRepository] Loaded 5 share codes from /tmp/junit-13989519592030152829/share_codes.json
2026-04-26 18:41:21 [INFO ] [OrganisationRepository] Loaded 4 organisations from /tmp/junit-13989519592030152829/organisations.json
2026-04-26 18:41:21 [INFO ] [VerificationService] Document verification requested by org=ORG006 docType=PASSPORT
2026-04-26 18:41:21 [INFO ] [VerificationService] Document verification outcome=Visa type: WORK, valid: true, expires: 2027-06-30 org=ORG006
2026-04-26 18:41:21 [INFO ] [PersonRepository] Loaded 3 persons from /tmp/junit-7924839244442816688/persons.json
2026-04-26 18:41:21 [INFO ] [VisaRepository] Loaded 3 visas from /tmp/junit-7924839244442816688/visas.json
2026-04-26 18:41:21 [INFO ] [ShareCodeRepository] Loaded 5 share codes from /tmp/junit-7924839244442816688/share_codes.json
2026-04-26 18:41:21 [INFO ] [OrganisationRepository] Loaded 4 organisations from /tmp/junit-7924839244442816688/organisations.json
2026-04-26 18:41:21 [INFO ] [VerificationService] Document verification requested by org=ORG005 docType=PASSPORT
2026-04-26 18:41:21 [INFO ] [VerificationService] Document verification outcome=Entry permitted: true, conditions: [] org=ORG005
2026-04-26 18:41:21 [INFO ] [PersonRepository] Loaded 3 persons from /tmp/junit-12727606500675207588/persons.json
2026-04-26 18:41:21 [INFO ] [VisaRepository] Loaded 3 visas from /tmp/junit-12727606500675207588/visas.json
2026-04-26 18:41:21 [INFO ] [ShareCodeRepository] Loaded 5 share codes from /tmp/junit-12727606500675207588/share_codes.json
2026-04-26 18:41:21 [INFO ] [OrganisationRepository] Loaded 4 organisations from /tmp/junit-12727606500675207588/organisations.json
2026-04-26 18:41:21 [INFO ] [VerificationService] Document verification requested by org=ORG005 docType=PASSPORT
2026-04-26 18:41:21 [INFO ] [VerificationService] Document verification outcome=Entry permitted: true, conditions: [] org=ORG005
2026-04-26 18:41:21 [INFO ] [PersonRepository] Loaded 3 persons from /tmp/junit-18260428925881904156/persons.json
2026-04-26 18:41:21 [INFO ] [VisaRepository] Loaded 3 visas from /tmp/junit-18260428925881904156/visas.json
2026-04-26 18:41:21 [INFO ] [ShareCodeRepository] Loaded 5 share codes from /tmp/junit-18260428925881904156/share_codes.json
2026-04-26 18:41:21 [INFO ] [OrganisationRepository] Loaded 4 organisations from /tmp/junit-18260428925881904156/organisations.json
2026-04-26 18:41:21 [WARN ] [VerificationService] Confirmation refused by org=ORG005
2026-04-26 18:41:21 [INFO ] [PersonRepository] Loaded 3 persons from /tmp/junit-2597092772006945683/persons.json
2026-04-26 18:41:21 [INFO ] [VisaRepository] Loaded 3 visas from /tmp/junit-2597092772006945683/visas.json
2026-04-26 18:41:21 [INFO ] [ShareCodeRepository] Loaded 5 share codes from /tmp/junit-2597092772006945683/share_codes.json
2026-04-26 18:41:21 [INFO ] [OrganisationRepository] Loaded 4 organisations from /tmp/junit-2597092772006945683/organisations.json
2026-04-26 18:41:21 [WARN ] [VerificationService] Confirmation refused by org=ORG001
2026-04-26 18:41:22 [INFO ] [PersonRepository] Loaded 3 persons from /tmp/junit-14129351010043004953/persons.json
2026-04-26 18:41:22 [INFO ] [VisaRepository] Loaded 3 visas from /tmp/junit-14129351010043004953/visas.json
2026-04-26 18:41:22 [INFO ] [ShareCodeRepository] Loaded 5 share codes from /tmp/junit-14129351010043004953/share_codes.json
2026-04-26 18:41:22 [INFO ] [OrganisationRepository] Loaded 4 organisations from /tmp/junit-14129351010043004953/organisations.json
2026-04-26 18:41:22 [INFO ] [VerificationService] Share code verification requested by org=ORG001
2026-04-26 18:41:22 [INFO ] [ShareCodeRepository] Updated share code ABC123XY1, used=true
2026-04-26 18:41:22 [INFO ] [VerificationService] Share code verification outcome=Right to work: true, expires: 2027-06-30 org=ORG001
2026-04-26 18:41:22 [INFO ] [PersonRepository] Loaded 3 persons from /tmp/junit-15414923268140478655/persons.json
2026-04-26 18:41:22 [INFO ] [VisaRepository] Loaded 3 visas from /tmp/junit-15414923268140478655/visas.json
2026-04-26 18:41:22 [INFO ] [ShareCodeRepository] Loaded 5 share codes from /tmp/junit-15414923268140478655/share_codes.json
2026-04-26 18:41:22 [INFO ] [OrganisationRepository] Loaded 4 organisations from /tmp/junit-15414923268140478655/organisations.json
2026-04-26 18:41:22 [INFO ] [VerificationService] Share code verification requested by org=ORG001
2026-04-26 18:41:22 [INFO ] [ShareCodeRepository] Updated share code ABC123XY1, used=true
2026-04-26 18:41:22 [INFO ] [VerificationService] Share code verification outcome=Right to work: true, expires: 2027-06-30 org=ORG001
2026-04-26 18:41:22 [INFO ] [PersonRepository] Loaded 3 persons from /tmp/junit-15621206896315214539/persons.json
2026-04-26 18:41:22 [INFO ] [VisaRepository] Loaded 3 visas from /tmp/junit-15621206896315214539/visas.json
2026-04-26 18:41:22 [INFO ] [ShareCodeRepository] Loaded 5 share codes from /tmp/junit-15621206896315214539/share_codes.json
2026-04-26 18:41:22 [INFO ] [OrganisationRepository] Loaded 4 organisations from /tmp/junit-15621206896315214539/organisations.json
2026-04-26 18:41:22 [INFO ] [VerificationService] Share code verification requested by org=ORG001
2026-04-26 18:41:22 [WARN ] [VerificationService] Rejected SHARE_CODE_VERIFICATION reason=Purpose 'ACCOMMODATION' is not permitted for role 'EMPLOYER' org=ORG001
2026-04-26 18:41:22 [INFO ] [PersonRepository] Loaded 3 persons from /tmp/junit-2320865048377107376/persons.json
2026-04-26 18:41:22 [INFO ] [VisaRepository] Loaded 3 visas from /tmp/junit-2320865048377107376/visas.json
2026-04-26 18:41:22 [INFO ] [ShareCodeRepository] Loaded 5 share codes from /tmp/junit-2320865048377107376/share_codes.json
2026-04-26 18:41:22 [INFO ] [OrganisationRepository] Loaded 4 organisations from /tmp/junit-2320865048377107376/organisations.json
2026-04-26 18:41:22 [WARN ] [VerificationService] Confirmation refused by org=ORG001
2026-04-26 18:41:22 [INFO ] [PersonRepository] Loaded 3 persons from /tmp/junit-10776693669726982064/persons.json
2026-04-26 18:41:22 [INFO ] [VisaRepository] Loaded 3 visas from /tmp/junit-10776693669726982064/visas.json
2026-04-26 18:41:22 [INFO ] [ShareCodeRepository] Loaded 5 share codes from /tmp/junit-10776693669726982064/share_codes.json
2026-04-26 18:41:22 [INFO ] [OrganisationRepository] Loaded 4 organisations from /tmp/junit-10776693669726982064/organisations.json
2026-04-26 18:41:22 [INFO ] [VerificationService] Share code verification requested by org=ORG001
2026-04-26 18:41:22 [INFO ] [ShareCodeRepository] Updated share code ABC123XY1, used=true
2026-04-26 18:41:22 [INFO ] [VerificationService] Share code verification outcome=Right to work: true, expires: 2027-06-30 org=ORG001
2026-04-26 18:41:22 [INFO ] [PersonRepository] Loaded 3 persons from /tmp/junit-976324778372586916/persons.json
2026-04-26 18:41:22 [INFO ] [VisaRepository] Loaded 3 visas from /tmp/junit-976324778372586916/visas.json
2026-04-26 18:41:22 [INFO ] [ShareCodeRepository] Loaded 5 share codes from /tmp/junit-976324778372586916/share_codes.json
2026-04-26 18:41:22 [INFO ] [OrganisationRepository] Loaded 4 organisations from /tmp/junit-976324778372586916/organisations.json
2026-04-26 18:41:22 [INFO ] [VerificationService] Share code verification requested by org=ORG001
2026-04-26 18:41:22 [WARN ] [VerificationService] Rejected SHARE_CODE_VERIFICATION reason=Date of birth does not match org=ORG001
2026-04-26 18:41:22 [INFO ] [PersonRepository] Loaded 3 persons from /tmp/junit-15740642265366590446/persons.json
2026-04-26 18:41:22 [INFO ] [VisaRepository] Loaded 3 visas from /tmp/junit-15740642265366590446/visas.json
2026-04-26 18:41:22 [INFO ] [ShareCodeRepository] Loaded 5 share codes from /tmp/junit-15740642265366590446/share_codes.json
2026-04-26 18:41:22 [INFO ] [OrganisationRepository] Loaded 4 organisations from /tmp/junit-15740642265366590446/organisations.json
2026-04-26 18:41:22 [INFO ] [VerificationService] Share code verification requested by org=ORG003
2026-04-26 18:41:22 [WARN ] [VerificationService] Rejected SHARE_CODE_VERIFICATION reason=Share code has already been used org=ORG003
2026-04-26 18:41:22 [INFO ] [PersonRepository] Loaded 3 persons from /tmp/junit-14719421504592695121/persons.json
2026-04-26 18:41:22 [INFO ] [VisaRepository] Loaded 3 visas from /tmp/junit-14719421504592695121/visas.json
2026-04-26 18:41:22 [INFO ] [ShareCodeRepository] Loaded 5 share codes from /tmp/junit-14719421504592695121/share_codes.json
2026-04-26 18:41:22 [INFO ] [OrganisationRepository] Loaded 4 organisations from /tmp/junit-14719421504592695121/organisations.json
2026-04-26 18:41:22 [INFO ] [VerificationService] Share code verification requested by org=ORG003
2026-04-26 18:41:22 [INFO ] [ShareCodeRepository] Updated share code DEF456YZ2, used=true
2026-04-26 18:41:22 [INFO ] [VerificationService] Share code verification outcome=Right to rent: true org=ORG003
2026-04-26 18:41:22 [INFO ] [PersonRepository] Loaded 3 persons from /tmp/junit-8450747096025150538/persons.json
2026-04-26 18:41:22 [INFO ] [VisaRepository] Loaded 3 visas from /tmp/junit-8450747096025150538/visas.json
2026-04-26 18:41:22 [INFO ] [ShareCodeRepository] Loaded 5 share codes from /tmp/junit-8450747096025150538/share_codes.json
2026-04-26 18:41:22 [INFO ] [OrganisationRepository] Loaded 4 organisations from /tmp/junit-8450747096025150538/organisations.json
2026-04-26 18:41:22 [INFO ] [VerificationService] Share code verification requested by org=ORG001
2026-04-26 18:41:22 [INFO ] [ShareCodeRepository] Updated share code ABC123XY1, used=true
2026-04-26 18:41:22 [INFO ] [VerificationService] Share code verification outcome=Right to work: true, expires: 2027-06-30 org=ORG001
2026-04-26 18:41:22 [INFO ] [PersonRepository] Loaded 3 persons from /tmp/junit-13573052909380107700/persons.json
2026-04-26 18:41:22 [INFO ] [VisaRepository] Loaded 3 visas from /tmp/junit-13573052909380107700/visas.json
2026-04-26 18:41:22 [INFO ] [ShareCodeRepository] Loaded 5 share codes from /tmp/junit-13573052909380107700/share_codes.json
2026-04-26 18:41:22 [INFO ] [OrganisationRepository] Loaded 4 organisations from /tmp/junit-13573052909380107700/organisations.json
2026-04-26 18:41:22 [WARN ] [VerificationService] Confirmation refused by org=ORG001
2026-04-26 18:41:22 [INFO ] [PersonRepository] Loaded 3 persons from /tmp/junit-16817171571528655583/persons.json
2026-04-26 18:41:22 [INFO ] [VisaRepository] Loaded 3 visas from /tmp/junit-16817171571528655583/visas.json
2026-04-26 18:41:22 [INFO ] [ShareCodeRepository] Loaded 5 share codes from /tmp/junit-16817171571528655583/share_codes.json
2026-04-26 18:41:22 [INFO ] [OrganisationRepository] Loaded 4 organisations from /tmp/junit-16817171571528655583/organisations.json
2026-04-26 18:41:22 [INFO ] [VerificationService] Share code verification requested by org=ORG001
2026-04-26 18:41:22 [INFO ] [ShareCodeRepository] Updated share code QRS678FG6, used=true
2026-04-26 18:41:22 [INFO ] [VerificationService] Share code verification outcome=Right to work: false, expires: 2026-10-25 org=ORG001
2026-04-26 18:41:22 [INFO ] [PersonRepository] Loaded 3 persons from /tmp/junit-17591268463536304436/persons.json
2026-04-26 18:41:22 [INFO ] [VisaRepository] Loaded 3 visas from /tmp/junit-17591268463536304436/visas.json
2026-04-26 18:41:22 [INFO ] [ShareCodeRepository] Loaded 5 share codes from /tmp/junit-17591268463536304436/share_codes.json
2026-04-26 18:41:22 [INFO ] [OrganisationRepository] Loaded 4 organisations from /tmp/junit-17591268463536304436/organisations.json
2026-04-26 18:41:22 [INFO ] [VerificationService] Share code verification requested by org=ORG001
2026-04-26 18:41:22 [WARN ] [VerificationService] Rejected SHARE_CODE_VERIFICATION reason=Share code has expired org=ORG001
2026-04-26 18:41:22 [INFO ] [PersonRepository] Loaded 3 persons from /tmp/junit-11332869473055357817/persons.json
2026-04-26 18:41:22 [INFO ] [VisaRepository] Loaded 3 visas from /tmp/junit-11332869473055357817/visas.json
2026-04-26 18:41:22 [INFO ] [ShareCodeRepository] Loaded 5 share codes from /tmp/junit-11332869473055357817/share_codes.json
2026-04-26 18:41:22 [INFO ] [OrganisationRepository] Loaded 4 organisations from /tmp/junit-11332869473055357817/organisations.json
2026-04-26 18:41:22 [WARN ] [VerificationService] Confirmation refused by org=ORG001
2026-04-26 18:41:22 [INFO ] [PersonRepository] Loaded 3 persons from /tmp/junit-11738177944260511115/persons.json
2026-04-26 18:41:22 [INFO ] [VisaRepository] Loaded 3 visas from /tmp/junit-11738177944260511115/visas.json
2026-04-26 18:41:22 [INFO ] [ShareCodeRepository] Loaded 5 share codes from /tmp/junit-11738177944260511115/share_codes.json
2026-04-26 18:41:22 [INFO ] [OrganisationRepository] Loaded 4 organisations from /tmp/junit-11738177944260511115/organisations.json
2026-04-26 18:41:22 [INFO ] [ShareCodeRepository] Persisted new share code for person P001
2026-04-26 18:41:22 [INFO ] [ShareCodeService] Generated share code for person=P001**** purpose=EMPLOYMENT
2026-04-26 18:41:22 [INFO ] [PersonRepository] Loaded 3 persons from /tmp/junit-4464209982669651475/persons.json
2026-04-26 18:41:22 [INFO ] [VisaRepository] Loaded 3 visas from /tmp/junit-4464209982669651475/visas.json
2026-04-26 18:41:22 [INFO ] [ShareCodeRepository] Loaded 5 share codes from /tmp/junit-4464209982669651475/share_codes.json
2026-04-26 18:41:22 [INFO ] [OrganisationRepository] Loaded 4 organisations from /tmp/junit-4464209982669651475/organisations.json
2026-04-26 18:41:22 [INFO ] [ShareCodeRepository] Persisted new share code for person P001
2026-04-26 18:41:22 [INFO ] [ShareCodeService] Generated share code for person=P001**** purpose=EMPLOYMENT
2026-04-26 18:41:22 [INFO ] [PersonRepository] Loaded 3 persons from /tmp/junit-8333866386785602413/persons.json
2026-04-26 18:41:22 [INFO ] [VisaRepository] Loaded 3 visas from /tmp/junit-8333866386785602413/visas.json
2026-04-26 18:41:22 [INFO ] [ShareCodeRepository] Loaded 5 share codes from /tmp/junit-8333866386785602413/share_codes.json
2026-04-26 18:41:22 [INFO ] [OrganisationRepository] Loaded 4 organisations from /tmp/junit-8333866386785602413/organisations.json
2026-04-26 18:41:22 [INFO ] [ShareCodeRepository] Persisted new share code for person P001
2026-04-26 18:41:22 [INFO ] [ShareCodeService] Generated share code for person=P001**** purpose=EMPLOYMENT
2026-04-26 18:41:22 [INFO ] [PersonRepository] Loaded 3 persons from /tmp/junit-14651528972044850121/persons.json
2026-04-26 18:41:22 [INFO ] [VisaRepository] Loaded 3 visas from /tmp/junit-14651528972044850121/visas.json
2026-04-26 18:41:22 [INFO ] [ShareCodeRepository] Loaded 5 share codes from /tmp/junit-14651528972044850121/share_codes.json
2026-04-26 18:41:22 [INFO ] [OrganisationRepository] Loaded 4 organisations from /tmp/junit-14651528972044850121/organisations.json
2026-04-26 18:41:22 [INFO ] [ShareCodeRepository] Persisted new share code for person P001
2026-04-26 18:41:22 [INFO ] [ShareCodeService] Generated share code for person=P001**** purpose=EMPLOYMENT
2026-04-26 18:41:22 [INFO ] [PersonRepository] Loaded 3 persons from /tmp/junit-3961122398384601833/persons.json
2026-04-26 18:41:22 [INFO ] [VisaRepository] Loaded 3 visas from /tmp/junit-3961122398384601833/visas.json
2026-04-26 18:41:22 [INFO ] [ShareCodeRepository] Loaded 5 share codes from /tmp/junit-3961122398384601833/share_codes.json
2026-04-26 18:41:22 [INFO ] [OrganisationRepository] Loaded 4 organisations from /tmp/junit-3961122398384601833/organisations.json
2026-04-26 18:41:22 [INFO ] [PersonRepository] Loaded 3 persons from /tmp/junit-10778482244365281756/persons.json
2026-04-26 18:41:22 [INFO ] [VisaRepository] Loaded 3 visas from /tmp/junit-10778482244365281756/visas.json
2026-04-26 18:41:22 [INFO ] [ShareCodeRepository] Loaded 5 share codes from /tmp/junit-10778482244365281756/share_codes.json
2026-04-26 18:41:22 [INFO ] [OrganisationRepository] Loaded 4 organisations from /tmp/junit-10778482244365281756/organisations.json
2026-04-26 18:41:22 [INFO ] [ShareCodeRepository] Persisted new share code for person P001
2026-04-26 18:41:22 [INFO ] [ShareCodeService] Generated share code for person=P001**** purpose=EMPLOYMENT
2026-04-26 18:41:22 [INFO ] [PersonRepository] Loaded 3 persons from /tmp/junit-2084270061880180097/persons.json
2026-04-26 18:41:22 [INFO ] [VisaRepository] Loaded 3 visas from /tmp/junit-2084270061880180097/visas.json
2026-04-26 18:41:22 [INFO ] [ShareCodeRepository] Loaded 5 share codes from /tmp/junit-2084270061880180097/share_codes.json
2026-04-26 18:41:22 [INFO ] [OrganisationRepository] Loaded 4 organisations from /tmp/junit-2084270061880180097/organisations.json
2026-04-26 18:41:22 [INFO ] [ShareCodeRepository] Persisted new share code for person P001
2026-04-26 18:41:22 [INFO ] [ShareCodeService] Generated share code for person=P001**** purpose=EMPLOYMENT
2026-04-26 18:41:22 [INFO ] [PersonRepository] Loaded 3 persons from /tmp/junit-15016897554528967173/persons.json
2026-04-26 18:41:22 [INFO ] [VisaRepository] Loaded 3 visas from /tmp/junit-15016897554528967173/visas.json
2026-04-26 18:41:22 [INFO ] [ShareCodeRepository] Loaded 5 share codes from /tmp/junit-15016897554528967173/share_codes.json
2026-04-26 18:41:22 [INFO ] [OrganisationRepository] Loaded 4 organisations from /tmp/junit-15016897554528967173/organisations.json
2026-04-26 18:41:22 [INFO ] [PersonRepository] Loaded 3 persons from /tmp/junit-1212108903873203449/persons.json
2026-04-26 18:41:22 [INFO ] [VisaRepository] Loaded 3 visas from /tmp/junit-1212108903873203449/visas.json
2026-04-26 18:41:22 [INFO ] [ShareCodeRepository] Loaded 5 share codes from /tmp/junit-1212108903873203449/share_codes.json
2026-04-26 18:41:22 [INFO ] [OrganisationRepository] Loaded 4 organisations from /tmp/junit-1212108903873203449/organisations.json
2026-04-26 18:41:22 [INFO ] [PersonRepository] Loaded 3 persons from /tmp/junit-5245602064154567690/persons.json
2026-04-26 18:41:22 [INFO ] [VisaRepository] Loaded 3 visas from /tmp/junit-5245602064154567690/visas.json
2026-04-26 18:41:22 [INFO ] [ShareCodeRepository] Loaded 5 share codes from /tmp/junit-5245602064154567690/share_codes.json
2026-04-26 18:41:22 [INFO ] [OrganisationRepository] Loaded 4 organisations from /tmp/junit-5245602064154567690/organisations.json
2026-04-26 18:41:22 [INFO ] [ShareCodeRepository] Persisted new share code for person P001
2026-04-26 18:41:22 [INFO ] [ShareCodeService] Generated share code for person=P001**** purpose=EMPLOYMENT
2026-04-26 18:41:22 [INFO ] [PersonRepository] Loaded 3 persons from /tmp/junit-15057178434774032448/persons.json
2026-04-26 18:41:22 [INFO ] [VisaRepository] Loaded 3 visas from /tmp/junit-15057178434774032448/visas.json
2026-04-26 18:41:22 [INFO ] [ShareCodeRepository] Loaded 5 share codes from /tmp/junit-15057178434774032448/share_codes.json
2026-04-26 18:41:22 [INFO ] [OrganisationRepository] Loaded 4 organisations from /tmp/junit-15057178434774032448/organisations.json
2026-04-26 18:41:22 [INFO ] [PersonRepository] Loaded 3 persons from /tmp/junit-15057178434774032448/persons.json
2026-04-26 18:41:22 [INFO ] [VisaRepository] Loaded 3 visas from /tmp/junit-15057178434774032448/visas.json
2026-04-26 18:41:22 [INFO ] [ShareCodeRepository] Loaded 5 share codes from /tmp/junit-15057178434774032448/share_codes.json
2026-04-26 18:41:22 [INFO ] [OrganisationRepository] Loaded 4 organisations from /tmp/junit-15057178434774032448/organisations.json
2026-04-26 18:41:22 [INFO ] [PersonRepository] Loaded 3 persons from /tmp/junit-15584014451829773210/persons.json
2026-04-26 18:41:22 [INFO ] [VisaRepository] Loaded 3 visas from /tmp/junit-15584014451829773210/visas.json
2026-04-26 18:41:22 [INFO ] [ShareCodeRepository] Loaded 5 share codes from /tmp/junit-15584014451829773210/share_codes.json
2026-04-26 18:41:22 [INFO ] [OrganisationRepository] Loaded 4 organisations from /tmp/junit-15584014451829773210/organisations.json
2026-04-26 18:41:22 [INFO ] [PersonRepository] Loaded 3 persons from /tmp/junit-15584014451829773210/persons.json
2026-04-26 18:41:22 [INFO ] [VisaRepository] Loaded 3 visas from /tmp/junit-15584014451829773210/visas.json
2026-04-26 18:41:22 [INFO ] [ShareCodeRepository] Loaded 5 share codes from /tmp/junit-15584014451829773210/share_codes.json
2026-04-26 18:41:22 [INFO ] [OrganisationRepository] Loaded 4 organisations from /tmp/junit-15584014451829773210/organisations.json
2026-04-26 18:41:22 [INFO ] [PersonRepository] Loaded 3 persons from /tmp/junit-9289007551416988190/persons.json
2026-04-26 18:41:22 [INFO ] [VisaRepository] Loaded 3 visas from /tmp/junit-9289007551416988190/visas.json
2026-04-26 18:41:22 [INFO ] [ShareCodeRepository] Loaded 5 share codes from /tmp/junit-9289007551416988190/share_codes.json
2026-04-26 18:41:22 [INFO ] [OrganisationRepository] Loaded 4 organisations from /tmp/junit-9289007551416988190/organisations.json
2026-04-26 18:41:22 [INFO ] [PersonRepository] Loaded 3 persons from /tmp/junit-9289007551416988190/persons.json
2026-04-26 18:41:22 [INFO ] [VisaRepository] Loaded 3 visas from /tmp/junit-9289007551416988190/visas.json
2026-04-26 18:41:22 [INFO ] [ShareCodeRepository] Loaded 5 share codes from /tmp/junit-9289007551416988190/share_codes.json
2026-04-26 18:41:22 [INFO ] [OrganisationRepository] Loaded 4 organisations from /tmp/junit-9289007551416988190/organisations.json
2026-04-26 18:41:22 [INFO ] [PersonRepository] Loaded 3 persons from /tmp/junit-10490033030431488487/persons.json
2026-04-26 18:41:22 [INFO ] [VisaRepository] Loaded 3 visas from /tmp/junit-10490033030431488487/visas.json
2026-04-26 18:41:22 [INFO ] [ShareCodeRepository] Loaded 5 share codes from /tmp/junit-10490033030431488487/share_codes.json
2026-04-26 18:41:22 [INFO ] [OrganisationRepository] Loaded 4 organisations from /tmp/junit-10490033030431488487/organisations.json
2026-04-26 18:41:22 [INFO ] [PersonRepository] Loaded 3 persons from /tmp/junit-10490033030431488487/persons.json
2026-04-26 18:41:22 [INFO ] [VisaRepository] Loaded 3 visas from /tmp/junit-10490033030431488487/visas.json
2026-04-26 18:41:22 [INFO ] [ShareCodeRepository] Loaded 5 share codes from /tmp/junit-10490033030431488487/share_codes.json
2026-04-26 18:41:22 [INFO ] [OrganisationRepository] Loaded 4 organisations from /tmp/junit-10490033030431488487/organisations.json
2026-04-26 18:41:22 [WARN ] [VerificationService] Confirmation refused by org=ORG005
2026-04-26 18:41:22 [INFO ] [PersonRepository] Loaded 3 persons from /tmp/junit-7242485081226023440/persons.json
2026-04-26 18:41:22 [INFO ] [VisaRepository] Loaded 3 visas from /tmp/junit-7242485081226023440/visas.json
2026-04-26 18:41:22 [INFO ] [ShareCodeRepository] Loaded 5 share codes from /tmp/junit-7242485081226023440/share_codes.json
2026-04-26 18:41:22 [INFO ] [OrganisationRepository] Loaded 4 organisations from /tmp/junit-7242485081226023440/organisations.json
2026-04-26 18:41:22 [INFO ] [PersonRepository] Loaded 3 persons from /tmp/junit-7242485081226023440/persons.json
2026-04-26 18:41:22 [INFO ] [VisaRepository] Loaded 3 visas from /tmp/junit-7242485081226023440/visas.json
2026-04-26 18:41:22 [INFO ] [ShareCodeRepository] Loaded 5 share codes from /tmp/junit-7242485081226023440/share_codes.json
2026-04-26 18:41:22 [INFO ] [OrganisationRepository] Loaded 4 organisations from /tmp/junit-7242485081226023440/organisations.json
2026-04-26 18:41:22 [WARN ] [VerificationService] Confirmation refused by org=ORG001
2026-04-26 18:41:22 [INFO ] [PersonRepository] Loaded 3 persons from /tmp/junit-3695942109317295491/persons.json
2026-04-26 18:41:22 [INFO ] [VisaRepository] Loaded 3 visas from /tmp/junit-3695942109317295491/visas.json
2026-04-26 18:41:22 [INFO ] [ShareCodeRepository] Loaded 5 share codes from /tmp/junit-3695942109317295491/share_codes.json
2026-04-26 18:41:22 [INFO ] [OrganisationRepository] Loaded 4 organisations from /tmp/junit-3695942109317295491/organisations.json
2026-04-26 18:41:22 [INFO ] [PersonRepository] Loaded 3 persons from /tmp/junit-3695942109317295491/persons.json
2026-04-26 18:41:22 [INFO ] [VisaRepository] Loaded 3 visas from /tmp/junit-3695942109317295491/visas.json
2026-04-26 18:41:22 [INFO ] [ShareCodeRepository] Loaded 5 share codes from /tmp/junit-3695942109317295491/share_codes.json
2026-04-26 18:41:22 [INFO ] [OrganisationRepository] Loaded 4 organisations from /tmp/junit-3695942109317295491/organisations.json
2026-04-26 18:41:22 [INFO ] [ShareCodeRepository] Loaded 0 share codes from /tmp/junit-3330894565495530463/share_codes.json
2026-04-26 18:41:22 [INFO ] [ShareCodeRepository] Persisted new share code for person P003
2026-04-26 18:41:22 [INFO ] [ShareCodeService] Generated share code for person=P003**** purpose=ACCOMMODATION
2026-04-26 18:41:22 [INFO ] [ShareCodeRepository] Loaded 0 share codes from /tmp/junit-2688132284085953680/share_codes.json
2026-04-26 18:41:22 [INFO ] [ShareCodeRepository] Persisted new share code for person P001
2026-04-26 18:41:22 [INFO ] [ShareCodeService] Generated share code for person=P001**** purpose=EMPLOYMENT
2026-04-26 18:41:22 [INFO ] [ShareCodeRepository] Loaded 0 share codes from /tmp/junit-18239711691869109367/share_codes.json
2026-04-26 18:41:22 [INFO ] [ShareCodeRepository] Persisted new share code for person P002
2026-04-26 18:41:22 [INFO ] [ShareCodeService] Generated share code for person=P002**** purpose=EDUCATION
2026-04-26 18:41:22 [INFO ] [ShareCodeRepository] Loaded 0 share codes from /tmp/junit-13557517233764920824/share_codes.json
2026-04-26 18:41:22 [INFO ] [ShareCodeRepository] Persisted new share code for person P001
2026-04-26 18:41:22 [INFO ] [ShareCodeService] Generated share code for person=P001**** purpose=EMPLOYMENT
2026-04-26 18:41:22 [INFO ] [ShareCodeRepository] Loaded 0 share codes from /tmp/junit-15053087730683325867/share_codes.json
2026-04-26 18:41:22 [INFO ] [ShareCodeRepository] Persisted new share code for person P001
2026-04-26 18:41:22 [INFO ] [ShareCodeService] Generated share code for person=P001**** purpose=EMPLOYMENT
2026-04-26 18:41:22 [INFO ] [ShareCodeRepository] Loaded 0 share codes from /tmp/junit-8441669951211586471/share_codes.json
2026-04-26 18:41:22 [INFO ] [ShareCodeRepository] Persisted new share code for person P001
2026-04-26 18:41:22 [INFO ] [ShareCodeService] Generated share code for person=P001**** purpose=EMPLOYMENT
2026-04-26 18:41:22 [INFO ] [ShareCodeRepository] Persisted new share code for person P001
2026-04-26 18:41:22 [INFO ] [ShareCodeService] Generated share code for person=P001**** purpose=EMPLOYMENT
2026-04-26 18:41:22 [INFO ] [PersonRepository] Loaded 3 persons from /tmp/junit-18104605976109207359/persons.json
2026-04-26 18:41:22 [INFO ] [VisaRepository] Loaded 3 visas from /tmp/junit-18104605976109207359/visas.json
2026-04-26 18:41:22 [INFO ] [ShareCodeRepository] Loaded 5 share codes from /tmp/junit-18104605976109207359/share_codes.json
2026-04-26 18:41:22 [INFO ] [OrganisationRepository] Loaded 4 organisations from /tmp/junit-18104605976109207359/organisations.json
2026-04-26 18:41:22 [INFO ] [VerificationService] Share code verification requested by org=ORG001
2026-04-26 18:41:22 [WARN ] [VerificationService] Rejected SHARE_CODE_VERIFICATION reason=Share code has expired org=ORG001
2026-04-26 18:41:22 [INFO ] [PersonRepository] Loaded 3 persons from /tmp/junit-14729875172279665663/persons.json
2026-04-26 18:41:22 [INFO ] [VisaRepository] Loaded 3 visas from /tmp/junit-14729875172279665663/visas.json
2026-04-26 18:41:22 [INFO ] [ShareCodeRepository] Loaded 5 share codes from /tmp/junit-14729875172279665663/share_codes.json
2026-04-26 18:41:22 [INFO ] [OrganisationRepository] Loaded 4 organisations from /tmp/junit-14729875172279665663/organisations.json
2026-04-26 18:41:22 [INFO ] [VerificationService] Share code verification requested by org=ORG003
2026-04-26 18:41:22 [INFO ] [ShareCodeRepository] Updated share code DEF456YZ2, used=true
2026-04-26 18:41:22 [INFO ] [VerificationService] Share code verification outcome=Right to rent: true org=ORG003
2026-04-26 18:41:22 [INFO ] [PersonRepository] Loaded 3 persons from /tmp/junit-17729903190783674842/persons.json
2026-04-26 18:41:22 [INFO ] [VisaRepository] Loaded 3 visas from /tmp/junit-17729903190783674842/visas.json
2026-04-26 18:41:22 [INFO ] [ShareCodeRepository] Loaded 5 share codes from /tmp/junit-17729903190783674842/share_codes.json
2026-04-26 18:41:22 [INFO ] [OrganisationRepository] Loaded 4 organisations from /tmp/junit-17729903190783674842/organisations.json
2026-04-26 18:41:22 [INFO ] [VerificationService] Document verification requested by org=ORG005 docType=PASSPORT
2026-04-26 18:41:22 [INFO ] [VerificationService] Document verification outcome=Entry permitted: true, conditions: [] org=ORG005
2026-04-26 18:41:22 [INFO ] [PersonRepository] Loaded 3 persons from /tmp/junit-3115777969980564464/persons.json
2026-04-26 18:41:22 [INFO ] [VisaRepository] Loaded 3 visas from /tmp/junit-3115777969980564464/visas.json
2026-04-26 18:41:22 [INFO ] [ShareCodeRepository] Loaded 5 share codes from /tmp/junit-3115777969980564464/share_codes.json
2026-04-26 18:41:22 [INFO ] [OrganisationRepository] Loaded 4 organisations from /tmp/junit-3115777969980564464/organisations.json
2026-04-26 18:41:22 [INFO ] [VerificationService] Share code verification requested by org=ORG001
2026-04-26 18:41:22 [WARN ] [VerificationService] Rejected SHARE_CODE_VERIFICATION reason=Purpose 'ACCOMMODATION' is not permitted for role 'EMPLOYER' org=ORG001
2026-04-26 18:41:22 [INFO ] [PersonRepository] Loaded 3 persons from /tmp/junit-8311522556260770332/persons.json
2026-04-26 18:41:22 [INFO ] [VisaRepository] Loaded 3 visas from /tmp/junit-8311522556260770332/visas.json
2026-04-26 18:41:22 [INFO ] [ShareCodeRepository] Loaded 5 share codes from /tmp/junit-8311522556260770332/share_codes.json
2026-04-26 18:41:22 [INFO ] [OrganisationRepository] Loaded 4 organisations from /tmp/junit-8311522556260770332/organisations.json
2026-04-26 18:41:22 [INFO ] [VerificationService] Share code verification requested by org=ORG001
2026-04-26 18:41:22 [WARN ] [VerificationService] Rejected SHARE_CODE_VERIFICATION reason=Date of birth does not match org=ORG001
2026-04-26 18:41:22 [INFO ] [PersonRepository] Loaded 3 persons from /tmp/junit-3447102521770021831/persons.json
2026-04-26 18:41:22 [INFO ] [VisaRepository] Loaded 3 visas from /tmp/junit-3447102521770021831/visas.json
2026-04-26 18:41:22 [INFO ] [ShareCodeRepository] Loaded 5 share codes from /tmp/junit-3447102521770021831/share_codes.json
2026-04-26 18:41:22 [INFO ] [OrganisationRepository] Loaded 4 organisations from /tmp/junit-3447102521770021831/organisations.json
2026-04-26 18:41:22 [INFO ] [VerificationService] Share code verification requested by org=ORG001
2026-04-26 18:41:22 [INFO ] [ShareCodeRepository] Updated share code ABC123XY1, used=true
2026-04-26 18:41:22 [INFO ] [VerificationService] Share code verification outcome=Right to work: true, expires: 2027-06-30 org=ORG001
2026-04-26 18:41:22 [INFO ] [VerificationService] Share code verification requested by org=ORG001
2026-04-26 18:41:22 [WARN ] [VerificationService] Rejected SHARE_CODE_VERIFICATION reason=Share code has already been used org=ORG001
2026-04-26 18:41:22 [INFO ] [PersonRepository] Loaded 3 persons from /tmp/junit-2537948015537866557/persons.json
2026-04-26 18:41:22 [INFO ] [VisaRepository] Loaded 3 visas from /tmp/junit-2537948015537866557/visas.json
2026-04-26 18:41:22 [INFO ] [ShareCodeRepository] Loaded 5 share codes from /tmp/junit-2537948015537866557/share_codes.json
2026-04-26 18:41:22 [INFO ] [OrganisationRepository] Loaded 4 organisations from /tmp/junit-2537948015537866557/organisations.json
2026-04-26 18:41:22 [INFO ] [VerificationService] Share code verification requested by org=ORG001
2026-04-26 18:41:22 [INFO ] [ShareCodeRepository] Updated share code QRS678FG6, used=true
2026-04-26 18:41:22 [INFO ] [VerificationService] Share code verification outcome=Right to work: false, expires: 2026-10-25 org=ORG001
2026-04-26 18:41:22 [INFO ] [PersonRepository] Loaded 3 persons from /tmp/junit-654294054295954978/persons.json
2026-04-26 18:41:22 [INFO ] [VisaRepository] Loaded 3 visas from /tmp/junit-654294054295954978/visas.json
2026-04-26 18:41:22 [INFO ] [ShareCodeRepository] Loaded 5 share codes from /tmp/junit-654294054295954978/share_codes.json
2026-04-26 18:41:22 [INFO ] [OrganisationRepository] Loaded 4 organisations from /tmp/junit-654294054295954978/organisations.json
2026-04-26 18:41:22 [INFO ] [VerificationService] Share code verification requested by org=ORG003
2026-04-26 18:41:22 [WARN ] [VerificationService] Rejected SHARE_CODE_VERIFICATION reason=Share code has already been used org=ORG003
2026-04-26 18:41:22 [INFO ] [PersonRepository] Loaded 3 persons from /tmp/junit-14540882263998584802/persons.json
2026-04-26 18:41:22 [INFO ] [VisaRepository] Loaded 3 visas from /tmp/junit-14540882263998584802/visas.json
2026-04-26 18:41:22 [INFO ] [ShareCodeRepository] Loaded 5 share codes from /tmp/junit-14540882263998584802/share_codes.json
2026-04-26 18:41:22 [INFO ] [OrganisationRepository] Loaded 4 organisations from /tmp/junit-14540882263998584802/organisations.json
2026-04-26 18:41:22 [INFO ] [VerificationService] Document verification requested by org=ORG006 docType=PASSPORT
2026-04-26 18:41:22 [INFO ] [VerificationService] Document verification outcome=Visa type: WORK, valid: true, expires: 2027-06-30 org=ORG006
2026-04-26 18:41:22 [INFO ] [PersonRepository] Loaded 3 persons from /tmp/junit-18316558615509009608/persons.json
2026-04-26 18:41:22 [INFO ] [VisaRepository] Loaded 3 visas from /tmp/junit-18316558615509009608/visas.json
2026-04-26 18:41:22 [INFO ] [ShareCodeRepository] Loaded 5 share codes from /tmp/junit-18316558615509009608/share_codes.json
2026-04-26 18:41:22 [INFO ] [OrganisationRepository] Loaded 4 organisations from /tmp/junit-18316558615509009608/organisations.json
2026-04-26 18:41:22 [INFO ] [VerificationService] Share code verification requested by org=ORG001
2026-04-26 18:41:22 [INFO ] [ShareCodeRepository] Updated share code ABC123XY1, used=true
2026-04-26 18:41:22 [INFO ] [VerificationService] Share code verification outcome=Right to work: true, expires: 2027-06-30 org=ORG001
2026-04-26 18:41:22 [INFO ] [PersonRepository] Loaded 3 persons from /tmp/junit-15906763133611334367/persons.json
2026-04-26 18:41:22 [INFO ] [VisaRepository] Loaded 3 visas from /tmp/junit-15906763133611334367/visas.json
2026-04-26 18:41:22 [INFO ] [ShareCodeRepository] Loaded 5 share codes from /tmp/junit-15906763133611334367/share_codes.json
2026-04-26 18:41:22 [INFO ] [OrganisationRepository] Loaded 4 organisations from /tmp/junit-15906763133611334367/organisations.json
2026-04-26 18:41:22 [INFO ] [VerificationService] Share code verification requested by org=ORG001
2026-04-26 18:41:22 [WARN ] [VerificationService] Rejected SHARE_CODE_VERIFICATION reason=Share code must be 9 uppercase alphanumeric characters org=ORG001
2026-04-26 18:41:22 [INFO ] [PersonRepository] Loaded 3 persons from /tmp/junit-15396340698649250543/persons.json
2026-04-26 18:41:22 [INFO ] [VisaRepository] Loaded 3 visas from /tmp/junit-15396340698649250543/visas.json
2026-04-26 18:41:22 [INFO ] [ShareCodeRepository] Loaded 5 share codes from /tmp/junit-15396340698649250543/share_codes.json
2026-04-26 18:41:22 [INFO ] [OrganisationRepository] Loaded 4 organisations from /tmp/junit-15396340698649250543/organisations.json
2026-04-26 18:41:22 [INFO ] [VerificationService] Document verification requested by org=ORG005 docType=PASSPORT
2026-04-26 18:41:22 [WARN ] [VerificationService] Rejected DOCUMENT_VERIFICATION reason=Person not found for document org=ORG005
2026-04-26 18:41:22 [INFO ] [PersonRepository] Loaded 3 persons from /tmp/junit-16203887947390162077/persons.json
2026-04-26 18:41:22 [INFO ] [VisaRepository] Loaded 3 visas from /tmp/junit-16203887947390162077/visas.json
2026-04-26 18:41:22 [INFO ] [ShareCodeRepository] Loaded 5 share codes from /tmp/junit-16203887947390162077/share_codes.json
2026-04-26 18:41:22 [INFO ] [OrganisationRepository] Loaded 4 organisations from /tmp/junit-16203887947390162077/organisations.json
2026-04-26 18:41:22 [INFO ] [VerificationService] Document verification requested by org=ORG005 docType=PASSPORT
2026-04-26 18:41:22 [WARN ] [VerificationService] Rejected DOCUMENT_VERIFICATION reason=Passport number must be 9 uppercase alphanumeric characters org=ORG005
2026-04-26 18:41:22 [INFO ] [PersonRepository] Loaded 3 persons from /tmp/junit-15306768783104565098/persons.json
2026-04-26 18:41:22 [INFO ] [VisaRepository] Loaded 3 visas from /tmp/junit-15306768783104565098/visas.json
2026-04-26 18:41:22 [INFO ] [ShareCodeRepository] Loaded 5 share codes from /tmp/junit-15306768783104565098/share_codes.json
2026-04-26 18:41:22 [INFO ] [OrganisationRepository] Loaded 4 organisations from /tmp/junit-15306768783104565098/organisations.json
2026-04-26 18:41:22 [INFO ] [VerificationService] Document verification requested by org=ORG001 docType=PASSPORT
2026-04-26 18:41:22 [WARN ] [VerificationService] Rejected DOCUMENT_VERIFICATION reason=Organisation role 'EMPLOYER' is not authorised for the document route org=ORG001
2026-04-26 18:41:22 [INFO ] [PersonRepository] Loaded 3 persons from /tmp/junit-11902771407897559358/persons.json
2026-04-26 18:41:22 [INFO ] [VisaRepository] Loaded 3 visas from /tmp/junit-11902771407897559358/visas.json
2026-04-26 18:41:22 [INFO ] [ShareCodeRepository] Loaded 5 share codes from /tmp/junit-11902771407897559358/share_codes.json
2026-04-26 18:41:22 [INFO ] [OrganisationRepository] Loaded 4 organisations from /tmp/junit-11902771407897559358/organisations.json
2026-04-26 18:41:22 [INFO ] [VerificationService] Share code verification requested by org=ORG999
2026-04-26 18:41:22 [WARN ] [VerificationService] Rejected SHARE_CODE_VERIFICATION reason=Organisation not recognised org=ORG999
2026-04-26 18:41:22 [INFO ] [PersonRepository] Loaded 3 persons from /tmp/junit-15571924035098109477/persons.json
2026-04-26 18:41:22 [INFO ] [VisaRepository] Loaded 3 visas from /tmp/junit-15571924035098109477/visas.json
2026-04-26 18:41:22 [INFO ] [ShareCodeRepository] Loaded 5 share codes from /tmp/junit-15571924035098109477/share_codes.json
2026-04-26 18:41:22 [INFO ] [OrganisationRepository] Loaded 4 organisations from /tmp/junit-15571924035098109477/organisations.json
2026-04-26 18:41:22 [INFO ] [VerificationService] Share code verification requested by org=ORG005
2026-04-26 18:41:22 [WARN ] [VerificationService] Rejected SHARE_CODE_VERIFICATION reason=Organisation role 'BORDER_CONTROL' is not authorised for the share code route org=ORG005
2026-04-26 18:43:19 [INFO ] [PersonRepository] Loaded 3 persons from /tmp/junit-14489292601625168317/persons.json
2026-04-26 18:43:19 [INFO ] [VisaRepository] Loaded 3 visas from /tmp/junit-14489292601625168317/visas.json
2026-04-26 18:43:19 [INFO ] [ShareCodeRepository] Loaded 5 share codes from /tmp/junit-14489292601625168317/share_codes.json
2026-04-26 18:43:19 [INFO ] [OrganisationRepository] Loaded 4 organisations from /tmp/junit-14489292601625168317/organisations.json
2026-04-26 18:43:19 [INFO ] [ShareCodeRepository] Persisted new share code for person P001
2026-04-26 18:43:19 [INFO ] [ShareCodeService] Generated share code for person=P001**** purpose=EMPLOYMENT
2026-04-26 18:43:19 [INFO ] [VerificationService] Share code verification requested by org=ORG001
2026-04-26 18:43:19 [INFO ] [ShareCodeRepository] Updated share code FKJH2WLTS, used=true
2026-04-26 18:43:19 [INFO ] [VerificationService] Share code verification outcome=Right to work: true, expires: 2027-06-30 org=ORG001
2026-04-26 18:43:19 [INFO ] [PersonRepository] Loaded 3 persons from /tmp/junit-4500762825554962944/persons.json
2026-04-26 18:43:19 [INFO ] [VisaRepository] Loaded 3 visas from /tmp/junit-4500762825554962944/visas.json
2026-04-26 18:43:19 [INFO ] [ShareCodeRepository] Loaded 5 share codes from /tmp/junit-4500762825554962944/share_codes.json
2026-04-26 18:43:19 [INFO ] [OrganisationRepository] Loaded 4 organisations from /tmp/junit-4500762825554962944/organisations.json
2026-04-26 18:43:19 [INFO ] [VerificationService] Share code verification requested by org=ORG001
2026-04-26 18:43:19 [INFO ] [ShareCodeRepository] Updated share code ABC123XY1, used=true
2026-04-26 18:43:19 [INFO ] [VerificationService] Share code verification outcome=Right to work: true, expires: 2027-06-30 org=ORG001
2026-04-26 18:43:19 [INFO ] [PersonRepository] Loaded 3 persons from /tmp/junit-6794040764243772692/persons.json
2026-04-26 18:43:19 [INFO ] [VisaRepository] Loaded 3 visas from /tmp/junit-6794040764243772692/visas.json
2026-04-26 18:43:19 [INFO ] [ShareCodeRepository] Loaded 5 share codes from /tmp/junit-6794040764243772692/share_codes.json
2026-04-26 18:43:19 [INFO ] [OrganisationRepository] Loaded 4 organisations from /tmp/junit-6794040764243772692/organisations.json
2026-04-26 18:43:19 [INFO ] [ShareCodeRepository] Persisted new share code for person P001
2026-04-26 18:43:19 [INFO ] [ShareCodeService] Generated share code for person=P001**** purpose=EMPLOYMENT
2026-04-26 18:43:19 [INFO ] [VerificationService] Share code verification requested by org=ORG001
2026-04-26 18:43:19 [INFO ] [ShareCodeRepository] Updated share code XG9NZYZRP, used=true
2026-04-26 18:43:19 [INFO ] [VerificationService] Share code verification outcome=Right to work: true, expires: 2027-06-30 org=ORG001
2026-04-26 18:43:19 [INFO ] [PersonRepository] Loaded 3 persons from /tmp/junit-14413709986035076012/persons.json
2026-04-26 18:43:19 [INFO ] [VisaRepository] Loaded 3 visas from /tmp/junit-14413709986035076012/visas.json
2026-04-26 18:43:19 [INFO ] [ShareCodeRepository] Loaded 5 share codes from /tmp/junit-14413709986035076012/share_codes.json
2026-04-26 18:43:19 [INFO ] [OrganisationRepository] Loaded 4 organisations from /tmp/junit-14413709986035076012/organisations.json
2026-04-26 18:43:19 [INFO ] [ShareCodeRepository] Persisted new share code for person P001
2026-04-26 18:43:19 [INFO ] [ShareCodeService] Generated share code for person=P001**** purpose=EMPLOYMENT
2026-04-26 18:43:19 [INFO ] [VerificationService] Share code verification requested by org=ORG001
2026-04-26 18:43:19 [INFO ] [ShareCodeRepository] Updated share code Y3GKXYXHK, used=true
2026-04-26 18:43:19 [INFO ] [VerificationService] Share code verification outcome=Right to work: true, expires: 2027-06-30 org=ORG001
2026-04-26 18:43:19 [INFO ] [VerificationService] Share code verification requested by org=ORG001
2026-04-26 18:43:19 [WARN ] [VerificationService] Rejected SHARE_CODE_VERIFICATION reason=Share code has already been used org=ORG001
2026-04-26 18:43:19 [INFO ] [PersonRepository] Loaded 3 persons from /tmp/junit-5185308990622764775/persons.json
2026-04-26 18:43:19 [INFO ] [VisaRepository] Loaded 3 visas from /tmp/junit-5185308990622764775/visas.json
2026-04-26 18:43:19 [INFO ] [ShareCodeRepository] Loaded 5 share codes from /tmp/junit-5185308990622764775/share_codes.json
2026-04-26 18:43:19 [INFO ] [OrganisationRepository] Loaded 4 organisations from /tmp/junit-5185308990622764775/organisations.json
2026-04-26 18:43:19 [WARN ] [VerificationService] Confirmation refused by org=ORG005
2026-04-26 18:43:19 [INFO ] [PersonRepository] Loaded 3 persons from /tmp/junit-11653084155673350400/persons.json
2026-04-26 18:43:19 [INFO ] [VisaRepository] Loaded 3 visas from /tmp/junit-11653084155673350400/visas.json
2026-04-26 18:43:19 [INFO ] [ShareCodeRepository] Loaded 5 share codes from /tmp/junit-11653084155673350400/share_codes.json
2026-04-26 18:43:19 [INFO ] [OrganisationRepository] Loaded 4 organisations from /tmp/junit-11653084155673350400/organisations.json
2026-04-26 18:43:19 [INFO ] [VerificationService] Document verification requested by org=ORG001 docType=PASSPORT
2026-04-26 18:43:19 [WARN ] [VerificationService] Rejected DOCUMENT_VERIFICATION reason=Organisation role 'EMPLOYER' is not authorised for the document route org=ORG001
2026-04-26 18:43:19 [INFO ] [PersonRepository] Loaded 3 persons from /tmp/junit-17979070413653043361/persons.json
2026-04-26 18:43:19 [INFO ] [VisaRepository] Loaded 3 visas from /tmp/junit-17979070413653043361/visas.json
2026-04-26 18:43:19 [INFO ] [ShareCodeRepository] Loaded 5 share codes from /tmp/junit-17979070413653043361/share_codes.json
2026-04-26 18:43:19 [INFO ] [OrganisationRepository] Loaded 4 organisations from /tmp/junit-17979070413653043361/organisations.json
2026-04-26 18:43:19 [INFO ] [VerificationService] Document verification requested by org=ORG005 docType=PASSPORT
2026-04-26 18:43:19 [INFO ] [VerificationService] Document verification outcome=Entry permitted: true, conditions: [] org=ORG005
2026-04-26 18:43:19 [INFO ] [PersonRepository] Loaded 3 persons from /tmp/junit-1251505526412714584/persons.json
2026-04-26 18:43:19 [INFO ] [VisaRepository] Loaded 3 visas from /tmp/junit-1251505526412714584/visas.json
2026-04-26 18:43:19 [INFO ] [ShareCodeRepository] Loaded 5 share codes from /tmp/junit-1251505526412714584/share_codes.json
2026-04-26 18:43:19 [INFO ] [OrganisationRepository] Loaded 4 organisations from /tmp/junit-1251505526412714584/organisations.json
2026-04-26 18:43:19 [INFO ] [VerificationService] Document verification requested by org=ORG006 docType=PASSPORT
2026-04-26 18:43:19 [INFO ] [VerificationService] Document verification outcome=Visa type: WORK, valid: true, expires: 2027-06-30 org=ORG006
2026-04-26 18:43:19 [INFO ] [PersonRepository] Loaded 3 persons from /tmp/junit-11338505511828691096/persons.json
2026-04-26 18:43:19 [INFO ] [VisaRepository] Loaded 3 visas from /tmp/junit-11338505511828691096/visas.json
2026-04-26 18:43:19 [INFO ] [ShareCodeRepository] Loaded 5 share codes from /tmp/junit-11338505511828691096/share_codes.json
2026-04-26 18:43:19 [INFO ] [OrganisationRepository] Loaded 4 organisations from /tmp/junit-11338505511828691096/organisations.json
2026-04-26 18:43:19 [INFO ] [PersonRepository] Loaded 3 persons from /tmp/junit-10938758479936022482/persons.json
2026-04-26 18:43:19 [INFO ] [VisaRepository] Loaded 3 visas from /tmp/junit-10938758479936022482/visas.json
2026-04-26 18:43:19 [INFO ] [ShareCodeRepository] Loaded 5 share codes from /tmp/junit-10938758479936022482/share_codes.json
2026-04-26 18:43:19 [INFO ] [OrganisationRepository] Loaded 4 organisations from /tmp/junit-10938758479936022482/organisations.json
2026-04-26 18:43:19 [INFO ] [VerificationService] Document verification requested by org=ORG005 docType=PASSPORT
2026-04-26 18:43:19 [WARN ] [VerificationService] Rejected DOCUMENT_VERIFICATION reason=Person not found for document org=ORG005
2026-04-26 18:43:19 [INFO ] [PersonRepository] Loaded 3 persons from /tmp/junit-5279163786057784771/persons.json
2026-04-26 18:43:19 [INFO ] [VisaRepository] Loaded 3 visas from /tmp/junit-5279163786057784771/visas.json
2026-04-26 18:43:19 [INFO ] [ShareCodeRepository] Loaded 5 share codes from /tmp/junit-5279163786057784771/share_codes.json
2026-04-26 18:43:19 [INFO ] [OrganisationRepository] Loaded 4 organisations from /tmp/junit-5279163786057784771/organisations.json
2026-04-26 18:43:19 [INFO ] [VerificationService] Document verification requested by org=ORG006 docType=PASSPORT
2026-04-26 18:43:19 [INFO ] [VerificationService] Document verification outcome=Visa type: WORK, valid: true, expires: 2027-06-30 org=ORG006
2026-04-26 18:43:19 [INFO ] [PersonRepository] Loaded 3 persons from /tmp/junit-1589816859137936318/persons.json
2026-04-26 18:43:19 [INFO ] [VisaRepository] Loaded 3 visas from /tmp/junit-1589816859137936318/visas.json
2026-04-26 18:43:19 [INFO ] [ShareCodeRepository] Loaded 5 share codes from /tmp/junit-1589816859137936318/share_codes.json
2026-04-26 18:43:19 [INFO ] [OrganisationRepository] Loaded 4 organisations from /tmp/junit-1589816859137936318/organisations.json
2026-04-26 18:43:19 [INFO ] [VerificationService] Document verification requested by org=ORG005 docType=PASSPORT
2026-04-26 18:43:19 [INFO ] [VerificationService] Document verification outcome=Entry permitted: true, conditions: [] org=ORG005
2026-04-26 18:43:19 [INFO ] [PersonRepository] Loaded 3 persons from /tmp/junit-15387492096745703327/persons.json
2026-04-26 18:43:19 [INFO ] [VisaRepository] Loaded 3 visas from /tmp/junit-15387492096745703327/visas.json
2026-04-26 18:43:19 [INFO ] [ShareCodeRepository] Loaded 5 share codes from /tmp/junit-15387492096745703327/share_codes.json
2026-04-26 18:43:19 [INFO ] [OrganisationRepository] Loaded 4 organisations from /tmp/junit-15387492096745703327/organisations.json
2026-04-26 18:43:19 [INFO ] [VerificationService] Document verification requested by org=ORG005 docType=PASSPORT
2026-04-26 18:43:19 [INFO ] [VerificationService] Document verification outcome=Entry permitted: true, conditions: [] org=ORG005
2026-04-26 18:43:19 [INFO ] [PersonRepository] Loaded 3 persons from /tmp/junit-9842925927464882471/persons.json
2026-04-26 18:43:19 [INFO ] [VisaRepository] Loaded 3 visas from /tmp/junit-9842925927464882471/visas.json
2026-04-26 18:43:19 [INFO ] [ShareCodeRepository] Loaded 5 share codes from /tmp/junit-9842925927464882471/share_codes.json
2026-04-26 18:43:19 [INFO ] [OrganisationRepository] Loaded 4 organisations from /tmp/junit-9842925927464882471/organisations.json
2026-04-26 18:43:19 [WARN ] [VerificationService] Confirmation refused by org=ORG005
2026-04-26 18:43:19 [INFO ] [PersonRepository] Loaded 3 persons from /tmp/junit-16904005946961396420/persons.json
2026-04-26 18:43:19 [INFO ] [VisaRepository] Loaded 3 visas from /tmp/junit-16904005946961396420/visas.json
2026-04-26 18:43:19 [INFO ] [ShareCodeRepository] Loaded 5 share codes from /tmp/junit-16904005946961396420/share_codes.json
2026-04-26 18:43:19 [INFO ] [OrganisationRepository] Loaded 4 organisations from /tmp/junit-16904005946961396420/organisations.json
2026-04-26 18:43:19 [WARN ] [VerificationService] Confirmation refused by org=ORG001
2026-04-26 18:43:19 [INFO ] [PersonRepository] Loaded 3 persons from /tmp/junit-4095295892634260786/persons.json
2026-04-26 18:43:19 [INFO ] [VisaRepository] Loaded 3 visas from /tmp/junit-4095295892634260786/visas.json
2026-04-26 18:43:19 [INFO ] [ShareCodeRepository] Loaded 5 share codes from /tmp/junit-4095295892634260786/share_codes.json
2026-04-26 18:43:19 [INFO ] [OrganisationRepository] Loaded 4 organisations from /tmp/junit-4095295892634260786/organisations.json
2026-04-26 18:43:19 [INFO ] [VerificationService] Share code verification requested by org=ORG001
2026-04-26 18:43:19 [INFO ] [ShareCodeRepository] Updated share code ABC123XY1, used=true
2026-04-26 18:43:19 [INFO ] [VerificationService] Share code verification outcome=Right to work: true, expires: 2027-06-30 org=ORG001
2026-04-26 18:43:19 [INFO ] [PersonRepository] Loaded 3 persons from /tmp/junit-12094906023499203583/persons.json
2026-04-26 18:43:19 [INFO ] [VisaRepository] Loaded 3 visas from /tmp/junit-12094906023499203583/visas.json
2026-04-26 18:43:19 [INFO ] [ShareCodeRepository] Loaded 5 share codes from /tmp/junit-12094906023499203583/share_codes.json
2026-04-26 18:43:19 [INFO ] [OrganisationRepository] Loaded 4 organisations from /tmp/junit-12094906023499203583/organisations.json
2026-04-26 18:43:19 [INFO ] [VerificationService] Share code verification requested by org=ORG001
2026-04-26 18:43:19 [INFO ] [ShareCodeRepository] Updated share code ABC123XY1, used=true
2026-04-26 18:43:19 [INFO ] [VerificationService] Share code verification outcome=Right to work: true, expires: 2027-06-30 org=ORG001
2026-04-26 18:43:19 [INFO ] [PersonRepository] Loaded 3 persons from /tmp/junit-11468240524191600132/persons.json
2026-04-26 18:43:19 [INFO ] [VisaRepository] Loaded 3 visas from /tmp/junit-11468240524191600132/visas.json
2026-04-26 18:43:19 [INFO ] [ShareCodeRepository] Loaded 5 share codes from /tmp/junit-11468240524191600132/share_codes.json
2026-04-26 18:43:19 [INFO ] [OrganisationRepository] Loaded 4 organisations from /tmp/junit-11468240524191600132/organisations.json
2026-04-26 18:43:19 [INFO ] [VerificationService] Share code verification requested by org=ORG001
2026-04-26 18:43:19 [WARN ] [VerificationService] Rejected SHARE_CODE_VERIFICATION reason=Purpose 'ACCOMMODATION' is not permitted for role 'EMPLOYER' org=ORG001
2026-04-26 18:43:19 [INFO ] [PersonRepository] Loaded 3 persons from /tmp/junit-13970011676916988866/persons.json
2026-04-26 18:43:19 [INFO ] [VisaRepository] Loaded 3 visas from /tmp/junit-13970011676916988866/visas.json
2026-04-26 18:43:19 [INFO ] [ShareCodeRepository] Loaded 5 share codes from /tmp/junit-13970011676916988866/share_codes.json
2026-04-26 18:43:19 [INFO ] [OrganisationRepository] Loaded 4 organisations from /tmp/junit-13970011676916988866/organisations.json
2026-04-26 18:43:19 [WARN ] [VerificationService] Confirmation refused by org=ORG001
2026-04-26 18:43:19 [INFO ] [PersonRepository] Loaded 3 persons from /tmp/junit-9907310277338402987/persons.json
2026-04-26 18:43:19 [INFO ] [VisaRepository] Loaded 3 visas from /tmp/junit-9907310277338402987/visas.json
2026-04-26 18:43:19 [INFO ] [ShareCodeRepository] Loaded 5 share codes from /tmp/junit-9907310277338402987/share_codes.json
2026-04-26 18:43:19 [INFO ] [OrganisationRepository] Loaded 4 organisations from /tmp/junit-9907310277338402987/organisations.json
2026-04-26 18:43:19 [INFO ] [VerificationService] Share code verification requested by org=ORG001
2026-04-26 18:43:19 [INFO ] [ShareCodeRepository] Updated share code ABC123XY1, used=true
2026-04-26 18:43:19 [INFO ] [VerificationService] Share code verification outcome=Right to work: true, expires: 2027-06-30 org=ORG001
2026-04-26 18:43:19 [INFO ] [PersonRepository] Loaded 3 persons from /tmp/junit-18058924433676900158/persons.json
2026-04-26 18:43:19 [INFO ] [VisaRepository] Loaded 3 visas from /tmp/junit-18058924433676900158/visas.json
2026-04-26 18:43:19 [INFO ] [ShareCodeRepository] Loaded 5 share codes from /tmp/junit-18058924433676900158/share_codes.json
2026-04-26 18:43:19 [INFO ] [OrganisationRepository] Loaded 4 organisations from /tmp/junit-18058924433676900158/organisations.json
2026-04-26 18:43:19 [INFO ] [VerificationService] Share code verification requested by org=ORG001
2026-04-26 18:43:19 [WARN ] [VerificationService] Rejected SHARE_CODE_VERIFICATION reason=Date of birth does not match org=ORG001
2026-04-26 18:43:19 [INFO ] [PersonRepository] Loaded 3 persons from /tmp/junit-8716461678633810069/persons.json
2026-04-26 18:43:19 [INFO ] [VisaRepository] Loaded 3 visas from /tmp/junit-8716461678633810069/visas.json
2026-04-26 18:43:19 [INFO ] [ShareCodeRepository] Loaded 5 share codes from /tmp/junit-8716461678633810069/share_codes.json
2026-04-26 18:43:19 [INFO ] [OrganisationRepository] Loaded 4 organisations from /tmp/junit-8716461678633810069/organisations.json
2026-04-26 18:43:19 [INFO ] [VerificationService] Share code verification requested by org=ORG003
2026-04-26 18:43:19 [WARN ] [VerificationService] Rejected SHARE_CODE_VERIFICATION reason=Share code has already been used org=ORG003
2026-04-26 18:43:19 [INFO ] [PersonRepository] Loaded 3 persons from /tmp/junit-13066501696834013004/persons.json
2026-04-26 18:43:19 [INFO ] [VisaRepository] Loaded 3 visas from /tmp/junit-13066501696834013004/visas.json
2026-04-26 18:43:19 [INFO ] [ShareCodeRepository] Loaded 5 share codes from /tmp/junit-13066501696834013004/share_codes.json
2026-04-26 18:43:19 [INFO ] [OrganisationRepository] Loaded 4 organisations from /tmp/junit-13066501696834013004/organisations.json
2026-04-26 18:43:19 [INFO ] [VerificationService] Share code verification requested by org=ORG003
2026-04-26 18:43:19 [INFO ] [ShareCodeRepository] Updated share code DEF456YZ2, used=true
2026-04-26 18:43:19 [INFO ] [VerificationService] Share code verification outcome=Right to rent: true org=ORG003
2026-04-26 18:43:19 [INFO ] [PersonRepository] Loaded 3 persons from /tmp/junit-2379380451328718630/persons.json
2026-04-26 18:43:19 [INFO ] [VisaRepository] Loaded 3 visas from /tmp/junit-2379380451328718630/visas.json
2026-04-26 18:43:19 [INFO ] [ShareCodeRepository] Loaded 5 share codes from /tmp/junit-2379380451328718630/share_codes.json
2026-04-26 18:43:19 [INFO ] [OrganisationRepository] Loaded 4 organisations from /tmp/junit-2379380451328718630/organisations.json
2026-04-26 18:43:19 [INFO ] [VerificationService] Share code verification requested by org=ORG001
2026-04-26 18:43:19 [INFO ] [ShareCodeRepository] Updated share code ABC123XY1, used=true
2026-04-26 18:43:19 [INFO ] [VerificationService] Share code verification outcome=Right to work: true, expires: 2027-06-30 org=ORG001
2026-04-26 18:43:19 [INFO ] [PersonRepository] Loaded 3 persons from /tmp/junit-14696717100782700248/persons.json
2026-04-26 18:43:19 [INFO ] [VisaRepository] Loaded 3 visas from /tmp/junit-14696717100782700248/visas.json
2026-04-26 18:43:19 [INFO ] [ShareCodeRepository] Loaded 5 share codes from /tmp/junit-14696717100782700248/share_codes.json
2026-04-26 18:43:19 [INFO ] [OrganisationRepository] Loaded 4 organisations from /tmp/junit-14696717100782700248/organisations.json
2026-04-26 18:43:19 [WARN ] [VerificationService] Confirmation refused by org=ORG001
2026-04-26 18:43:19 [INFO ] [PersonRepository] Loaded 3 persons from /tmp/junit-6976669427450991800/persons.json
2026-04-26 18:43:19 [INFO ] [VisaRepository] Loaded 3 visas from /tmp/junit-6976669427450991800/visas.json
2026-04-26 18:43:19 [INFO ] [ShareCodeRepository] Loaded 5 share codes from /tmp/junit-6976669427450991800/share_codes.json
2026-04-26 18:43:19 [INFO ] [OrganisationRepository] Loaded 4 organisations from /tmp/junit-6976669427450991800/organisations.json
2026-04-26 18:43:19 [INFO ] [VerificationService] Share code verification requested by org=ORG001
2026-04-26 18:43:19 [INFO ] [ShareCodeRepository] Updated share code QRS678FG6, used=true
2026-04-26 18:43:19 [INFO ] [VerificationService] Share code verification outcome=Right to work: false, expires: 2026-10-25 org=ORG001
2026-04-26 18:43:19 [INFO ] [PersonRepository] Loaded 3 persons from /tmp/junit-8652946190490026537/persons.json
2026-04-26 18:43:19 [INFO ] [VisaRepository] Loaded 3 visas from /tmp/junit-8652946190490026537/visas.json
2026-04-26 18:43:19 [INFO ] [ShareCodeRepository] Loaded 5 share codes from /tmp/junit-8652946190490026537/share_codes.json
2026-04-26 18:43:19 [INFO ] [OrganisationRepository] Loaded 4 organisations from /tmp/junit-8652946190490026537/organisations.json
2026-04-26 18:43:19 [INFO ] [VerificationService] Share code verification requested by org=ORG001
2026-04-26 18:43:19 [WARN ] [VerificationService] Rejected SHARE_CODE_VERIFICATION reason=Share code has expired org=ORG001
2026-04-26 18:43:19 [INFO ] [PersonRepository] Loaded 3 persons from /tmp/junit-6539946334014877112/persons.json
2026-04-26 18:43:19 [INFO ] [VisaRepository] Loaded 3 visas from /tmp/junit-6539946334014877112/visas.json
2026-04-26 18:43:19 [INFO ] [ShareCodeRepository] Loaded 5 share codes from /tmp/junit-6539946334014877112/share_codes.json
2026-04-26 18:43:19 [INFO ] [OrganisationRepository] Loaded 4 organisations from /tmp/junit-6539946334014877112/organisations.json
2026-04-26 18:43:19 [WARN ] [VerificationService] Confirmation refused by org=ORG001
2026-04-26 18:43:19 [INFO ] [PersonRepository] Loaded 3 persons from /tmp/junit-15666520691711216757/persons.json
2026-04-26 18:43:19 [INFO ] [VisaRepository] Loaded 3 visas from /tmp/junit-15666520691711216757/visas.json
2026-04-26 18:43:19 [INFO ] [ShareCodeRepository] Loaded 5 share codes from /tmp/junit-15666520691711216757/share_codes.json
2026-04-26 18:43:19 [INFO ] [OrganisationRepository] Loaded 4 organisations from /tmp/junit-15666520691711216757/organisations.json
2026-04-26 18:43:19 [INFO ] [ShareCodeRepository] Persisted new share code for person P001
2026-04-26 18:43:19 [INFO ] [ShareCodeService] Generated share code for person=P001**** purpose=EMPLOYMENT
2026-04-26 18:43:19 [INFO ] [PersonRepository] Loaded 3 persons from /tmp/junit-4010249047752428306/persons.json
2026-04-26 18:43:19 [INFO ] [VisaRepository] Loaded 3 visas from /tmp/junit-4010249047752428306/visas.json
2026-04-26 18:43:19 [INFO ] [ShareCodeRepository] Loaded 5 share codes from /tmp/junit-4010249047752428306/share_codes.json
2026-04-26 18:43:19 [INFO ] [OrganisationRepository] Loaded 4 organisations from /tmp/junit-4010249047752428306/organisations.json
2026-04-26 18:43:19 [INFO ] [ShareCodeRepository] Persisted new share code for person P001
2026-04-26 18:43:19 [INFO ] [ShareCodeService] Generated share code for person=P001**** purpose=EMPLOYMENT
2026-04-26 18:43:19 [INFO ] [PersonRepository] Loaded 3 persons from /tmp/junit-9357459480972160186/persons.json
2026-04-26 18:43:19 [INFO ] [VisaRepository] Loaded 3 visas from /tmp/junit-9357459480972160186/visas.json
2026-04-26 18:43:19 [INFO ] [ShareCodeRepository] Loaded 5 share codes from /tmp/junit-9357459480972160186/share_codes.json
2026-04-26 18:43:19 [INFO ] [OrganisationRepository] Loaded 4 organisations from /tmp/junit-9357459480972160186/organisations.json
2026-04-26 18:43:19 [INFO ] [ShareCodeRepository] Persisted new share code for person P001
2026-04-26 18:43:19 [INFO ] [ShareCodeService] Generated share code for person=P001**** purpose=EMPLOYMENT
2026-04-26 18:43:19 [INFO ] [PersonRepository] Loaded 3 persons from /tmp/junit-4464750887416597681/persons.json
2026-04-26 18:43:19 [INFO ] [VisaRepository] Loaded 3 visas from /tmp/junit-4464750887416597681/visas.json
2026-04-26 18:43:19 [INFO ] [ShareCodeRepository] Loaded 5 share codes from /tmp/junit-4464750887416597681/share_codes.json
2026-04-26 18:43:19 [INFO ] [OrganisationRepository] Loaded 4 organisations from /tmp/junit-4464750887416597681/organisations.json
2026-04-26 18:43:19 [INFO ] [ShareCodeRepository] Persisted new share code for person P001
2026-04-26 18:43:19 [INFO ] [ShareCodeService] Generated share code for person=P001**** purpose=EMPLOYMENT
2026-04-26 18:43:19 [INFO ] [PersonRepository] Loaded 3 persons from /tmp/junit-11352571660017960019/persons.json
2026-04-26 18:43:19 [INFO ] [VisaRepository] Loaded 3 visas from /tmp/junit-11352571660017960019/visas.json
2026-04-26 18:43:19 [INFO ] [ShareCodeRepository] Loaded 5 share codes from /tmp/junit-11352571660017960019/share_codes.json
2026-04-26 18:43:19 [INFO ] [OrganisationRepository] Loaded 4 organisations from /tmp/junit-11352571660017960019/organisations.json
2026-04-26 18:43:19 [INFO ] [PersonRepository] Loaded 3 persons from /tmp/junit-3339380130204379758/persons.json
2026-04-26 18:43:19 [INFO ] [VisaRepository] Loaded 3 visas from /tmp/junit-3339380130204379758/visas.json
2026-04-26 18:43:19 [INFO ] [ShareCodeRepository] Loaded 5 share codes from /tmp/junit-3339380130204379758/share_codes.json
2026-04-26 18:43:19 [INFO ] [OrganisationRepository] Loaded 4 organisations from /tmp/junit-3339380130204379758/organisations.json
2026-04-26 18:43:19 [INFO ] [ShareCodeRepository] Persisted new share code for person P001
2026-04-26 18:43:19 [INFO ] [ShareCodeService] Generated share code for person=P001**** purpose=EMPLOYMENT
2026-04-26 18:43:19 [INFO ] [PersonRepository] Loaded 3 persons from /tmp/junit-10505951256374544652/persons.json
2026-04-26 18:43:19 [INFO ] [VisaRepository] Loaded 3 visas from /tmp/junit-10505951256374544652/visas.json
2026-04-26 18:43:19 [INFO ] [ShareCodeRepository] Loaded 5 share codes from /tmp/junit-10505951256374544652/share_codes.json
2026-04-26 18:43:19 [INFO ] [OrganisationRepository] Loaded 4 organisations from /tmp/junit-10505951256374544652/organisations.json
2026-04-26 18:43:19 [INFO ] [ShareCodeRepository] Persisted new share code for person P001
2026-04-26 18:43:19 [INFO ] [ShareCodeService] Generated share code for person=P001**** purpose=EMPLOYMENT
2026-04-26 18:43:19 [INFO ] [PersonRepository] Loaded 3 persons from /tmp/junit-16109223043335081182/persons.json
2026-04-26 18:43:19 [INFO ] [VisaRepository] Loaded 3 visas from /tmp/junit-16109223043335081182/visas.json
2026-04-26 18:43:19 [INFO ] [ShareCodeRepository] Loaded 5 share codes from /tmp/junit-16109223043335081182/share_codes.json
2026-04-26 18:43:19 [INFO ] [OrganisationRepository] Loaded 4 organisations from /tmp/junit-16109223043335081182/organisations.json
2026-04-26 18:43:19 [INFO ] [PersonRepository] Loaded 3 persons from /tmp/junit-7829622512652820806/persons.json
2026-04-26 18:43:19 [INFO ] [VisaRepository] Loaded 3 visas from /tmp/junit-7829622512652820806/visas.json
2026-04-26 18:43:19 [INFO ] [ShareCodeRepository] Loaded 5 share codes from /tmp/junit-7829622512652820806/share_codes.json
2026-04-26 18:43:19 [INFO ] [OrganisationRepository] Loaded 4 organisations from /tmp/junit-7829622512652820806/organisations.json
2026-04-26 18:43:19 [INFO ] [PersonRepository] Loaded 3 persons from /tmp/junit-12313532627067542007/persons.json
2026-04-26 18:43:19 [INFO ] [VisaRepository] Loaded 3 visas from /tmp/junit-12313532627067542007/visas.json
2026-04-26 18:43:19 [INFO ] [ShareCodeRepository] Loaded 5 share codes from /tmp/junit-12313532627067542007/share_codes.json
2026-04-26 18:43:19 [INFO ] [OrganisationRepository] Loaded 4 organisations from /tmp/junit-12313532627067542007/organisations.json
2026-04-26 18:43:19 [INFO ] [ShareCodeRepository] Persisted new share code for person P001
2026-04-26 18:43:19 [INFO ] [ShareCodeService] Generated share code for person=P001**** purpose=EMPLOYMENT
2026-04-26 18:43:19 [INFO ] [PersonRepository] Loaded 3 persons from /tmp/junit-2382066324264364493/persons.json
2026-04-26 18:43:19 [INFO ] [VisaRepository] Loaded 3 visas from /tmp/junit-2382066324264364493/visas.json
2026-04-26 18:43:19 [INFO ] [ShareCodeRepository] Loaded 5 share codes from /tmp/junit-2382066324264364493/share_codes.json
2026-04-26 18:43:19 [INFO ] [OrganisationRepository] Loaded 4 organisations from /tmp/junit-2382066324264364493/organisations.json
2026-04-26 18:43:19 [INFO ] [PersonRepository] Loaded 3 persons from /tmp/junit-2382066324264364493/persons.json
2026-04-26 18:43:19 [INFO ] [VisaRepository] Loaded 3 visas from /tmp/junit-2382066324264364493/visas.json
2026-04-26 18:43:19 [INFO ] [ShareCodeRepository] Loaded 5 share codes from /tmp/junit-2382066324264364493/share_codes.json
2026-04-26 18:43:19 [INFO ] [OrganisationRepository] Loaded 4 organisations from /tmp/junit-2382066324264364493/organisations.json
2026-04-26 18:43:19 [INFO ] [PersonRepository] Loaded 3 persons from /tmp/junit-18375243137553064412/persons.json
2026-04-26 18:43:19 [INFO ] [VisaRepository] Loaded 3 visas from /tmp/junit-18375243137553064412/visas.json
2026-04-26 18:43:20 [INFO ] [ShareCodeRepository] Loaded 5 share codes from /tmp/junit-18375243137553064412/share_codes.json
2026-04-26 18:43:20 [INFO ] [OrganisationRepository] Loaded 4 organisations from /tmp/junit-18375243137553064412/organisations.json
2026-04-26 18:43:20 [INFO ] [PersonRepository] Loaded 3 persons from /tmp/junit-18375243137553064412/persons.json
2026-04-26 18:43:20 [INFO ] [VisaRepository] Loaded 3 visas from /tmp/junit-18375243137553064412/visas.json
2026-04-26 18:43:20 [INFO ] [ShareCodeRepository] Loaded 5 share codes from /tmp/junit-18375243137553064412/share_codes.json
2026-04-26 18:43:20 [INFO ] [OrganisationRepository] Loaded 4 organisations from /tmp/junit-18375243137553064412/organisations.json
2026-04-26 18:43:20 [INFO ] [PersonRepository] Loaded 3 persons from /tmp/junit-18431815112927458996/persons.json
2026-04-26 18:43:20 [INFO ] [VisaRepository] Loaded 3 visas from /tmp/junit-18431815112927458996/visas.json
2026-04-26 18:43:20 [INFO ] [ShareCodeRepository] Loaded 5 share codes from /tmp/junit-18431815112927458996/share_codes.json
2026-04-26 18:43:20 [INFO ] [OrganisationRepository] Loaded 4 organisations from /tmp/junit-18431815112927458996/organisations.json
2026-04-26 18:43:20 [INFO ] [PersonRepository] Loaded 3 persons from /tmp/junit-18431815112927458996/persons.json
2026-04-26 18:43:20 [INFO ] [VisaRepository] Loaded 3 visas from /tmp/junit-18431815112927458996/visas.json
2026-04-26 18:43:20 [INFO ] [ShareCodeRepository] Loaded 5 share codes from /tmp/junit-18431815112927458996/share_codes.json
2026-04-26 18:43:20 [INFO ] [OrganisationRepository] Loaded 4 organisations from /tmp/junit-18431815112927458996/organisations.json
2026-04-26 18:43:20 [INFO ] [PersonRepository] Loaded 3 persons from /tmp/junit-6373234979013972043/persons.json
2026-04-26 18:43:20 [INFO ] [VisaRepository] Loaded 3 visas from /tmp/junit-6373234979013972043/visas.json
2026-04-26 18:43:20 [INFO ] [ShareCodeRepository] Loaded 5 share codes from /tmp/junit-6373234979013972043/share_codes.json
2026-04-26 18:43:20 [INFO ] [OrganisationRepository] Loaded 4 organisations from /tmp/junit-6373234979013972043/organisations.json
2026-04-26 18:43:20 [INFO ] [PersonRepository] Loaded 3 persons from /tmp/junit-6373234979013972043/persons.json
2026-04-26 18:43:20 [INFO ] [VisaRepository] Loaded 3 visas from /tmp/junit-6373234979013972043/visas.json
2026-04-26 18:43:20 [INFO ] [ShareCodeRepository] Loaded 5 share codes from /tmp/junit-6373234979013972043/share_codes.json
2026-04-26 18:43:20 [INFO ] [OrganisationRepository] Loaded 4 organisations from /tmp/junit-6373234979013972043/organisations.json
2026-04-26 18:43:20 [WARN ] [VerificationService] Confirmation refused by org=ORG005
2026-04-26 18:43:20 [INFO ] [PersonRepository] Loaded 3 persons from /tmp/junit-5279105965565379238/persons.json
2026-04-26 18:43:20 [INFO ] [VisaRepository] Loaded 3 visas from /tmp/junit-5279105965565379238/visas.json
2026-04-26 18:43:20 [INFO ] [ShareCodeRepository] Loaded 5 share codes from /tmp/junit-5279105965565379238/share_codes.json
2026-04-26 18:43:20 [INFO ] [OrganisationRepository] Loaded 4 organisations from /tmp/junit-5279105965565379238/organisations.json
2026-04-26 18:43:20 [INFO ] [PersonRepository] Loaded 3 persons from /tmp/junit-5279105965565379238/persons.json
2026-04-26 18:43:20 [INFO ] [VisaRepository] Loaded 3 visas from /tmp/junit-5279105965565379238/visas.json
2026-04-26 18:43:20 [INFO ] [ShareCodeRepository] Loaded 5 share codes from /tmp/junit-5279105965565379238/share_codes.json
2026-04-26 18:43:20 [INFO ] [OrganisationRepository] Loaded 4 organisations from /tmp/junit-5279105965565379238/organisations.json
2026-04-26 18:43:20 [WARN ] [VerificationService] Confirmation refused by org=ORG001
2026-04-26 18:43:20 [INFO ] [PersonRepository] Loaded 3 persons from /tmp/junit-5475956773783042657/persons.json
2026-04-26 18:43:20 [INFO ] [VisaRepository] Loaded 3 visas from /tmp/junit-5475956773783042657/visas.json
2026-04-26 18:43:20 [INFO ] [ShareCodeRepository] Loaded 5 share codes from /tmp/junit-5475956773783042657/share_codes.json
2026-04-26 18:43:20 [INFO ] [OrganisationRepository] Loaded 4 organisations from /tmp/junit-5475956773783042657/organisations.json
2026-04-26 18:43:20 [INFO ] [PersonRepository] Loaded 3 persons from /tmp/junit-5475956773783042657/persons.json
2026-04-26 18:43:20 [INFO ] [VisaRepository] Loaded 3 visas from /tmp/junit-5475956773783042657/visas.json
2026-04-26 18:43:20 [INFO ] [ShareCodeRepository] Loaded 5 share codes from /tmp/junit-5475956773783042657/share_codes.json
2026-04-26 18:43:20 [INFO ] [OrganisationRepository] Loaded 4 organisations from /tmp/junit-5475956773783042657/organisations.json
2026-04-26 18:43:20 [INFO ] [ShareCodeRepository] Loaded 0 share codes from /tmp/junit-15281867313513278469/share_codes.json
2026-04-26 18:43:20 [INFO ] [ShareCodeRepository] Persisted new share code for person P003
2026-04-26 18:43:20 [INFO ] [ShareCodeService] Generated share code for person=P003**** purpose=ACCOMMODATION
2026-04-26 18:43:20 [INFO ] [ShareCodeRepository] Loaded 0 share codes from /tmp/junit-16618569363018395144/share_codes.json
2026-04-26 18:43:20 [INFO ] [ShareCodeRepository] Persisted new share code for person P001
2026-04-26 18:43:20 [INFO ] [ShareCodeService] Generated share code for person=P001**** purpose=EMPLOYMENT
2026-04-26 18:43:20 [INFO ] [ShareCodeRepository] Loaded 0 share codes from /tmp/junit-17965036291601416983/share_codes.json
2026-04-26 18:43:20 [INFO ] [ShareCodeRepository] Persisted new share code for person P002
2026-04-26 18:43:20 [INFO ] [ShareCodeService] Generated share code for person=P002**** purpose=EDUCATION
2026-04-26 18:43:20 [INFO ] [ShareCodeRepository] Loaded 0 share codes from /tmp/junit-10731884744155657545/share_codes.json
2026-04-26 18:43:20 [INFO ] [ShareCodeRepository] Persisted new share code for person P001
2026-04-26 18:43:20 [INFO ] [ShareCodeService] Generated share code for person=P001**** purpose=EMPLOYMENT
2026-04-26 18:43:20 [INFO ] [ShareCodeRepository] Loaded 0 share codes from /tmp/junit-16747223424135987303/share_codes.json
2026-04-26 18:43:20 [INFO ] [ShareCodeRepository] Persisted new share code for person P001
2026-04-26 18:43:20 [INFO ] [ShareCodeService] Generated share code for person=P001**** purpose=EMPLOYMENT
2026-04-26 18:43:20 [INFO ] [ShareCodeRepository] Loaded 0 share codes from /tmp/junit-15957146691882029396/share_codes.json
2026-04-26 18:43:20 [INFO ] [ShareCodeRepository] Persisted new share code for person P001
2026-04-26 18:43:20 [INFO ] [ShareCodeService] Generated share code for person=P001**** purpose=EMPLOYMENT
2026-04-26 18:43:20 [INFO ] [ShareCodeRepository] Persisted new share code for person P001
2026-04-26 18:43:20 [INFO ] [ShareCodeService] Generated share code for person=P001**** purpose=EMPLOYMENT
2026-04-26 18:43:20 [INFO ] [PersonRepository] Loaded 3 persons from /tmp/junit-6511589256994256215/persons.json
2026-04-26 18:43:20 [INFO ] [VisaRepository] Loaded 3 visas from /tmp/junit-6511589256994256215/visas.json
2026-04-26 18:43:20 [INFO ] [ShareCodeRepository] Loaded 5 share codes from /tmp/junit-6511589256994256215/share_codes.json
2026-04-26 18:43:20 [INFO ] [OrganisationRepository] Loaded 4 organisations from /tmp/junit-6511589256994256215/organisations.json
2026-04-26 18:43:20 [INFO ] [VerificationService] Share code verification requested by org=ORG001
2026-04-26 18:43:20 [WARN ] [VerificationService] Rejected SHARE_CODE_VERIFICATION reason=Share code has expired org=ORG001
2026-04-26 18:43:20 [INFO ] [PersonRepository] Loaded 3 persons from /tmp/junit-13427114629049559538/persons.json
2026-04-26 18:43:20 [INFO ] [VisaRepository] Loaded 3 visas from /tmp/junit-13427114629049559538/visas.json
2026-04-26 18:43:20 [INFO ] [ShareCodeRepository] Loaded 5 share codes from /tmp/junit-13427114629049559538/share_codes.json
2026-04-26 18:43:20 [INFO ] [OrganisationRepository] Loaded 4 organisations from /tmp/junit-13427114629049559538/organisations.json
2026-04-26 18:43:20 [INFO ] [VerificationService] Share code verification requested by org=ORG003
2026-04-26 18:43:20 [INFO ] [ShareCodeRepository] Updated share code DEF456YZ2, used=true
2026-04-26 18:43:20 [INFO ] [VerificationService] Share code verification outcome=Right to rent: true org=ORG003
2026-04-26 18:43:20 [INFO ] [PersonRepository] Loaded 3 persons from /tmp/junit-7905227579541013260/persons.json
2026-04-26 18:43:20 [INFO ] [VisaRepository] Loaded 3 visas from /tmp/junit-7905227579541013260/visas.json
2026-04-26 18:43:20 [INFO ] [ShareCodeRepository] Loaded 5 share codes from /tmp/junit-7905227579541013260/share_codes.json
2026-04-26 18:43:20 [INFO ] [OrganisationRepository] Loaded 4 organisations from /tmp/junit-7905227579541013260/organisations.json
2026-04-26 18:43:20 [INFO ] [VerificationService] Document verification requested by org=ORG005 docType=PASSPORT
2026-04-26 18:43:20 [INFO ] [VerificationService] Document verification outcome=Entry permitted: true, conditions: [] org=ORG005
2026-04-26 18:43:20 [INFO ] [PersonRepository] Loaded 3 persons from /tmp/junit-956034684036743201/persons.json
2026-04-26 18:43:20 [INFO ] [VisaRepository] Loaded 3 visas from /tmp/junit-956034684036743201/visas.json
2026-04-26 18:43:20 [INFO ] [ShareCodeRepository] Loaded 5 share codes from /tmp/junit-956034684036743201/share_codes.json
2026-04-26 18:43:20 [INFO ] [OrganisationRepository] Loaded 4 organisations from /tmp/junit-956034684036743201/organisations.json
2026-04-26 18:43:20 [INFO ] [VerificationService] Share code verification requested by org=ORG001
2026-04-26 18:43:20 [WARN ] [VerificationService] Rejected SHARE_CODE_VERIFICATION reason=Purpose 'ACCOMMODATION' is not permitted for role 'EMPLOYER' org=ORG001
2026-04-26 18:43:20 [INFO ] [PersonRepository] Loaded 3 persons from /tmp/junit-5955910437987692510/persons.json
2026-04-26 18:43:20 [INFO ] [VisaRepository] Loaded 3 visas from /tmp/junit-5955910437987692510/visas.json
2026-04-26 18:43:20 [INFO ] [ShareCodeRepository] Loaded 5 share codes from /tmp/junit-5955910437987692510/share_codes.json
2026-04-26 18:43:20 [INFO ] [OrganisationRepository] Loaded 4 organisations from /tmp/junit-5955910437987692510/organisations.json
2026-04-26 18:43:20 [INFO ] [VerificationService] Share code verification requested by org=ORG001
2026-04-26 18:43:20 [WARN ] [VerificationService] Rejected SHARE_CODE_VERIFICATION reason=Date of birth does not match org=ORG001
2026-04-26 18:43:20 [INFO ] [PersonRepository] Loaded 3 persons from /tmp/junit-10538417109175830724/persons.json
2026-04-26 18:43:20 [INFO ] [VisaRepository] Loaded 3 visas from /tmp/junit-10538417109175830724/visas.json
2026-04-26 18:43:20 [INFO ] [ShareCodeRepository] Loaded 5 share codes from /tmp/junit-10538417109175830724/share_codes.json
2026-04-26 18:43:20 [INFO ] [OrganisationRepository] Loaded 4 organisations from /tmp/junit-10538417109175830724/organisations.json
2026-04-26 18:43:20 [INFO ] [VerificationService] Share code verification requested by org=ORG001
2026-04-26 18:43:20 [INFO ] [ShareCodeRepository] Updated share code ABC123XY1, used=true
2026-04-26 18:43:20 [INFO ] [VerificationService] Share code verification outcome=Right to work: true, expires: 2027-06-30 org=ORG001
2026-04-26 18:43:20 [INFO ] [VerificationService] Share code verification requested by org=ORG001
2026-04-26 18:43:20 [WARN ] [VerificationService] Rejected SHARE_CODE_VERIFICATION reason=Share code has already been used org=ORG001
2026-04-26 18:43:20 [INFO ] [PersonRepository] Loaded 3 persons from /tmp/junit-8818408217815106799/persons.json
2026-04-26 18:43:20 [INFO ] [VisaRepository] Loaded 3 visas from /tmp/junit-8818408217815106799/visas.json
2026-04-26 18:43:20 [INFO ] [ShareCodeRepository] Loaded 5 share codes from /tmp/junit-8818408217815106799/share_codes.json
2026-04-26 18:43:20 [INFO ] [OrganisationRepository] Loaded 4 organisations from /tmp/junit-8818408217815106799/organisations.json
2026-04-26 18:43:20 [INFO ] [VerificationService] Share code verification requested by org=ORG001
2026-04-26 18:43:20 [INFO ] [ShareCodeRepository] Updated share code QRS678FG6, used=true
2026-04-26 18:43:20 [INFO ] [VerificationService] Share code verification outcome=Right to work: false, expires: 2026-10-25 org=ORG001
2026-04-26 18:43:20 [INFO ] [PersonRepository] Loaded 3 persons from /tmp/junit-5643387987873447533/persons.json
2026-04-26 18:43:20 [INFO ] [VisaRepository] Loaded 3 visas from /tmp/junit-5643387987873447533/visas.json
2026-04-26 18:43:20 [INFO ] [ShareCodeRepository] Loaded 5 share codes from /tmp/junit-5643387987873447533/share_codes.json
2026-04-26 18:43:20 [INFO ] [OrganisationRepository] Loaded 4 organisations from /tmp/junit-5643387987873447533/organisations.json
2026-04-26 18:43:20 [INFO ] [VerificationService] Share code verification requested by org=ORG003
2026-04-26 18:43:20 [WARN ] [VerificationService] Rejected SHARE_CODE_VERIFICATION reason=Share code has already been used org=ORG003
2026-04-26 18:43:20 [INFO ] [PersonRepository] Loaded 3 persons from /tmp/junit-4892145700284763588/persons.json
2026-04-26 18:43:20 [INFO ] [VisaRepository] Loaded 3 visas from /tmp/junit-4892145700284763588/visas.json
2026-04-26 18:43:20 [INFO ] [ShareCodeRepository] Loaded 5 share codes from /tmp/junit-4892145700284763588/share_codes.json
2026-04-26 18:43:20 [INFO ] [OrganisationRepository] Loaded 4 organisations from /tmp/junit-4892145700284763588/organisations.json
2026-04-26 18:43:20 [INFO ] [VerificationService] Document verification requested by org=ORG006 docType=PASSPORT
2026-04-26 18:43:20 [INFO ] [VerificationService] Document verification outcome=Visa type: WORK, valid: true, expires: 2027-06-30 org=ORG006
2026-04-26 18:43:20 [INFO ] [PersonRepository] Loaded 3 persons from /tmp/junit-9027611800626225653/persons.json
2026-04-26 18:43:20 [INFO ] [VisaRepository] Loaded 3 visas from /tmp/junit-9027611800626225653/visas.json
2026-04-26 18:43:20 [INFO ] [ShareCodeRepository] Loaded 5 share codes from /tmp/junit-9027611800626225653/share_codes.json
2026-04-26 18:43:20 [INFO ] [OrganisationRepository] Loaded 4 organisations from /tmp/junit-9027611800626225653/organisations.json
2026-04-26 18:43:20 [INFO ] [VerificationService] Share code verification requested by org=ORG001
2026-04-26 18:43:20 [INFO ] [ShareCodeRepository] Updated share code ABC123XY1, used=true
2026-04-26 18:43:20 [INFO ] [VerificationService] Share code verification outcome=Right to work: true, expires: 2027-06-30 org=ORG001
2026-04-26 18:43:20 [INFO ] [PersonRepository] Loaded 3 persons from /tmp/junit-13448577259561670612/persons.json
2026-04-26 18:43:20 [INFO ] [VisaRepository] Loaded 3 visas from /tmp/junit-13448577259561670612/visas.json
2026-04-26 18:43:20 [INFO ] [ShareCodeRepository] Loaded 5 share codes from /tmp/junit-13448577259561670612/share_codes.json
2026-04-26 18:43:20 [INFO ] [OrganisationRepository] Loaded 4 organisations from /tmp/junit-13448577259561670612/organisations.json
2026-04-26 18:43:20 [INFO ] [VerificationService] Share code verification requested by org=ORG001
2026-04-26 18:43:20 [WARN ] [VerificationService] Rejected SHARE_CODE_VERIFICATION reason=Share code must be 9 uppercase alphanumeric characters org=ORG001
2026-04-26 18:43:20 [INFO ] [PersonRepository] Loaded 3 persons from /tmp/junit-15843927433402919527/persons.json
2026-04-26 18:43:20 [INFO ] [VisaRepository] Loaded 3 visas from /tmp/junit-15843927433402919527/visas.json
2026-04-26 18:43:20 [INFO ] [ShareCodeRepository] Loaded 5 share codes from /tmp/junit-15843927433402919527/share_codes.json
2026-04-26 18:43:20 [INFO ] [OrganisationRepository] Loaded 4 organisations from /tmp/junit-15843927433402919527/organisations.json
2026-04-26 18:43:20 [INFO ] [VerificationService] Document verification requested by org=ORG005 docType=PASSPORT
2026-04-26 18:43:20 [WARN ] [VerificationService] Rejected DOCUMENT_VERIFICATION reason=Person not found for document org=ORG005
2026-04-26 18:43:20 [INFO ] [PersonRepository] Loaded 3 persons from /tmp/junit-4246206869023072518/persons.json
2026-04-26 18:43:20 [INFO ] [VisaRepository] Loaded 3 visas from /tmp/junit-4246206869023072518/visas.json
2026-04-26 18:43:20 [INFO ] [ShareCodeRepository] Loaded 5 share codes from /tmp/junit-4246206869023072518/share_codes.json
2026-04-26 18:43:20 [INFO ] [OrganisationRepository] Loaded 4 organisations from /tmp/junit-4246206869023072518/organisations.json
2026-04-26 18:43:20 [INFO ] [VerificationService] Document verification requested by org=ORG005 docType=PASSPORT
2026-04-26 18:43:20 [WARN ] [VerificationService] Rejected DOCUMENT_VERIFICATION reason=Passport number must be 9 uppercase alphanumeric characters org=ORG005
2026-04-26 18:43:20 [INFO ] [PersonRepository] Loaded 3 persons from /tmp/junit-11804044038736036967/persons.json
2026-04-26 18:43:20 [INFO ] [VisaRepository] Loaded 3 visas from /tmp/junit-11804044038736036967/visas.json
2026-04-26 18:43:20 [INFO ] [ShareCodeRepository] Loaded 5 share codes from /tmp/junit-11804044038736036967/share_codes.json
2026-04-26 18:43:20 [INFO ] [OrganisationRepository] Loaded 4 organisations from /tmp/junit-11804044038736036967/organisations.json
2026-04-26 18:43:20 [INFO ] [VerificationService] Document verification requested by org=ORG001 docType=PASSPORT
2026-04-26 18:43:20 [WARN ] [VerificationService] Rejected DOCUMENT_VERIFICATION reason=Organisation role 'EMPLOYER' is not authorised for the document route org=ORG001
2026-04-26 18:43:20 [INFO ] [PersonRepository] Loaded 3 persons from /tmp/junit-3060525656090345119/persons.json
2026-04-26 18:43:20 [INFO ] [VisaRepository] Loaded 3 visas from /tmp/junit-3060525656090345119/visas.json
2026-04-26 18:43:20 [INFO ] [ShareCodeRepository] Loaded 5 share codes from /tmp/junit-3060525656090345119/share_codes.json
2026-04-26 18:43:20 [INFO ] [OrganisationRepository] Loaded 4 organisations from /tmp/junit-3060525656090345119/organisations.json
2026-04-26 18:43:20 [INFO ] [VerificationService] Share code verification requested by org=ORG999
2026-04-26 18:43:20 [WARN ] [VerificationService] Rejected SHARE_CODE_VERIFICATION reason=Organisation not recognised org=ORG999
2026-04-26 18:43:20 [INFO ] [PersonRepository] Loaded 3 persons from /tmp/junit-16243040996016808184/persons.json
2026-04-26 18:43:20 [INFO ] [VisaRepository] Loaded 3 visas from /tmp/junit-16243040996016808184/visas.json
2026-04-26 18:43:20 [INFO ] [ShareCodeRepository] Loaded 5 share codes from /tmp/junit-16243040996016808184/share_codes.json
2026-04-26 18:43:20 [INFO ] [OrganisationRepository] Loaded 4 organisations from /tmp/junit-16243040996016808184/organisations.json
2026-04-26 18:43:20 [INFO ] [VerificationService] Share code verification requested by org=ORG005
2026-04-26 18:43:20 [WARN ] [VerificationService] Rejected SHARE_CODE_VERIFICATION reason=Organisation role 'BORDER_CONTROL' is not authorised for the share code route org=ORG005
2026-04-26 18:46:39 [INFO ] [PersonRepository] Loaded 3 persons from /tmp/junit-13920379267689628764/persons.json
2026-04-26 18:46:39 [INFO ] [VisaRepository] Loaded 3 visas from /tmp/junit-13920379267689628764/visas.json
2026-04-26 18:46:39 [INFO ] [ShareCodeRepository] Loaded 5 share codes from /tmp/junit-13920379267689628764/share_codes.json
2026-04-26 18:46:39 [INFO ] [OrganisationRepository] Loaded 4 organisations from /tmp/junit-13920379267689628764/organisations.json
2026-04-26 18:46:39 [INFO ] [ShareCodeRepository] Persisted new share code for person P001
2026-04-26 18:46:39 [INFO ] [ShareCodeService] Generated share code for person=P001**** purpose=EMPLOYMENT
2026-04-26 18:46:40 [INFO ] [VerificationService] Share code verification requested by org=ORG001
2026-04-26 18:46:40 [INFO ] [ShareCodeRepository] Updated share code 2X6QYK9SN, used=true
2026-04-26 18:46:40 [INFO ] [VerificationService] Share code verification outcome=Right to work: true, expires: 2027-06-30 org=ORG001
2026-04-26 18:46:40 [INFO ] [PersonRepository] Loaded 3 persons from /tmp/junit-18411918794158748087/persons.json
2026-04-26 18:46:40 [INFO ] [VisaRepository] Loaded 3 visas from /tmp/junit-18411918794158748087/visas.json
2026-04-26 18:46:40 [INFO ] [ShareCodeRepository] Loaded 5 share codes from /tmp/junit-18411918794158748087/share_codes.json
2026-04-26 18:46:40 [INFO ] [OrganisationRepository] Loaded 4 organisations from /tmp/junit-18411918794158748087/organisations.json
2026-04-26 18:46:40 [INFO ] [VerificationService] Share code verification requested by org=ORG001
2026-04-26 18:46:40 [INFO ] [ShareCodeRepository] Updated share code ABC123XY1, used=true
2026-04-26 18:46:40 [INFO ] [VerificationService] Share code verification outcome=Right to work: true, expires: 2027-06-30 org=ORG001
2026-04-26 18:46:40 [INFO ] [PersonRepository] Loaded 3 persons from /tmp/junit-3696840187217474141/persons.json
2026-04-26 18:46:40 [INFO ] [VisaRepository] Loaded 3 visas from /tmp/junit-3696840187217474141/visas.json
2026-04-26 18:46:40 [INFO ] [ShareCodeRepository] Loaded 5 share codes from /tmp/junit-3696840187217474141/share_codes.json
2026-04-26 18:46:40 [INFO ] [OrganisationRepository] Loaded 4 organisations from /tmp/junit-3696840187217474141/organisations.json
2026-04-26 18:46:40 [INFO ] [ShareCodeRepository] Persisted new share code for person P001
2026-04-26 18:46:40 [INFO ] [ShareCodeService] Generated share code for person=P001**** purpose=EMPLOYMENT
2026-04-26 18:46:40 [INFO ] [VerificationService] Share code verification requested by org=ORG001
2026-04-26 18:46:40 [INFO ] [ShareCodeRepository] Updated share code N5C9P95AA, used=true
2026-04-26 18:46:40 [INFO ] [VerificationService] Share code verification outcome=Right to work: true, expires: 2027-06-30 org=ORG001
2026-04-26 18:46:40 [INFO ] [PersonRepository] Loaded 3 persons from /tmp/junit-14208626049849920587/persons.json
2026-04-26 18:46:40 [INFO ] [VisaRepository] Loaded 3 visas from /tmp/junit-14208626049849920587/visas.json
2026-04-26 18:46:40 [INFO ] [ShareCodeRepository] Loaded 5 share codes from /tmp/junit-14208626049849920587/share_codes.json
2026-04-26 18:46:40 [INFO ] [OrganisationRepository] Loaded 4 organisations from /tmp/junit-14208626049849920587/organisations.json
2026-04-26 18:46:40 [INFO ] [ShareCodeRepository] Persisted new share code for person P001
2026-04-26 18:46:40 [INFO ] [ShareCodeService] Generated share code for person=P001**** purpose=EMPLOYMENT
2026-04-26 18:46:40 [INFO ] [VerificationService] Share code verification requested by org=ORG001
2026-04-26 18:46:40 [INFO ] [ShareCodeRepository] Updated share code SCETG5WNG, used=true
2026-04-26 18:46:40 [INFO ] [VerificationService] Share code verification outcome=Right to work: true, expires: 2027-06-30 org=ORG001
2026-04-26 18:46:40 [INFO ] [VerificationService] Share code verification requested by org=ORG001
2026-04-26 18:46:40 [WARN ] [VerificationService] Rejected SHARE_CODE_VERIFICATION reason=Share code has already been used org=ORG001
2026-04-26 18:46:40 [INFO ] [PersonRepository] Loaded 3 persons from /tmp/junit-8179725960013870777/persons.json
2026-04-26 18:46:40 [INFO ] [VisaRepository] Loaded 3 visas from /tmp/junit-8179725960013870777/visas.json
2026-04-26 18:46:40 [INFO ] [ShareCodeRepository] Loaded 5 share codes from /tmp/junit-8179725960013870777/share_codes.json
2026-04-26 18:46:40 [INFO ] [OrganisationRepository] Loaded 4 organisations from /tmp/junit-8179725960013870777/organisations.json
2026-04-26 18:46:40 [WARN ] [VerificationService] Confirmation refused by org=ORG005
2026-04-26 18:46:40 [INFO ] [PersonRepository] Loaded 3 persons from /tmp/junit-16251542859337285401/persons.json
2026-04-26 18:46:40 [INFO ] [VisaRepository] Loaded 3 visas from /tmp/junit-16251542859337285401/visas.json
2026-04-26 18:46:40 [INFO ] [ShareCodeRepository] Loaded 5 share codes from /tmp/junit-16251542859337285401/share_codes.json
2026-04-26 18:46:40 [INFO ] [OrganisationRepository] Loaded 4 organisations from /tmp/junit-16251542859337285401/organisations.json
2026-04-26 18:46:40 [INFO ] [VerificationService] Document verification requested by org=ORG001 docType=PASSPORT
2026-04-26 18:46:40 [WARN ] [VerificationService] Rejected DOCUMENT_VERIFICATION reason=Organisation role 'EMPLOYER' is not authorised for the document route org=ORG001
2026-04-26 18:46:40 [INFO ] [PersonRepository] Loaded 3 persons from /tmp/junit-1796337696560208905/persons.json
2026-04-26 18:46:40 [INFO ] [VisaRepository] Loaded 3 visas from /tmp/junit-1796337696560208905/visas.json
2026-04-26 18:46:40 [INFO ] [ShareCodeRepository] Loaded 5 share codes from /tmp/junit-1796337696560208905/share_codes.json
2026-04-26 18:46:40 [INFO ] [OrganisationRepository] Loaded 4 organisations from /tmp/junit-1796337696560208905/organisations.json
2026-04-26 18:46:40 [INFO ] [VerificationService] Document verification requested by org=ORG005 docType=PASSPORT
2026-04-26 18:46:40 [INFO ] [VerificationService] Document verification outcome=Entry permitted: true, conditions: [] org=ORG005
2026-04-26 18:46:40 [INFO ] [PersonRepository] Loaded 3 persons from /tmp/junit-6919236712690904011/persons.json
2026-04-26 18:46:40 [INFO ] [VisaRepository] Loaded 3 visas from /tmp/junit-6919236712690904011/visas.json
2026-04-26 18:46:40 [INFO ] [ShareCodeRepository] Loaded 5 share codes from /tmp/junit-6919236712690904011/share_codes.json
2026-04-26 18:46:40 [INFO ] [OrganisationRepository] Loaded 4 organisations from /tmp/junit-6919236712690904011/organisations.json
2026-04-26 18:46:40 [INFO ] [VerificationService] Document verification requested by org=ORG006 docType=PASSPORT
2026-04-26 18:46:40 [INFO ] [VerificationService] Document verification outcome=Visa type: WORK, valid: true, expires: 2027-06-30 org=ORG006
2026-04-26 18:46:40 [INFO ] [PersonRepository] Loaded 3 persons from /tmp/junit-2267212152435579994/persons.json
2026-04-26 18:46:40 [INFO ] [VisaRepository] Loaded 3 visas from /tmp/junit-2267212152435579994/visas.json
2026-04-26 18:46:40 [INFO ] [ShareCodeRepository] Loaded 5 share codes from /tmp/junit-2267212152435579994/share_codes.json
2026-04-26 18:46:40 [INFO ] [OrganisationRepository] Loaded 4 organisations from /tmp/junit-2267212152435579994/organisations.json
2026-04-26 18:46:40 [INFO ] [PersonRepository] Loaded 3 persons from /tmp/junit-8277430270956625102/persons.json
2026-04-26 18:46:40 [INFO ] [VisaRepository] Loaded 3 visas from /tmp/junit-8277430270956625102/visas.json
2026-04-26 18:46:40 [INFO ] [ShareCodeRepository] Loaded 5 share codes from /tmp/junit-8277430270956625102/share_codes.json
2026-04-26 18:46:40 [INFO ] [OrganisationRepository] Loaded 4 organisations from /tmp/junit-8277430270956625102/organisations.json
2026-04-26 18:46:40 [INFO ] [VerificationService] Document verification requested by org=ORG005 docType=PASSPORT
2026-04-26 18:46:40 [WARN ] [VerificationService] Rejected DOCUMENT_VERIFICATION reason=Person not found for document org=ORG005
2026-04-26 18:46:40 [INFO ] [PersonRepository] Loaded 3 persons from /tmp/junit-7844723343427175450/persons.json
2026-04-26 18:46:40 [INFO ] [VisaRepository] Loaded 3 visas from /tmp/junit-7844723343427175450/visas.json
2026-04-26 18:46:40 [INFO ] [ShareCodeRepository] Loaded 5 share codes from /tmp/junit-7844723343427175450/share_codes.json
2026-04-26 18:46:40 [INFO ] [OrganisationRepository] Loaded 4 organisations from /tmp/junit-7844723343427175450/organisations.json
2026-04-26 18:46:40 [INFO ] [VerificationService] Document verification requested by org=ORG006 docType=PASSPORT
2026-04-26 18:46:40 [INFO ] [VerificationService] Document verification outcome=Visa type: WORK, valid: true, expires: 2027-06-30 org=ORG006
2026-04-26 18:46:40 [INFO ] [PersonRepository] Loaded 3 persons from /tmp/junit-9812778539201600825/persons.json
2026-04-26 18:46:40 [INFO ] [VisaRepository] Loaded 3 visas from /tmp/junit-9812778539201600825/visas.json
2026-04-26 18:46:40 [INFO ] [ShareCodeRepository] Loaded 5 share codes from /tmp/junit-9812778539201600825/share_codes.json
2026-04-26 18:46:40 [INFO ] [OrganisationRepository] Loaded 4 organisations from /tmp/junit-9812778539201600825/organisations.json
2026-04-26 18:46:40 [INFO ] [VerificationService] Document verification requested by org=ORG005 docType=PASSPORT
2026-04-26 18:46:40 [INFO ] [VerificationService] Document verification outcome=Entry permitted: true, conditions: [] org=ORG005
2026-04-26 18:46:40 [INFO ] [PersonRepository] Loaded 3 persons from /tmp/junit-15124426928658007004/persons.json
2026-04-26 18:46:40 [INFO ] [VisaRepository] Loaded 3 visas from /tmp/junit-15124426928658007004/visas.json
2026-04-26 18:46:40 [INFO ] [ShareCodeRepository] Loaded 5 share codes from /tmp/junit-15124426928658007004/share_codes.json
2026-04-26 18:46:40 [INFO ] [OrganisationRepository] Loaded 4 organisations from /tmp/junit-15124426928658007004/organisations.json
2026-04-26 18:46:40 [INFO ] [VerificationService] Document verification requested by org=ORG005 docType=PASSPORT
2026-04-26 18:46:40 [INFO ] [VerificationService] Document verification outcome=Entry permitted: true, conditions: [] org=ORG005
2026-04-26 18:46:40 [INFO ] [PersonRepository] Loaded 3 persons from /tmp/junit-13274976068875513686/persons.json
2026-04-26 18:46:40 [INFO ] [VisaRepository] Loaded 3 visas from /tmp/junit-13274976068875513686/visas.json
2026-04-26 18:46:40 [INFO ] [ShareCodeRepository] Loaded 5 share codes from /tmp/junit-13274976068875513686/share_codes.json
2026-04-26 18:46:40 [INFO ] [OrganisationRepository] Loaded 4 organisations from /tmp/junit-13274976068875513686/organisations.json
2026-04-26 18:46:40 [WARN ] [VerificationService] Confirmation refused by org=ORG005
2026-04-26 18:46:40 [INFO ] [PersonRepository] Loaded 3 persons from /tmp/junit-10296115335198895587/persons.json
2026-04-26 18:46:40 [INFO ] [VisaRepository] Loaded 3 visas from /tmp/junit-10296115335198895587/visas.json
2026-04-26 18:46:40 [INFO ] [ShareCodeRepository] Loaded 5 share codes from /tmp/junit-10296115335198895587/share_codes.json
2026-04-26 18:46:40 [INFO ] [OrganisationRepository] Loaded 4 organisations from /tmp/junit-10296115335198895587/organisations.json
2026-04-26 18:46:40 [WARN ] [VerificationService] Confirmation refused by org=ORG001
2026-04-26 18:46:40 [INFO ] [PersonRepository] Loaded 3 persons from /tmp/junit-3472192892685800963/persons.json
2026-04-26 18:46:40 [INFO ] [VisaRepository] Loaded 3 visas from /tmp/junit-3472192892685800963/visas.json
2026-04-26 18:46:40 [INFO ] [ShareCodeRepository] Loaded 5 share codes from /tmp/junit-3472192892685800963/share_codes.json
2026-04-26 18:46:40 [INFO ] [OrganisationRepository] Loaded 4 organisations from /tmp/junit-3472192892685800963/organisations.json
2026-04-26 18:46:40 [INFO ] [VerificationService] Share code verification requested by org=ORG001
2026-04-26 18:46:40 [INFO ] [ShareCodeRepository] Updated share code ABC123XY1, used=true
2026-04-26 18:46:40 [INFO ] [VerificationService] Share code verification outcome=Right to work: true, expires: 2027-06-30 org=ORG001
2026-04-26 18:46:40 [INFO ] [PersonRepository] Loaded 3 persons from /tmp/junit-18247387239221003224/persons.json
2026-04-26 18:46:40 [INFO ] [VisaRepository] Loaded 3 visas from /tmp/junit-18247387239221003224/visas.json
2026-04-26 18:46:40 [INFO ] [ShareCodeRepository] Loaded 5 share codes from /tmp/junit-18247387239221003224/share_codes.json
2026-04-26 18:46:40 [INFO ] [OrganisationRepository] Loaded 4 organisations from /tmp/junit-18247387239221003224/organisations.json
2026-04-26 18:46:40 [INFO ] [VerificationService] Share code verification requested by org=ORG001
2026-04-26 18:46:40 [INFO ] [ShareCodeRepository] Updated share code ABC123XY1, used=true
2026-04-26 18:46:40 [INFO ] [VerificationService] Share code verification outcome=Right to work: true, expires: 2027-06-30 org=ORG001
2026-04-26 18:46:40 [INFO ] [PersonRepository] Loaded 3 persons from /tmp/junit-17197141718726390165/persons.json
2026-04-26 18:46:40 [INFO ] [VisaRepository] Loaded 3 visas from /tmp/junit-17197141718726390165/visas.json
2026-04-26 18:46:40 [INFO ] [ShareCodeRepository] Loaded 5 share codes from /tmp/junit-17197141718726390165/share_codes.json
2026-04-26 18:46:40 [INFO ] [OrganisationRepository] Loaded 4 organisations from /tmp/junit-17197141718726390165/organisations.json
2026-04-26 18:46:40 [INFO ] [VerificationService] Share code verification requested by org=ORG001
2026-04-26 18:46:40 [WARN ] [VerificationService] Rejected SHARE_CODE_VERIFICATION reason=Purpose 'ACCOMMODATION' is not permitted for role 'EMPLOYER' org=ORG001
2026-04-26 18:46:40 [INFO ] [PersonRepository] Loaded 3 persons from /tmp/junit-1269482178279537398/persons.json
2026-04-26 18:46:40 [INFO ] [VisaRepository] Loaded 3 visas from /tmp/junit-1269482178279537398/visas.json
2026-04-26 18:46:40 [INFO ] [ShareCodeRepository] Loaded 5 share codes from /tmp/junit-1269482178279537398/share_codes.json
2026-04-26 18:46:40 [INFO ] [OrganisationRepository] Loaded 4 organisations from /tmp/junit-1269482178279537398/organisations.json
2026-04-26 18:46:40 [WARN ] [VerificationService] Confirmation refused by org=ORG001
2026-04-26 18:46:40 [INFO ] [PersonRepository] Loaded 3 persons from /tmp/junit-3799221666901092354/persons.json
2026-04-26 18:46:40 [INFO ] [VisaRepository] Loaded 3 visas from /tmp/junit-3799221666901092354/visas.json
2026-04-26 18:46:40 [INFO ] [ShareCodeRepository] Loaded 5 share codes from /tmp/junit-3799221666901092354/share_codes.json
2026-04-26 18:46:40 [INFO ] [OrganisationRepository] Loaded 4 organisations from /tmp/junit-3799221666901092354/organisations.json
2026-04-26 18:46:40 [INFO ] [VerificationService] Share code verification requested by org=ORG001
2026-04-26 18:46:40 [INFO ] [ShareCodeRepository] Updated share code ABC123XY1, used=true
2026-04-26 18:46:40 [INFO ] [VerificationService] Share code verification outcome=Right to work: true, expires: 2027-06-30 org=ORG001
2026-04-26 18:46:40 [INFO ] [PersonRepository] Loaded 3 persons from /tmp/junit-1146896254359877226/persons.json
2026-04-26 18:46:40 [INFO ] [VisaRepository] Loaded 3 visas from /tmp/junit-1146896254359877226/visas.json
2026-04-26 18:46:40 [INFO ] [ShareCodeRepository] Loaded 5 share codes from /tmp/junit-1146896254359877226/share_codes.json
2026-04-26 18:46:40 [INFO ] [OrganisationRepository] Loaded 4 organisations from /tmp/junit-1146896254359877226/organisations.json
2026-04-26 18:46:40 [INFO ] [VerificationService] Share code verification requested by org=ORG001
2026-04-26 18:46:40 [WARN ] [VerificationService] Rejected SHARE_CODE_VERIFICATION reason=Date of birth does not match org=ORG001
2026-04-26 18:46:40 [INFO ] [PersonRepository] Loaded 3 persons from /tmp/junit-15864479102593833463/persons.json
2026-04-26 18:46:40 [INFO ] [VisaRepository] Loaded 3 visas from /tmp/junit-15864479102593833463/visas.json
2026-04-26 18:46:40 [INFO ] [ShareCodeRepository] Loaded 5 share codes from /tmp/junit-15864479102593833463/share_codes.json
2026-04-26 18:46:40 [INFO ] [OrganisationRepository] Loaded 4 organisations from /tmp/junit-15864479102593833463/organisations.json
2026-04-26 18:46:40 [INFO ] [VerificationService] Share code verification requested by org=ORG003
2026-04-26 18:46:40 [WARN ] [VerificationService] Rejected SHARE_CODE_VERIFICATION reason=Share code has already been used org=ORG003
2026-04-26 18:46:40 [INFO ] [PersonRepository] Loaded 3 persons from /tmp/junit-1299227555842127535/persons.json
2026-04-26 18:46:40 [INFO ] [VisaRepository] Loaded 3 visas from /tmp/junit-1299227555842127535/visas.json
2026-04-26 18:46:40 [INFO ] [ShareCodeRepository] Loaded 5 share codes from /tmp/junit-1299227555842127535/share_codes.json
2026-04-26 18:46:40 [INFO ] [OrganisationRepository] Loaded 4 organisations from /tmp/junit-1299227555842127535/organisations.json
2026-04-26 18:46:40 [INFO ] [VerificationService] Share code verification requested by org=ORG003
2026-04-26 18:46:40 [INFO ] [ShareCodeRepository] Updated share code DEF456YZ2, used=true
2026-04-26 18:46:40 [INFO ] [VerificationService] Share code verification outcome=Right to rent: true org=ORG003
2026-04-26 18:46:40 [INFO ] [PersonRepository] Loaded 3 persons from /tmp/junit-2746883271043173844/persons.json
2026-04-26 18:46:40 [INFO ] [VisaRepository] Loaded 3 visas from /tmp/junit-2746883271043173844/visas.json
2026-04-26 18:46:40 [INFO ] [ShareCodeRepository] Loaded 5 share codes from /tmp/junit-2746883271043173844/share_codes.json
2026-04-26 18:46:40 [INFO ] [OrganisationRepository] Loaded 4 organisations from /tmp/junit-2746883271043173844/organisations.json
2026-04-26 18:46:40 [INFO ] [VerificationService] Share code verification requested by org=ORG001
2026-04-26 18:46:40 [INFO ] [ShareCodeRepository] Updated share code ABC123XY1, used=true
2026-04-26 18:46:40 [INFO ] [VerificationService] Share code verification outcome=Right to work: true, expires: 2027-06-30 org=ORG001
2026-04-26 18:46:40 [INFO ] [PersonRepository] Loaded 3 persons from /tmp/junit-13961533291110396185/persons.json
2026-04-26 18:46:40 [INFO ] [VisaRepository] Loaded 3 visas from /tmp/junit-13961533291110396185/visas.json
2026-04-26 18:46:40 [INFO ] [ShareCodeRepository] Loaded 5 share codes from /tmp/junit-13961533291110396185/share_codes.json
2026-04-26 18:46:40 [INFO ] [OrganisationRepository] Loaded 4 organisations from /tmp/junit-13961533291110396185/organisations.json
2026-04-26 18:46:40 [WARN ] [VerificationService] Confirmation refused by org=ORG001
2026-04-26 18:46:40 [INFO ] [PersonRepository] Loaded 3 persons from /tmp/junit-10946498344514101373/persons.json
2026-04-26 18:46:40 [INFO ] [VisaRepository] Loaded 3 visas from /tmp/junit-10946498344514101373/visas.json
2026-04-26 18:46:40 [INFO ] [ShareCodeRepository] Loaded 5 share codes from /tmp/junit-10946498344514101373/share_codes.json
2026-04-26 18:46:40 [INFO ] [OrganisationRepository] Loaded 4 organisations from /tmp/junit-10946498344514101373/organisations.json
2026-04-26 18:46:40 [INFO ] [VerificationService] Share code verification requested by org=ORG001
2026-04-26 18:46:40 [INFO ] [ShareCodeRepository] Updated share code QRS678FG6, used=true
2026-04-26 18:46:40 [INFO ] [VerificationService] Share code verification outcome=Right to work: false, expires: 2026-10-25 org=ORG001
2026-04-26 18:46:40 [INFO ] [PersonRepository] Loaded 3 persons from /tmp/junit-10194177829937520699/persons.json
2026-04-26 18:46:40 [INFO ] [VisaRepository] Loaded 3 visas from /tmp/junit-10194177829937520699/visas.json
2026-04-26 18:46:40 [INFO ] [ShareCodeRepository] Loaded 5 share codes from /tmp/junit-10194177829937520699/share_codes.json
2026-04-26 18:46:40 [INFO ] [OrganisationRepository] Loaded 4 organisations from /tmp/junit-10194177829937520699/organisations.json
2026-04-26 18:46:40 [INFO ] [VerificationService] Share code verification requested by org=ORG001
2026-04-26 18:46:40 [WARN ] [VerificationService] Rejected SHARE_CODE_VERIFICATION reason=Share code has expired org=ORG001
2026-04-26 18:46:40 [INFO ] [PersonRepository] Loaded 3 persons from /tmp/junit-9784189122734747294/persons.json
2026-04-26 18:46:40 [INFO ] [VisaRepository] Loaded 3 visas from /tmp/junit-9784189122734747294/visas.json
2026-04-26 18:46:40 [INFO ] [ShareCodeRepository] Loaded 5 share codes from /tmp/junit-9784189122734747294/share_codes.json
2026-04-26 18:46:40 [INFO ] [OrganisationRepository] Loaded 4 organisations from /tmp/junit-9784189122734747294/organisations.json
2026-04-26 18:46:40 [WARN ] [VerificationService] Confirmation refused by org=ORG001
2026-04-26 18:46:40 [INFO ] [PersonRepository] Loaded 3 persons from /tmp/junit-14484338739389937119/persons.json
2026-04-26 18:46:40 [INFO ] [VisaRepository] Loaded 3 visas from /tmp/junit-14484338739389937119/visas.json
2026-04-26 18:46:40 [INFO ] [ShareCodeRepository] Loaded 5 share codes from /tmp/junit-14484338739389937119/share_codes.json
2026-04-26 18:46:40 [INFO ] [OrganisationRepository] Loaded 4 organisations from /tmp/junit-14484338739389937119/organisations.json
2026-04-26 18:46:40 [INFO ] [ShareCodeRepository] Persisted new share code for person P001
2026-04-26 18:46:40 [INFO ] [ShareCodeService] Generated share code for person=P001**** purpose=EMPLOYMENT
2026-04-26 18:46:40 [INFO ] [PersonRepository] Loaded 3 persons from /tmp/junit-16562032849406144778/persons.json
2026-04-26 18:46:40 [INFO ] [VisaRepository] Loaded 3 visas from /tmp/junit-16562032849406144778/visas.json
2026-04-26 18:46:40 [INFO ] [ShareCodeRepository] Loaded 5 share codes from /tmp/junit-16562032849406144778/share_codes.json
2026-04-26 18:46:40 [INFO ] [OrganisationRepository] Loaded 4 organisations from /tmp/junit-16562032849406144778/organisations.json
2026-04-26 18:46:40 [INFO ] [ShareCodeRepository] Persisted new share code for person P001
2026-04-26 18:46:40 [INFO ] [ShareCodeService] Generated share code for person=P001**** purpose=EMPLOYMENT
2026-04-26 18:46:40 [INFO ] [PersonRepository] Loaded 3 persons from /tmp/junit-1818348305680037196/persons.json
2026-04-26 18:46:40 [INFO ] [VisaRepository] Loaded 3 visas from /tmp/junit-1818348305680037196/visas.json
2026-04-26 18:46:40 [INFO ] [ShareCodeRepository] Loaded 5 share codes from /tmp/junit-1818348305680037196/share_codes.json
2026-04-26 18:46:40 [INFO ] [OrganisationRepository] Loaded 4 organisations from /tmp/junit-1818348305680037196/organisations.json
2026-04-26 18:46:40 [INFO ] [ShareCodeRepository] Persisted new share code for person P001
2026-04-26 18:46:40 [INFO ] [ShareCodeService] Generated share code for person=P001**** purpose=EMPLOYMENT
2026-04-26 18:46:40 [INFO ] [PersonRepository] Loaded 3 persons from /tmp/junit-6355186716832517265/persons.json
2026-04-26 18:46:40 [INFO ] [VisaRepository] Loaded 3 visas from /tmp/junit-6355186716832517265/visas.json
2026-04-26 18:46:40 [INFO ] [ShareCodeRepository] Loaded 5 share codes from /tmp/junit-6355186716832517265/share_codes.json
2026-04-26 18:46:40 [INFO ] [OrganisationRepository] Loaded 4 organisations from /tmp/junit-6355186716832517265/organisations.json
2026-04-26 18:46:40 [INFO ] [ShareCodeRepository] Persisted new share code for person P001
2026-04-26 18:46:40 [INFO ] [ShareCodeService] Generated share code for person=P001**** purpose=EMPLOYMENT
2026-04-26 18:46:40 [INFO ] [PersonRepository] Loaded 3 persons from /tmp/junit-12047884855770194127/persons.json
2026-04-26 18:46:40 [INFO ] [VisaRepository] Loaded 3 visas from /tmp/junit-12047884855770194127/visas.json
2026-04-26 18:46:40 [INFO ] [ShareCodeRepository] Loaded 5 share codes from /tmp/junit-12047884855770194127/share_codes.json
2026-04-26 18:46:40 [INFO ] [OrganisationRepository] Loaded 4 organisations from /tmp/junit-12047884855770194127/organisations.json
2026-04-26 18:46:40 [INFO ] [PersonRepository] Loaded 3 persons from /tmp/junit-4571187247272416693/persons.json
2026-04-26 18:46:40 [INFO ] [VisaRepository] Loaded 3 visas from /tmp/junit-4571187247272416693/visas.json
2026-04-26 18:46:40 [INFO ] [ShareCodeRepository] Loaded 5 share codes from /tmp/junit-4571187247272416693/share_codes.json
2026-04-26 18:46:40 [INFO ] [OrganisationRepository] Loaded 4 organisations from /tmp/junit-4571187247272416693/organisations.json
2026-04-26 18:46:40 [INFO ] [ShareCodeRepository] Persisted new share code for person P001
2026-04-26 18:46:40 [INFO ] [ShareCodeService] Generated share code for person=P001**** purpose=EMPLOYMENT
2026-04-26 18:46:40 [INFO ] [PersonRepository] Loaded 3 persons from /tmp/junit-5736694674490297662/persons.json
2026-04-26 18:46:40 [INFO ] [VisaRepository] Loaded 3 visas from /tmp/junit-5736694674490297662/visas.json
2026-04-26 18:46:40 [INFO ] [ShareCodeRepository] Loaded 5 share codes from /tmp/junit-5736694674490297662/share_codes.json
2026-04-26 18:46:40 [INFO ] [OrganisationRepository] Loaded 4 organisations from /tmp/junit-5736694674490297662/organisations.json
2026-04-26 18:46:40 [INFO ] [ShareCodeRepository] Persisted new share code for person P001
2026-04-26 18:46:40 [INFO ] [ShareCodeService] Generated share code for person=P001**** purpose=EMPLOYMENT
2026-04-26 18:46:40 [INFO ] [PersonRepository] Loaded 3 persons from /tmp/junit-16875179831533022954/persons.json
2026-04-26 18:46:40 [INFO ] [VisaRepository] Loaded 3 visas from /tmp/junit-16875179831533022954/visas.json
2026-04-26 18:46:40 [INFO ] [ShareCodeRepository] Loaded 5 share codes from /tmp/junit-16875179831533022954/share_codes.json
2026-04-26 18:46:40 [INFO ] [OrganisationRepository] Loaded 4 organisations from /tmp/junit-16875179831533022954/organisations.json
2026-04-26 18:46:40 [INFO ] [PersonRepository] Loaded 3 persons from /tmp/junit-12109136346427266992/persons.json
2026-04-26 18:46:40 [INFO ] [VisaRepository] Loaded 3 visas from /tmp/junit-12109136346427266992/visas.json
2026-04-26 18:46:40 [INFO ] [ShareCodeRepository] Loaded 5 share codes from /tmp/junit-12109136346427266992/share_codes.json
2026-04-26 18:46:40 [INFO ] [OrganisationRepository] Loaded 4 organisations from /tmp/junit-12109136346427266992/organisations.json
2026-04-26 18:46:40 [INFO ] [PersonRepository] Loaded 3 persons from /tmp/junit-14472276327075859504/persons.json
2026-04-26 18:46:40 [INFO ] [VisaRepository] Loaded 3 visas from /tmp/junit-14472276327075859504/visas.json
2026-04-26 18:46:40 [INFO ] [ShareCodeRepository] Loaded 5 share codes from /tmp/junit-14472276327075859504/share_codes.json
2026-04-26 18:46:40 [INFO ] [OrganisationRepository] Loaded 4 organisations from /tmp/junit-14472276327075859504/organisations.json
2026-04-26 18:46:40 [INFO ] [ShareCodeRepository] Persisted new share code for person P001
2026-04-26 18:46:40 [INFO ] [ShareCodeService] Generated share code for person=P001**** purpose=EMPLOYMENT
2026-04-26 18:46:40 [INFO ] [PersonRepository] Loaded 3 persons from /tmp/junit-12136717144736436041/persons.json
2026-04-26 18:46:40 [INFO ] [VisaRepository] Loaded 3 visas from /tmp/junit-12136717144736436041/visas.json
2026-04-26 18:46:40 [INFO ] [ShareCodeRepository] Loaded 5 share codes from /tmp/junit-12136717144736436041/share_codes.json
2026-04-26 18:46:40 [INFO ] [OrganisationRepository] Loaded 4 organisations from /tmp/junit-12136717144736436041/organisations.json
2026-04-26 18:46:40 [INFO ] [PersonRepository] Loaded 3 persons from /tmp/junit-12136717144736436041/persons.json
2026-04-26 18:46:40 [INFO ] [VisaRepository] Loaded 3 visas from /tmp/junit-12136717144736436041/visas.json
2026-04-26 18:46:40 [INFO ] [ShareCodeRepository] Loaded 5 share codes from /tmp/junit-12136717144736436041/share_codes.json
2026-04-26 18:46:40 [INFO ] [OrganisationRepository] Loaded 4 organisations from /tmp/junit-12136717144736436041/organisations.json
2026-04-26 18:46:40 [INFO ] [PersonRepository] Loaded 3 persons from /tmp/junit-10227473199910897407/persons.json
2026-04-26 18:46:40 [INFO ] [VisaRepository] Loaded 3 visas from /tmp/junit-10227473199910897407/visas.json
2026-04-26 18:46:40 [INFO ] [ShareCodeRepository] Loaded 5 share codes from /tmp/junit-10227473199910897407/share_codes.json
2026-04-26 18:46:40 [INFO ] [OrganisationRepository] Loaded 4 organisations from /tmp/junit-10227473199910897407/organisations.json
2026-04-26 18:46:40 [INFO ] [PersonRepository] Loaded 3 persons from /tmp/junit-10227473199910897407/persons.json
2026-04-26 18:46:40 [INFO ] [VisaRepository] Loaded 3 visas from /tmp/junit-10227473199910897407/visas.json
2026-04-26 18:46:40 [INFO ] [ShareCodeRepository] Loaded 5 share codes from /tmp/junit-10227473199910897407/share_codes.json
2026-04-26 18:46:40 [INFO ] [OrganisationRepository] Loaded 4 organisations from /tmp/junit-10227473199910897407/organisations.json
2026-04-26 18:46:40 [INFO ] [PersonRepository] Loaded 3 persons from /tmp/junit-11366844070309022351/persons.json
2026-04-26 18:46:40 [INFO ] [VisaRepository] Loaded 3 visas from /tmp/junit-11366844070309022351/visas.json
2026-04-26 18:46:40 [INFO ] [ShareCodeRepository] Loaded 5 share codes from /tmp/junit-11366844070309022351/share_codes.json
2026-04-26 18:46:40 [INFO ] [OrganisationRepository] Loaded 4 organisations from /tmp/junit-11366844070309022351/organisations.json
2026-04-26 18:46:40 [INFO ] [PersonRepository] Loaded 3 persons from /tmp/junit-11366844070309022351/persons.json
2026-04-26 18:46:40 [INFO ] [VisaRepository] Loaded 3 visas from /tmp/junit-11366844070309022351/visas.json
2026-04-26 18:46:40 [INFO ] [ShareCodeRepository] Loaded 5 share codes from /tmp/junit-11366844070309022351/share_codes.json
2026-04-26 18:46:40 [INFO ] [OrganisationRepository] Loaded 4 organisations from /tmp/junit-11366844070309022351/organisations.json
2026-04-26 18:46:40 [INFO ] [PersonRepository] Loaded 3 persons from /tmp/junit-685823620140312690/persons.json
2026-04-26 18:46:40 [INFO ] [VisaRepository] Loaded 3 visas from /tmp/junit-685823620140312690/visas.json
2026-04-26 18:46:40 [INFO ] [ShareCodeRepository] Loaded 5 share codes from /tmp/junit-685823620140312690/share_codes.json
2026-04-26 18:46:40 [INFO ] [OrganisationRepository] Loaded 4 organisations from /tmp/junit-685823620140312690/organisations.json
2026-04-26 18:46:40 [INFO ] [PersonRepository] Loaded 3 persons from /tmp/junit-685823620140312690/persons.json
2026-04-26 18:46:40 [INFO ] [VisaRepository] Loaded 3 visas from /tmp/junit-685823620140312690/visas.json
2026-04-26 18:46:40 [INFO ] [ShareCodeRepository] Loaded 5 share codes from /tmp/junit-685823620140312690/share_codes.json
2026-04-26 18:46:40 [INFO ] [OrganisationRepository] Loaded 4 organisations from /tmp/junit-685823620140312690/organisations.json
2026-04-26 18:46:40 [WARN ] [VerificationService] Confirmation refused by org=ORG005
2026-04-26 18:46:40 [INFO ] [PersonRepository] Loaded 3 persons from /tmp/junit-14413205294543935846/persons.json
2026-04-26 18:46:40 [INFO ] [VisaRepository] Loaded 3 visas from /tmp/junit-14413205294543935846/visas.json
2026-04-26 18:46:40 [INFO ] [ShareCodeRepository] Loaded 5 share codes from /tmp/junit-14413205294543935846/share_codes.json
2026-04-26 18:46:40 [INFO ] [OrganisationRepository] Loaded 4 organisations from /tmp/junit-14413205294543935846/organisations.json
2026-04-26 18:46:40 [INFO ] [PersonRepository] Loaded 3 persons from /tmp/junit-14413205294543935846/persons.json
2026-04-26 18:46:40 [INFO ] [VisaRepository] Loaded 3 visas from /tmp/junit-14413205294543935846/visas.json
2026-04-26 18:46:40 [INFO ] [ShareCodeRepository] Loaded 5 share codes from /tmp/junit-14413205294543935846/share_codes.json
2026-04-26 18:46:40 [INFO ] [OrganisationRepository] Loaded 4 organisations from /tmp/junit-14413205294543935846/organisations.json
2026-04-26 18:46:40 [WARN ] [VerificationService] Confirmation refused by org=ORG001
2026-04-26 18:46:40 [INFO ] [PersonRepository] Loaded 3 persons from /tmp/junit-8681595648516380418/persons.json
2026-04-26 18:46:40 [INFO ] [VisaRepository] Loaded 3 visas from /tmp/junit-8681595648516380418/visas.json
2026-04-26 18:46:40 [INFO ] [ShareCodeRepository] Loaded 5 share codes from /tmp/junit-8681595648516380418/share_codes.json
2026-04-26 18:46:40 [INFO ] [OrganisationRepository] Loaded 4 organisations from /tmp/junit-8681595648516380418/organisations.json
2026-04-26 18:46:40 [INFO ] [PersonRepository] Loaded 3 persons from /tmp/junit-8681595648516380418/persons.json
2026-04-26 18:46:40 [INFO ] [VisaRepository] Loaded 3 visas from /tmp/junit-8681595648516380418/visas.json
2026-04-26 18:46:40 [INFO ] [ShareCodeRepository] Loaded 5 share codes from /tmp/junit-8681595648516380418/share_codes.json
2026-04-26 18:46:40 [INFO ] [OrganisationRepository] Loaded 4 organisations from /tmp/junit-8681595648516380418/organisations.json
2026-04-26 18:46:40 [INFO ] [ShareCodeRepository] Loaded 0 share codes from /tmp/junit-2437478639362296250/share_codes.json
2026-04-26 18:46:40 [INFO ] [ShareCodeRepository] Persisted new share code for person P003
2026-04-26 18:46:40 [INFO ] [ShareCodeService] Generated share code for person=P003**** purpose=ACCOMMODATION
2026-04-26 18:46:40 [INFO ] [ShareCodeRepository] Loaded 0 share codes from /tmp/junit-12819250449139995971/share_codes.json
2026-04-26 18:46:40 [INFO ] [ShareCodeRepository] Persisted new share code for person P001
2026-04-26 18:46:40 [INFO ] [ShareCodeService] Generated share code for person=P001**** purpose=EMPLOYMENT
2026-04-26 18:46:40 [INFO ] [ShareCodeRepository] Loaded 0 share codes from /tmp/junit-885628089259000623/share_codes.json
2026-04-26 18:46:40 [INFO ] [ShareCodeRepository] Persisted new share code for person P002
2026-04-26 18:46:40 [INFO ] [ShareCodeService] Generated share code for person=P002**** purpose=EDUCATION
2026-04-26 18:46:40 [INFO ] [ShareCodeRepository] Loaded 0 share codes from /tmp/junit-7359768097903360312/share_codes.json
2026-04-26 18:46:40 [INFO ] [ShareCodeRepository] Persisted new share code for person P001
2026-04-26 18:46:40 [INFO ] [ShareCodeService] Generated share code for person=P001**** purpose=EMPLOYMENT
2026-04-26 18:46:40 [INFO ] [ShareCodeRepository] Loaded 0 share codes from /tmp/junit-14314996493803253256/share_codes.json
2026-04-26 18:46:40 [INFO ] [ShareCodeRepository] Persisted new share code for person P001
2026-04-26 18:46:40 [INFO ] [ShareCodeService] Generated share code for person=P001**** purpose=EMPLOYMENT
2026-04-26 18:46:40 [INFO ] [ShareCodeRepository] Loaded 0 share codes from /tmp/junit-8582351487167439206/share_codes.json
2026-04-26 18:46:40 [INFO ] [ShareCodeRepository] Persisted new share code for person P001
2026-04-26 18:46:40 [INFO ] [ShareCodeService] Generated share code for person=P001**** purpose=EMPLOYMENT
2026-04-26 18:46:40 [INFO ] [ShareCodeRepository] Persisted new share code for person P001
2026-04-26 18:46:40 [INFO ] [ShareCodeService] Generated share code for person=P001**** purpose=EMPLOYMENT
2026-04-26 18:46:40 [INFO ] [PersonRepository] Loaded 3 persons from /tmp/junit-6562975502483110420/persons.json
2026-04-26 18:46:40 [INFO ] [VisaRepository] Loaded 3 visas from /tmp/junit-6562975502483110420/visas.json
2026-04-26 18:46:40 [INFO ] [ShareCodeRepository] Loaded 5 share codes from /tmp/junit-6562975502483110420/share_codes.json
2026-04-26 18:46:40 [INFO ] [OrganisationRepository] Loaded 4 organisations from /tmp/junit-6562975502483110420/organisations.json
2026-04-26 18:46:40 [INFO ] [VerificationService] Share code verification requested by org=ORG001
2026-04-26 18:46:40 [WARN ] [VerificationService] Rejected SHARE_CODE_VERIFICATION reason=Share code has expired org=ORG001
2026-04-26 18:46:40 [INFO ] [PersonRepository] Loaded 3 persons from /tmp/junit-11335742210177403167/persons.json
2026-04-26 18:46:40 [INFO ] [VisaRepository] Loaded 3 visas from /tmp/junit-11335742210177403167/visas.json
2026-04-26 18:46:40 [INFO ] [ShareCodeRepository] Loaded 5 share codes from /tmp/junit-11335742210177403167/share_codes.json
2026-04-26 18:46:40 [INFO ] [OrganisationRepository] Loaded 4 organisations from /tmp/junit-11335742210177403167/organisations.json
2026-04-26 18:46:40 [INFO ] [VerificationService] Share code verification requested by org=ORG003
2026-04-26 18:46:40 [INFO ] [ShareCodeRepository] Updated share code DEF456YZ2, used=true
2026-04-26 18:46:40 [INFO ] [VerificationService] Share code verification outcome=Right to rent: true org=ORG003
2026-04-26 18:46:40 [INFO ] [PersonRepository] Loaded 3 persons from /tmp/junit-220146851969217928/persons.json
2026-04-26 18:46:40 [INFO ] [VisaRepository] Loaded 3 visas from /tmp/junit-220146851969217928/visas.json
2026-04-26 18:46:40 [INFO ] [ShareCodeRepository] Loaded 5 share codes from /tmp/junit-220146851969217928/share_codes.json
2026-04-26 18:46:40 [INFO ] [OrganisationRepository] Loaded 4 organisations from /tmp/junit-220146851969217928/organisations.json
2026-04-26 18:46:40 [INFO ] [VerificationService] Document verification requested by org=ORG005 docType=PASSPORT
2026-04-26 18:46:40 [INFO ] [VerificationService] Document verification outcome=Entry permitted: true, conditions: [] org=ORG005
2026-04-26 18:46:40 [INFO ] [PersonRepository] Loaded 3 persons from /tmp/junit-167217049500307694/persons.json
2026-04-26 18:46:40 [INFO ] [VisaRepository] Loaded 3 visas from /tmp/junit-167217049500307694/visas.json
2026-04-26 18:46:40 [INFO ] [ShareCodeRepository] Loaded 5 share codes from /tmp/junit-167217049500307694/share_codes.json
2026-04-26 18:46:40 [INFO ] [OrganisationRepository] Loaded 4 organisations from /tmp/junit-167217049500307694/organisations.json
2026-04-26 18:46:40 [INFO ] [VerificationService] Share code verification requested by org=ORG001
2026-04-26 18:46:40 [WARN ] [VerificationService] Rejected SHARE_CODE_VERIFICATION reason=Purpose 'ACCOMMODATION' is not permitted for role 'EMPLOYER' org=ORG001
2026-04-26 18:46:40 [INFO ] [PersonRepository] Loaded 3 persons from /tmp/junit-1180407641598689041/persons.json
2026-04-26 18:46:40 [INFO ] [VisaRepository] Loaded 3 visas from /tmp/junit-1180407641598689041/visas.json
2026-04-26 18:46:40 [INFO ] [ShareCodeRepository] Loaded 5 share codes from /tmp/junit-1180407641598689041/share_codes.json
2026-04-26 18:46:40 [INFO ] [OrganisationRepository] Loaded 4 organisations from /tmp/junit-1180407641598689041/organisations.json
2026-04-26 18:46:40 [INFO ] [VerificationService] Share code verification requested by org=ORG001
2026-04-26 18:46:40 [WARN ] [VerificationService] Rejected SHARE_CODE_VERIFICATION reason=Date of birth does not match org=ORG001
2026-04-26 18:46:40 [INFO ] [PersonRepository] Loaded 3 persons from /tmp/junit-10235851327708166045/persons.json
2026-04-26 18:46:40 [INFO ] [VisaRepository] Loaded 3 visas from /tmp/junit-10235851327708166045/visas.json
2026-04-26 18:46:40 [INFO ] [ShareCodeRepository] Loaded 5 share codes from /tmp/junit-10235851327708166045/share_codes.json
2026-04-26 18:46:40 [INFO ] [OrganisationRepository] Loaded 4 organisations from /tmp/junit-10235851327708166045/organisations.json
2026-04-26 18:46:40 [INFO ] [VerificationService] Share code verification requested by org=ORG001
2026-04-26 18:46:40 [INFO ] [ShareCodeRepository] Updated share code ABC123XY1, used=true
2026-04-26 18:46:40 [INFO ] [VerificationService] Share code verification outcome=Right to work: true, expires: 2027-06-30 org=ORG001
2026-04-26 18:46:40 [INFO ] [VerificationService] Share code verification requested by org=ORG001
2026-04-26 18:46:40 [WARN ] [VerificationService] Rejected SHARE_CODE_VERIFICATION reason=Share code has already been used org=ORG001
2026-04-26 18:46:40 [INFO ] [PersonRepository] Loaded 3 persons from /tmp/junit-16207315236786376939/persons.json
2026-04-26 18:46:40 [INFO ] [VisaRepository] Loaded 3 visas from /tmp/junit-16207315236786376939/visas.json
2026-04-26 18:46:40 [INFO ] [ShareCodeRepository] Loaded 5 share codes from /tmp/junit-16207315236786376939/share_codes.json
2026-04-26 18:46:40 [INFO ] [OrganisationRepository] Loaded 4 organisations from /tmp/junit-16207315236786376939/organisations.json
2026-04-26 18:46:40 [INFO ] [VerificationService] Share code verification requested by org=ORG001
2026-04-26 18:46:40 [INFO ] [ShareCodeRepository] Updated share code QRS678FG6, used=true
2026-04-26 18:46:40 [INFO ] [VerificationService] Share code verification outcome=Right to work: false, expires: 2026-10-25 org=ORG001
2026-04-26 18:46:40 [INFO ] [PersonRepository] Loaded 3 persons from /tmp/junit-12208711237219938367/persons.json
2026-04-26 18:46:40 [INFO ] [VisaRepository] Loaded 3 visas from /tmp/junit-12208711237219938367/visas.json
2026-04-26 18:46:40 [INFO ] [ShareCodeRepository] Loaded 5 share codes from /tmp/junit-12208711237219938367/share_codes.json
2026-04-26 18:46:40 [INFO ] [OrganisationRepository] Loaded 4 organisations from /tmp/junit-12208711237219938367/organisations.json
2026-04-26 18:46:40 [INFO ] [VerificationService] Share code verification requested by org=ORG003
2026-04-26 18:46:40 [WARN ] [VerificationService] Rejected SHARE_CODE_VERIFICATION reason=Share code has already been used org=ORG003
2026-04-26 18:46:40 [INFO ] [PersonRepository] Loaded 3 persons from /tmp/junit-4412816524749971469/persons.json
2026-04-26 18:46:40 [INFO ] [VisaRepository] Loaded 3 visas from /tmp/junit-4412816524749971469/visas.json
2026-04-26 18:46:40 [INFO ] [ShareCodeRepository] Loaded 5 share codes from /tmp/junit-4412816524749971469/share_codes.json
2026-04-26 18:46:40 [INFO ] [OrganisationRepository] Loaded 4 organisations from /tmp/junit-4412816524749971469/organisations.json
2026-04-26 18:46:40 [INFO ] [VerificationService] Document verification requested by org=ORG006 docType=PASSPORT
2026-04-26 18:46:40 [INFO ] [VerificationService] Document verification outcome=Visa type: WORK, valid: true, expires: 2027-06-30 org=ORG006
2026-04-26 18:46:40 [INFO ] [PersonRepository] Loaded 3 persons from /tmp/junit-15675884134076445468/persons.json
2026-04-26 18:46:40 [INFO ] [VisaRepository] Loaded 3 visas from /tmp/junit-15675884134076445468/visas.json
2026-04-26 18:46:40 [INFO ] [ShareCodeRepository] Loaded 5 share codes from /tmp/junit-15675884134076445468/share_codes.json
2026-04-26 18:46:40 [INFO ] [OrganisationRepository] Loaded 4 organisations from /tmp/junit-15675884134076445468/organisations.json
2026-04-26 18:46:40 [INFO ] [VerificationService] Share code verification requested by org=ORG001
2026-04-26 18:46:40 [INFO ] [ShareCodeRepository] Updated share code ABC123XY1, used=true
2026-04-26 18:46:40 [INFO ] [VerificationService] Share code verification outcome=Right to work: true, expires: 2027-06-30 org=ORG001
2026-04-26 18:46:40 [INFO ] [PersonRepository] Loaded 3 persons from /tmp/junit-3227927092029524760/persons.json
2026-04-26 18:46:40 [INFO ] [VisaRepository] Loaded 3 visas from /tmp/junit-3227927092029524760/visas.json
2026-04-26 18:46:40 [INFO ] [ShareCodeRepository] Loaded 5 share codes from /tmp/junit-3227927092029524760/share_codes.json
2026-04-26 18:46:40 [INFO ] [OrganisationRepository] Loaded 4 organisations from /tmp/junit-3227927092029524760/organisations.json
2026-04-26 18:46:40 [INFO ] [VerificationService] Share code verification requested by org=ORG001
2026-04-26 18:46:40 [WARN ] [VerificationService] Rejected SHARE_CODE_VERIFICATION reason=Share code must be 9 uppercase alphanumeric characters org=ORG001
2026-04-26 18:46:40 [INFO ] [PersonRepository] Loaded 3 persons from /tmp/junit-13545154845718372507/persons.json
2026-04-26 18:46:40 [INFO ] [VisaRepository] Loaded 3 visas from /tmp/junit-13545154845718372507/visas.json
2026-04-26 18:46:40 [INFO ] [ShareCodeRepository] Loaded 5 share codes from /tmp/junit-13545154845718372507/share_codes.json
2026-04-26 18:46:40 [INFO ] [OrganisationRepository] Loaded 4 organisations from /tmp/junit-13545154845718372507/organisations.json
2026-04-26 18:46:40 [INFO ] [VerificationService] Document verification requested by org=ORG005 docType=PASSPORT
2026-04-26 18:46:40 [WARN ] [VerificationService] Rejected DOCUMENT_VERIFICATION reason=Person not found for document org=ORG005
2026-04-26 18:46:40 [INFO ] [PersonRepository] Loaded 3 persons from /tmp/junit-9130484980376472795/persons.json
2026-04-26 18:46:40 [INFO ] [VisaRepository] Loaded 3 visas from /tmp/junit-9130484980376472795/visas.json
2026-04-26 18:46:40 [INFO ] [ShareCodeRepository] Loaded 5 share codes from /tmp/junit-9130484980376472795/share_codes.json
2026-04-26 18:46:40 [INFO ] [OrganisationRepository] Loaded 4 organisations from /tmp/junit-9130484980376472795/organisations.json
2026-04-26 18:46:40 [INFO ] [VerificationService] Document verification requested by org=ORG005 docType=PASSPORT
2026-04-26 18:46:40 [WARN ] [VerificationService] Rejected DOCUMENT_VERIFICATION reason=Passport number must be 9 uppercase alphanumeric characters org=ORG005
2026-04-26 18:46:40 [INFO ] [PersonRepository] Loaded 3 persons from /tmp/junit-9346585730494304778/persons.json
2026-04-26 18:46:40 [INFO ] [VisaRepository] Loaded 3 visas from /tmp/junit-9346585730494304778/visas.json
2026-04-26 18:46:40 [INFO ] [ShareCodeRepository] Loaded 5 share codes from /tmp/junit-9346585730494304778/share_codes.json
2026-04-26 18:46:40 [INFO ] [OrganisationRepository] Loaded 4 organisations from /tmp/junit-9346585730494304778/organisations.json
2026-04-26 18:46:40 [INFO ] [VerificationService] Document verification requested by org=ORG001 docType=PASSPORT
2026-04-26 18:46:40 [WARN ] [VerificationService] Rejected DOCUMENT_VERIFICATION reason=Organisation role 'EMPLOYER' is not authorised for the document route org=ORG001
2026-04-26 18:46:40 [INFO ] [PersonRepository] Loaded 3 persons from /tmp/junit-4415196108963899801/persons.json
2026-04-26 18:46:40 [INFO ] [VisaRepository] Loaded 3 visas from /tmp/junit-4415196108963899801/visas.json
2026-04-26 18:46:40 [INFO ] [ShareCodeRepository] Loaded 5 share codes from /tmp/junit-4415196108963899801/share_codes.json
2026-04-26 18:46:40 [INFO ] [OrganisationRepository] Loaded 4 organisations from /tmp/junit-4415196108963899801/organisations.json
2026-04-26 18:46:40 [INFO ] [VerificationService] Share code verification requested by org=ORG999
2026-04-26 18:46:40 [WARN ] [VerificationService] Rejected SHARE_CODE_VERIFICATION reason=Organisation not recognised org=ORG999
2026-04-26 18:46:40 [INFO ] [PersonRepository] Loaded 3 persons from /tmp/junit-15526089627478358946/persons.json
2026-04-26 18:46:40 [INFO ] [VisaRepository] Loaded 3 visas from /tmp/junit-15526089627478358946/visas.json
2026-04-26 18:46:40 [INFO ] [ShareCodeRepository] Loaded 5 share codes from /tmp/junit-15526089627478358946/share_codes.json
2026-04-26 18:46:40 [INFO ] [OrganisationRepository] Loaded 4 organisations from /tmp/junit-15526089627478358946/organisations.json
2026-04-26 18:46:40 [INFO ] [VerificationService] Share code verification requested by org=ORG005
2026-04-26 18:46:40 [WARN ] [VerificationService] Rejected SHARE_CODE_VERIFICATION reason=Organisation role 'BORDER_CONTROL' is not authorised for the share code route org=ORG005
2026-04-26 18:55:55 [INFO ] [PersonRepository] Loaded 3 persons from /tmp/junit-18313379697216323505/persons.json
2026-04-26 18:55:55 [INFO ] [VisaRepository] Loaded 3 visas from /tmp/junit-18313379697216323505/visas.json
2026-04-26 18:55:55 [INFO ] [ShareCodeRepository] Loaded 5 share codes from /tmp/junit-18313379697216323505/share_codes.json
2026-04-26 18:55:55 [INFO ] [OrganisationRepository] Loaded 4 organisations from /tmp/junit-18313379697216323505/organisations.json
2026-04-26 18:55:55 [INFO ] [ShareCodeRepository] Persisted new share code for person P001
2026-04-26 18:55:55 [INFO ] [ShareCodeService] Generated share code for person=P001**** purpose=EMPLOYMENT
2026-04-26 18:55:55 [INFO ] [VerificationService] Share code verification requested by org=ORG001
2026-04-26 18:55:55 [INFO ] [ShareCodeRepository] Updated share code X2YJRL7CY, used=true
2026-04-26 18:55:55 [INFO ] [VerificationService] Share code verification outcome=Right to work: true, expires: 2027-06-30 org=ORG001
2026-04-26 18:55:55 [INFO ] [PersonRepository] Loaded 3 persons from /tmp/junit-2134240904475432682/persons.json
2026-04-26 18:55:55 [INFO ] [VisaRepository] Loaded 3 visas from /tmp/junit-2134240904475432682/visas.json
2026-04-26 18:55:55 [INFO ] [ShareCodeRepository] Loaded 5 share codes from /tmp/junit-2134240904475432682/share_codes.json
2026-04-26 18:55:55 [INFO ] [OrganisationRepository] Loaded 4 organisations from /tmp/junit-2134240904475432682/organisations.json
2026-04-26 18:55:55 [INFO ] [VerificationService] Share code verification requested by org=ORG001
2026-04-26 18:55:55 [INFO ] [ShareCodeRepository] Updated share code ABC123XY1, used=true
2026-04-26 18:55:55 [INFO ] [VerificationService] Share code verification outcome=Right to work: true, expires: 2027-06-30 org=ORG001
2026-04-26 18:55:55 [INFO ] [PersonRepository] Loaded 3 persons from /tmp/junit-16437656118459678627/persons.json
2026-04-26 18:55:55 [INFO ] [VisaRepository] Loaded 3 visas from /tmp/junit-16437656118459678627/visas.json
2026-04-26 18:55:55 [INFO ] [ShareCodeRepository] Loaded 5 share codes from /tmp/junit-16437656118459678627/share_codes.json
2026-04-26 18:55:55 [INFO ] [OrganisationRepository] Loaded 4 organisations from /tmp/junit-16437656118459678627/organisations.json
2026-04-26 18:55:55 [INFO ] [ShareCodeRepository] Persisted new share code for person P001
2026-04-26 18:55:55 [INFO ] [ShareCodeService] Generated share code for person=P001**** purpose=EMPLOYMENT
2026-04-26 18:55:55 [INFO ] [VerificationService] Share code verification requested by org=ORG001
2026-04-26 18:55:55 [INFO ] [ShareCodeRepository] Updated share code FFMMTG29R, used=true
2026-04-26 18:55:55 [INFO ] [VerificationService] Share code verification outcome=Right to work: true, expires: 2027-06-30 org=ORG001
2026-04-26 18:55:55 [INFO ] [PersonRepository] Loaded 3 persons from /tmp/junit-10988810780806232350/persons.json
2026-04-26 18:55:55 [INFO ] [VisaRepository] Loaded 3 visas from /tmp/junit-10988810780806232350/visas.json
2026-04-26 18:55:55 [INFO ] [ShareCodeRepository] Loaded 5 share codes from /tmp/junit-10988810780806232350/share_codes.json
2026-04-26 18:55:55 [INFO ] [OrganisationRepository] Loaded 4 organisations from /tmp/junit-10988810780806232350/organisations.json
2026-04-26 18:55:55 [INFO ] [ShareCodeRepository] Persisted new share code for person P001
2026-04-26 18:55:55 [INFO ] [ShareCodeService] Generated share code for person=P001**** purpose=EMPLOYMENT
2026-04-26 18:55:55 [INFO ] [VerificationService] Share code verification requested by org=ORG001
2026-04-26 18:55:55 [INFO ] [ShareCodeRepository] Updated share code WKE7E2KHS, used=true
2026-04-26 18:55:55 [INFO ] [VerificationService] Share code verification outcome=Right to work: true, expires: 2027-06-30 org=ORG001
2026-04-26 18:55:55 [INFO ] [VerificationService] Share code verification requested by org=ORG001
2026-04-26 18:55:55 [WARN ] [VerificationService] Rejected SHARE_CODE_VERIFICATION reason=Share code has already been used org=ORG001
2026-04-26 18:55:56 [INFO ] [PersonRepository] Loaded 3 persons from /tmp/junit-7811600312783919568/persons.json
2026-04-26 18:55:56 [INFO ] [VisaRepository] Loaded 3 visas from /tmp/junit-7811600312783919568/visas.json
2026-04-26 18:55:56 [INFO ] [ShareCodeRepository] Loaded 5 share codes from /tmp/junit-7811600312783919568/share_codes.json
2026-04-26 18:55:56 [INFO ] [OrganisationRepository] Loaded 4 organisations from /tmp/junit-7811600312783919568/organisations.json
2026-04-26 18:55:56 [WARN ] [VerificationService] Confirmation refused by org=ORG005
2026-04-26 18:55:56 [INFO ] [PersonRepository] Loaded 3 persons from /tmp/junit-11110670646674040612/persons.json
2026-04-26 18:55:56 [INFO ] [VisaRepository] Loaded 3 visas from /tmp/junit-11110670646674040612/visas.json
2026-04-26 18:55:56 [INFO ] [ShareCodeRepository] Loaded 5 share codes from /tmp/junit-11110670646674040612/share_codes.json
2026-04-26 18:55:56 [INFO ] [OrganisationRepository] Loaded 4 organisations from /tmp/junit-11110670646674040612/organisations.json
2026-04-26 18:55:56 [INFO ] [VerificationService] Document verification requested by org=ORG001 docType=PASSPORT
2026-04-26 18:55:56 [WARN ] [VerificationService] Rejected DOCUMENT_VERIFICATION reason=Organisation role 'EMPLOYER' is not authorised for the document route org=ORG001
2026-04-26 18:55:56 [INFO ] [PersonRepository] Loaded 3 persons from /tmp/junit-16652885650532219499/persons.json
2026-04-26 18:55:56 [INFO ] [VisaRepository] Loaded 3 visas from /tmp/junit-16652885650532219499/visas.json
2026-04-26 18:55:56 [INFO ] [ShareCodeRepository] Loaded 5 share codes from /tmp/junit-16652885650532219499/share_codes.json
2026-04-26 18:55:56 [INFO ] [OrganisationRepository] Loaded 4 organisations from /tmp/junit-16652885650532219499/organisations.json
2026-04-26 18:55:56 [INFO ] [VerificationService] Document verification requested by org=ORG005 docType=PASSPORT
2026-04-26 18:55:56 [INFO ] [VerificationService] Document verification outcome=Entry permitted: true, conditions: [] org=ORG005
2026-04-26 18:55:56 [INFO ] [PersonRepository] Loaded 3 persons from /tmp/junit-12347524116736048372/persons.json
2026-04-26 18:55:56 [INFO ] [VisaRepository] Loaded 3 visas from /tmp/junit-12347524116736048372/visas.json
2026-04-26 18:55:56 [INFO ] [ShareCodeRepository] Loaded 5 share codes from /tmp/junit-12347524116736048372/share_codes.json
2026-04-26 18:55:56 [INFO ] [OrganisationRepository] Loaded 4 organisations from /tmp/junit-12347524116736048372/organisations.json
2026-04-26 18:55:56 [INFO ] [VerificationService] Document verification requested by org=ORG006 docType=PASSPORT
2026-04-26 18:55:56 [INFO ] [VerificationService] Document verification outcome=Visa type: WORK, valid: true, expires: 2027-06-30 org=ORG006
2026-04-26 18:55:56 [INFO ] [PersonRepository] Loaded 3 persons from /tmp/junit-3201581934085208145/persons.json
2026-04-26 18:55:56 [INFO ] [VisaRepository] Loaded 3 visas from /tmp/junit-3201581934085208145/visas.json
2026-04-26 18:55:56 [INFO ] [ShareCodeRepository] Loaded 5 share codes from /tmp/junit-3201581934085208145/share_codes.json
2026-04-26 18:55:56 [INFO ] [OrganisationRepository] Loaded 4 organisations from /tmp/junit-3201581934085208145/organisations.json
2026-04-26 18:55:56 [INFO ] [PersonRepository] Loaded 3 persons from /tmp/junit-18177721050032988892/persons.json
2026-04-26 18:55:56 [INFO ] [VisaRepository] Loaded 3 visas from /tmp/junit-18177721050032988892/visas.json
2026-04-26 18:55:56 [INFO ] [ShareCodeRepository] Loaded 5 share codes from /tmp/junit-18177721050032988892/share_codes.json
2026-04-26 18:55:56 [INFO ] [OrganisationRepository] Loaded 4 organisations from /tmp/junit-18177721050032988892/organisations.json
2026-04-26 18:55:56 [INFO ] [VerificationService] Document verification requested by org=ORG005 docType=PASSPORT
2026-04-26 18:55:56 [WARN ] [VerificationService] Rejected DOCUMENT_VERIFICATION reason=Person not found for document org=ORG005
2026-04-26 18:55:56 [INFO ] [PersonRepository] Loaded 3 persons from /tmp/junit-10779642347799996404/persons.json
2026-04-26 18:55:56 [INFO ] [VisaRepository] Loaded 3 visas from /tmp/junit-10779642347799996404/visas.json
2026-04-26 18:55:56 [INFO ] [ShareCodeRepository] Loaded 5 share codes from /tmp/junit-10779642347799996404/share_codes.json
2026-04-26 18:55:56 [INFO ] [OrganisationRepository] Loaded 4 organisations from /tmp/junit-10779642347799996404/organisations.json
2026-04-26 18:55:56 [INFO ] [VerificationService] Document verification requested by org=ORG006 docType=PASSPORT
2026-04-26 18:55:56 [INFO ] [VerificationService] Document verification outcome=Visa type: WORK, valid: true, expires: 2027-06-30 org=ORG006
2026-04-26 18:55:56 [INFO ] [PersonRepository] Loaded 3 persons from /tmp/junit-7043924394026052017/persons.json
2026-04-26 18:55:56 [INFO ] [VisaRepository] Loaded 3 visas from /tmp/junit-7043924394026052017/visas.json
2026-04-26 18:55:56 [INFO ] [ShareCodeRepository] Loaded 5 share codes from /tmp/junit-7043924394026052017/share_codes.json
2026-04-26 18:55:56 [INFO ] [OrganisationRepository] Loaded 4 organisations from /tmp/junit-7043924394026052017/organisations.json
2026-04-26 18:55:56 [INFO ] [VerificationService] Document verification requested by org=ORG005 docType=PASSPORT
2026-04-26 18:55:56 [INFO ] [VerificationService] Document verification outcome=Entry permitted: true, conditions: [] org=ORG005
2026-04-26 18:55:56 [INFO ] [PersonRepository] Loaded 3 persons from /tmp/junit-3418107564361222789/persons.json
2026-04-26 18:55:56 [INFO ] [VisaRepository] Loaded 3 visas from /tmp/junit-3418107564361222789/visas.json
2026-04-26 18:55:56 [INFO ] [ShareCodeRepository] Loaded 5 share codes from /tmp/junit-3418107564361222789/share_codes.json
2026-04-26 18:55:56 [INFO ] [OrganisationRepository] Loaded 4 organisations from /tmp/junit-3418107564361222789/organisations.json
2026-04-26 18:55:56 [INFO ] [VerificationService] Document verification requested by org=ORG005 docType=PASSPORT
2026-04-26 18:55:56 [INFO ] [VerificationService] Document verification outcome=Entry permitted: true, conditions: [] org=ORG005
2026-04-26 18:55:56 [INFO ] [PersonRepository] Loaded 3 persons from /tmp/junit-4230068016709882614/persons.json
2026-04-26 18:55:56 [INFO ] [VisaRepository] Loaded 3 visas from /tmp/junit-4230068016709882614/visas.json
2026-04-26 18:55:56 [INFO ] [ShareCodeRepository] Loaded 5 share codes from /tmp/junit-4230068016709882614/share_codes.json
2026-04-26 18:55:56 [INFO ] [OrganisationRepository] Loaded 4 organisations from /tmp/junit-4230068016709882614/organisations.json
2026-04-26 18:55:56 [WARN ] [VerificationService] Confirmation refused by org=ORG005
2026-04-26 18:55:56 [INFO ] [PersonRepository] Loaded 3 persons from /tmp/junit-4364434545380300188/persons.json
2026-04-26 18:55:56 [INFO ] [VisaRepository] Loaded 3 visas from /tmp/junit-4364434545380300188/visas.json
2026-04-26 18:55:56 [INFO ] [ShareCodeRepository] Loaded 5 share codes from /tmp/junit-4364434545380300188/share_codes.json
2026-04-26 18:55:56 [INFO ] [OrganisationRepository] Loaded 4 organisations from /tmp/junit-4364434545380300188/organisations.json
2026-04-26 18:55:56 [WARN ] [VerificationService] Confirmation refused by org=ORG001
2026-04-26 18:55:56 [INFO ] [PersonRepository] Loaded 3 persons from /tmp/junit-4010703711141492837/persons.json
2026-04-26 18:55:56 [INFO ] [VisaRepository] Loaded 3 visas from /tmp/junit-4010703711141492837/visas.json
2026-04-26 18:55:56 [INFO ] [ShareCodeRepository] Loaded 5 share codes from /tmp/junit-4010703711141492837/share_codes.json
2026-04-26 18:55:56 [INFO ] [OrganisationRepository] Loaded 4 organisations from /tmp/junit-4010703711141492837/organisations.json
2026-04-26 18:55:56 [INFO ] [VerificationService] Share code verification requested by org=ORG001
2026-04-26 18:55:56 [INFO ] [ShareCodeRepository] Updated share code ABC123XY1, used=true
2026-04-26 18:55:56 [INFO ] [VerificationService] Share code verification outcome=Right to work: true, expires: 2027-06-30 org=ORG001
2026-04-26 18:55:56 [INFO ] [PersonRepository] Loaded 3 persons from /tmp/junit-9526893987544297991/persons.json
2026-04-26 18:55:56 [INFO ] [VisaRepository] Loaded 3 visas from /tmp/junit-9526893987544297991/visas.json
2026-04-26 18:55:56 [INFO ] [ShareCodeRepository] Loaded 5 share codes from /tmp/junit-9526893987544297991/share_codes.json
2026-04-26 18:55:56 [INFO ] [OrganisationRepository] Loaded 4 organisations from /tmp/junit-9526893987544297991/organisations.json
2026-04-26 18:55:56 [INFO ] [VerificationService] Share code verification requested by org=ORG001
2026-04-26 18:55:56 [INFO ] [ShareCodeRepository] Updated share code ABC123XY1, used=true
2026-04-26 18:55:56 [INFO ] [VerificationService] Share code verification outcome=Right to work: true, expires: 2027-06-30 org=ORG001
2026-04-26 18:55:56 [INFO ] [PersonRepository] Loaded 3 persons from /tmp/junit-13897980869151805214/persons.json
2026-04-26 18:55:56 [INFO ] [VisaRepository] Loaded 3 visas from /tmp/junit-13897980869151805214/visas.json
2026-04-26 18:55:56 [INFO ] [ShareCodeRepository] Loaded 5 share codes from /tmp/junit-13897980869151805214/share_codes.json
2026-04-26 18:55:56 [INFO ] [OrganisationRepository] Loaded 4 organisations from /tmp/junit-13897980869151805214/organisations.json
2026-04-26 18:55:56 [INFO ] [VerificationService] Share code verification requested by org=ORG001
2026-04-26 18:55:56 [WARN ] [VerificationService] Rejected SHARE_CODE_VERIFICATION reason=Purpose 'ACCOMMODATION' is not permitted for role 'EMPLOYER' org=ORG001
2026-04-26 18:55:56 [INFO ] [PersonRepository] Loaded 3 persons from /tmp/junit-5715119907032488854/persons.json
2026-04-26 18:55:56 [INFO ] [VisaRepository] Loaded 3 visas from /tmp/junit-5715119907032488854/visas.json
2026-04-26 18:55:56 [INFO ] [ShareCodeRepository] Loaded 5 share codes from /tmp/junit-5715119907032488854/share_codes.json
2026-04-26 18:55:56 [INFO ] [OrganisationRepository] Loaded 4 organisations from /tmp/junit-5715119907032488854/organisations.json
2026-04-26 18:55:56 [WARN ] [VerificationService] Confirmation refused by org=ORG001
2026-04-26 18:55:56 [INFO ] [PersonRepository] Loaded 3 persons from /tmp/junit-6444311513135808653/persons.json
2026-04-26 18:55:56 [INFO ] [VisaRepository] Loaded 3 visas from /tmp/junit-6444311513135808653/visas.json
2026-04-26 18:55:56 [INFO ] [ShareCodeRepository] Loaded 5 share codes from /tmp/junit-6444311513135808653/share_codes.json
2026-04-26 18:55:56 [INFO ] [OrganisationRepository] Loaded 4 organisations from /tmp/junit-6444311513135808653/organisations.json
2026-04-26 18:55:56 [INFO ] [VerificationService] Share code verification requested by org=ORG001
2026-04-26 18:55:56 [INFO ] [ShareCodeRepository] Updated share code ABC123XY1, used=true
2026-04-26 18:55:56 [INFO ] [VerificationService] Share code verification outcome=Right to work: true, expires: 2027-06-30 org=ORG001
2026-04-26 18:55:56 [INFO ] [PersonRepository] Loaded 3 persons from /tmp/junit-14389222136077870485/persons.json
2026-04-26 18:55:56 [INFO ] [VisaRepository] Loaded 3 visas from /tmp/junit-14389222136077870485/visas.json
2026-04-26 18:55:56 [INFO ] [ShareCodeRepository] Loaded 5 share codes from /tmp/junit-14389222136077870485/share_codes.json
2026-04-26 18:55:56 [INFO ] [OrganisationRepository] Loaded 4 organisations from /tmp/junit-14389222136077870485/organisations.json
2026-04-26 18:55:56 [INFO ] [VerificationService] Share code verification requested by org=ORG001
2026-04-26 18:55:56 [WARN ] [VerificationService] Rejected SHARE_CODE_VERIFICATION reason=Date of birth does not match org=ORG001
2026-04-26 18:55:56 [INFO ] [PersonRepository] Loaded 3 persons from /tmp/junit-4816076476568999113/persons.json
2026-04-26 18:55:56 [INFO ] [VisaRepository] Loaded 3 visas from /tmp/junit-4816076476568999113/visas.json
2026-04-26 18:55:56 [INFO ] [ShareCodeRepository] Loaded 5 share codes from /tmp/junit-4816076476568999113/share_codes.json
2026-04-26 18:55:56 [INFO ] [OrganisationRepository] Loaded 4 organisations from /tmp/junit-4816076476568999113/organisations.json
2026-04-26 18:55:56 [INFO ] [VerificationService] Share code verification requested by org=ORG003
2026-04-26 18:55:56 [WARN ] [VerificationService] Rejected SHARE_CODE_VERIFICATION reason=Share code has already been used org=ORG003
2026-04-26 18:55:56 [INFO ] [PersonRepository] Loaded 3 persons from /tmp/junit-11613018575259277469/persons.json
2026-04-26 18:55:56 [INFO ] [VisaRepository] Loaded 3 visas from /tmp/junit-11613018575259277469/visas.json
2026-04-26 18:55:56 [INFO ] [ShareCodeRepository] Loaded 5 share codes from /tmp/junit-11613018575259277469/share_codes.json
2026-04-26 18:55:56 [INFO ] [OrganisationRepository] Loaded 4 organisations from /tmp/junit-11613018575259277469/organisations.json
2026-04-26 18:55:56 [INFO ] [VerificationService] Share code verification requested by org=ORG003
2026-04-26 18:55:56 [INFO ] [ShareCodeRepository] Updated share code DEF456YZ2, used=true
2026-04-26 18:55:56 [INFO ] [VerificationService] Share code verification outcome=Right to rent: true org=ORG003
2026-04-26 18:55:56 [INFO ] [PersonRepository] Loaded 3 persons from /tmp/junit-11196532814545839705/persons.json
2026-04-26 18:55:56 [INFO ] [VisaRepository] Loaded 3 visas from /tmp/junit-11196532814545839705/visas.json
2026-04-26 18:55:56 [INFO ] [ShareCodeRepository] Loaded 5 share codes from /tmp/junit-11196532814545839705/share_codes.json
2026-04-26 18:55:56 [INFO ] [OrganisationRepository] Loaded 4 organisations from /tmp/junit-11196532814545839705/organisations.json
2026-04-26 18:55:56 [INFO ] [VerificationService] Share code verification requested by org=ORG001
2026-04-26 18:55:56 [INFO ] [ShareCodeRepository] Updated share code ABC123XY1, used=true
2026-04-26 18:55:56 [INFO ] [VerificationService] Share code verification outcome=Right to work: true, expires: 2027-06-30 org=ORG001
2026-04-26 18:55:56 [INFO ] [PersonRepository] Loaded 3 persons from /tmp/junit-8162280933180477392/persons.json
2026-04-26 18:55:56 [INFO ] [VisaRepository] Loaded 3 visas from /tmp/junit-8162280933180477392/visas.json
2026-04-26 18:55:56 [INFO ] [ShareCodeRepository] Loaded 5 share codes from /tmp/junit-8162280933180477392/share_codes.json
2026-04-26 18:55:56 [INFO ] [OrganisationRepository] Loaded 4 organisations from /tmp/junit-8162280933180477392/organisations.json
2026-04-26 18:55:56 [WARN ] [VerificationService] Confirmation refused by org=ORG001
2026-04-26 18:55:56 [INFO ] [PersonRepository] Loaded 3 persons from /tmp/junit-14895669212431635733/persons.json
2026-04-26 18:55:56 [INFO ] [VisaRepository] Loaded 3 visas from /tmp/junit-14895669212431635733/visas.json
2026-04-26 18:55:56 [INFO ] [ShareCodeRepository] Loaded 5 share codes from /tmp/junit-14895669212431635733/share_codes.json
2026-04-26 18:55:56 [INFO ] [OrganisationRepository] Loaded 4 organisations from /tmp/junit-14895669212431635733/organisations.json
2026-04-26 18:55:56 [INFO ] [VerificationService] Share code verification requested by org=ORG001
2026-04-26 18:55:56 [INFO ] [ShareCodeRepository] Updated share code QRS678FG6, used=true
2026-04-26 18:55:56 [INFO ] [VerificationService] Share code verification outcome=Right to work: false, expires: 2026-10-25 org=ORG001
2026-04-26 18:55:56 [INFO ] [PersonRepository] Loaded 3 persons from /tmp/junit-3481382757473426699/persons.json
2026-04-26 18:55:56 [INFO ] [VisaRepository] Loaded 3 visas from /tmp/junit-3481382757473426699/visas.json
2026-04-26 18:55:56 [INFO ] [ShareCodeRepository] Loaded 5 share codes from /tmp/junit-3481382757473426699/share_codes.json
2026-04-26 18:55:56 [INFO ] [OrganisationRepository] Loaded 4 organisations from /tmp/junit-3481382757473426699/organisations.json
2026-04-26 18:55:56 [INFO ] [VerificationService] Share code verification requested by org=ORG001
2026-04-26 18:55:56 [WARN ] [VerificationService] Rejected SHARE_CODE_VERIFICATION reason=Share code has expired org=ORG001
2026-04-26 18:55:56 [INFO ] [PersonRepository] Loaded 3 persons from /tmp/junit-14661461066103258723/persons.json
2026-04-26 18:55:56 [INFO ] [VisaRepository] Loaded 3 visas from /tmp/junit-14661461066103258723/visas.json
2026-04-26 18:55:56 [INFO ] [ShareCodeRepository] Loaded 5 share codes from /tmp/junit-14661461066103258723/share_codes.json
2026-04-26 18:55:56 [INFO ] [OrganisationRepository] Loaded 4 organisations from /tmp/junit-14661461066103258723/organisations.json
2026-04-26 18:55:56 [WARN ] [VerificationService] Confirmation refused by org=ORG001
2026-04-26 18:55:56 [INFO ] [PersonRepository] Loaded 3 persons from /tmp/junit-12241575242987203651/persons.json
2026-04-26 18:55:56 [INFO ] [VisaRepository] Loaded 3 visas from /tmp/junit-12241575242987203651/visas.json
2026-04-26 18:55:56 [INFO ] [ShareCodeRepository] Loaded 5 share codes from /tmp/junit-12241575242987203651/share_codes.json
2026-04-26 18:55:56 [INFO ] [OrganisationRepository] Loaded 4 organisations from /tmp/junit-12241575242987203651/organisations.json
2026-04-26 18:55:56 [INFO ] [ShareCodeRepository] Persisted new share code for person P001
2026-04-26 18:55:56 [INFO ] [ShareCodeService] Generated share code for person=P001**** purpose=EMPLOYMENT
2026-04-26 18:55:56 [INFO ] [PersonRepository] Loaded 3 persons from /tmp/junit-5091051386451358966/persons.json
2026-04-26 18:55:56 [INFO ] [VisaRepository] Loaded 3 visas from /tmp/junit-5091051386451358966/visas.json
2026-04-26 18:55:56 [INFO ] [ShareCodeRepository] Loaded 5 share codes from /tmp/junit-5091051386451358966/share_codes.json
2026-04-26 18:55:56 [INFO ] [OrganisationRepository] Loaded 4 organisations from /tmp/junit-5091051386451358966/organisations.json
2026-04-26 18:55:56 [INFO ] [ShareCodeRepository] Persisted new share code for person P001
2026-04-26 18:55:56 [INFO ] [ShareCodeService] Generated share code for person=P001**** purpose=EMPLOYMENT
2026-04-26 18:55:56 [INFO ] [PersonRepository] Loaded 3 persons from /tmp/junit-10494771620738889415/persons.json
2026-04-26 18:55:56 [INFO ] [VisaRepository] Loaded 3 visas from /tmp/junit-10494771620738889415/visas.json
2026-04-26 18:55:56 [INFO ] [ShareCodeRepository] Loaded 5 share codes from /tmp/junit-10494771620738889415/share_codes.json
2026-04-26 18:55:56 [INFO ] [OrganisationRepository] Loaded 4 organisations from /tmp/junit-10494771620738889415/organisations.json
2026-04-26 18:55:56 [INFO ] [ShareCodeRepository] Persisted new share code for person P001
2026-04-26 18:55:56 [INFO ] [ShareCodeService] Generated share code for person=P001**** purpose=EMPLOYMENT
2026-04-26 18:55:56 [INFO ] [PersonRepository] Loaded 3 persons from /tmp/junit-12331651741046703636/persons.json
2026-04-26 18:55:56 [INFO ] [VisaRepository] Loaded 3 visas from /tmp/junit-12331651741046703636/visas.json
2026-04-26 18:55:56 [INFO ] [ShareCodeRepository] Loaded 5 share codes from /tmp/junit-12331651741046703636/share_codes.json
2026-04-26 18:55:56 [INFO ] [OrganisationRepository] Loaded 4 organisations from /tmp/junit-12331651741046703636/organisations.json
2026-04-26 18:55:56 [INFO ] [ShareCodeRepository] Persisted new share code for person P001
2026-04-26 18:55:56 [INFO ] [ShareCodeService] Generated share code for person=P001**** purpose=EMPLOYMENT
2026-04-26 18:55:56 [INFO ] [PersonRepository] Loaded 3 persons from /tmp/junit-12791030779460501705/persons.json
2026-04-26 18:55:56 [INFO ] [VisaRepository] Loaded 3 visas from /tmp/junit-12791030779460501705/visas.json
2026-04-26 18:55:56 [INFO ] [ShareCodeRepository] Loaded 5 share codes from /tmp/junit-12791030779460501705/share_codes.json
2026-04-26 18:55:56 [INFO ] [OrganisationRepository] Loaded 4 organisations from /tmp/junit-12791030779460501705/organisations.json
2026-04-26 18:55:56 [INFO ] [PersonRepository] Loaded 3 persons from /tmp/junit-15179767003583975485/persons.json
2026-04-26 18:55:56 [INFO ] [VisaRepository] Loaded 3 visas from /tmp/junit-15179767003583975485/visas.json
2026-04-26 18:55:56 [INFO ] [ShareCodeRepository] Loaded 5 share codes from /tmp/junit-15179767003583975485/share_codes.json
2026-04-26 18:55:56 [INFO ] [OrganisationRepository] Loaded 4 organisations from /tmp/junit-15179767003583975485/organisations.json
2026-04-26 18:55:56 [INFO ] [ShareCodeRepository] Persisted new share code for person P001
2026-04-26 18:55:56 [INFO ] [ShareCodeService] Generated share code for person=P001**** purpose=EMPLOYMENT
2026-04-26 18:55:56 [INFO ] [PersonRepository] Loaded 3 persons from /tmp/junit-285884829866721398/persons.json
2026-04-26 18:55:56 [INFO ] [VisaRepository] Loaded 3 visas from /tmp/junit-285884829866721398/visas.json
2026-04-26 18:55:56 [INFO ] [ShareCodeRepository] Loaded 5 share codes from /tmp/junit-285884829866721398/share_codes.json
2026-04-26 18:55:56 [INFO ] [OrganisationRepository] Loaded 4 organisations from /tmp/junit-285884829866721398/organisations.json
2026-04-26 18:55:56 [INFO ] [ShareCodeRepository] Persisted new share code for person P001
2026-04-26 18:55:56 [INFO ] [ShareCodeService] Generated share code for person=P001**** purpose=EMPLOYMENT
2026-04-26 18:55:56 [INFO ] [PersonRepository] Loaded 3 persons from /tmp/junit-10840757477086650796/persons.json
2026-04-26 18:55:56 [INFO ] [VisaRepository] Loaded 3 visas from /tmp/junit-10840757477086650796/visas.json
2026-04-26 18:55:56 [INFO ] [ShareCodeRepository] Loaded 5 share codes from /tmp/junit-10840757477086650796/share_codes.json
2026-04-26 18:55:56 [INFO ] [OrganisationRepository] Loaded 4 organisations from /tmp/junit-10840757477086650796/organisations.json
2026-04-26 18:55:56 [INFO ] [PersonRepository] Loaded 3 persons from /tmp/junit-2854898462330739381/persons.json
2026-04-26 18:55:56 [INFO ] [VisaRepository] Loaded 3 visas from /tmp/junit-2854898462330739381/visas.json
2026-04-26 18:55:56 [INFO ] [ShareCodeRepository] Loaded 5 share codes from /tmp/junit-2854898462330739381/share_codes.json
2026-04-26 18:55:56 [INFO ] [OrganisationRepository] Loaded 4 organisations from /tmp/junit-2854898462330739381/organisations.json
2026-04-26 18:55:56 [INFO ] [PersonRepository] Loaded 3 persons from /tmp/junit-8868384949691322252/persons.json
2026-04-26 18:55:56 [INFO ] [VisaRepository] Loaded 3 visas from /tmp/junit-8868384949691322252/visas.json
2026-04-26 18:55:56 [INFO ] [ShareCodeRepository] Loaded 5 share codes from /tmp/junit-8868384949691322252/share_codes.json
2026-04-26 18:55:56 [INFO ] [OrganisationRepository] Loaded 4 organisations from /tmp/junit-8868384949691322252/organisations.json
2026-04-26 18:55:56 [INFO ] [ShareCodeRepository] Persisted new share code for person P001
2026-04-26 18:55:56 [INFO ] [ShareCodeService] Generated share code for person=P001**** purpose=EMPLOYMENT
2026-04-26 18:55:56 [INFO ] [PersonRepository] Loaded 3 persons from /tmp/junit-768475171960994196/persons.json
2026-04-26 18:55:56 [INFO ] [VisaRepository] Loaded 3 visas from /tmp/junit-768475171960994196/visas.json
2026-04-26 18:55:56 [INFO ] [ShareCodeRepository] Loaded 5 share codes from /tmp/junit-768475171960994196/share_codes.json
2026-04-26 18:55:56 [INFO ] [OrganisationRepository] Loaded 4 organisations from /tmp/junit-768475171960994196/organisations.json
2026-04-26 18:55:56 [INFO ] [PersonRepository] Loaded 3 persons from /tmp/junit-768475171960994196/persons.json
2026-04-26 18:55:56 [INFO ] [VisaRepository] Loaded 3 visas from /tmp/junit-768475171960994196/visas.json
2026-04-26 18:55:56 [INFO ] [ShareCodeRepository] Loaded 5 share codes from /tmp/junit-768475171960994196/share_codes.json
2026-04-26 18:55:56 [INFO ] [OrganisationRepository] Loaded 4 organisations from /tmp/junit-768475171960994196/organisations.json
2026-04-26 18:55:56 [INFO ] [PersonRepository] Loaded 3 persons from /tmp/junit-9695967093654076389/persons.json
2026-04-26 18:55:56 [INFO ] [VisaRepository] Loaded 3 visas from /tmp/junit-9695967093654076389/visas.json
2026-04-26 18:55:56 [INFO ] [ShareCodeRepository] Loaded 5 share codes from /tmp/junit-9695967093654076389/share_codes.json
2026-04-26 18:55:56 [INFO ] [OrganisationRepository] Loaded 4 organisations from /tmp/junit-9695967093654076389/organisations.json
2026-04-26 18:55:56 [INFO ] [PersonRepository] Loaded 3 persons from /tmp/junit-9695967093654076389/persons.json
2026-04-26 18:55:56 [INFO ] [VisaRepository] Loaded 3 visas from /tmp/junit-9695967093654076389/visas.json
2026-04-26 18:55:56 [INFO ] [ShareCodeRepository] Loaded 5 share codes from /tmp/junit-9695967093654076389/share_codes.json
2026-04-26 18:55:56 [INFO ] [OrganisationRepository] Loaded 4 organisations from /tmp/junit-9695967093654076389/organisations.json
2026-04-26 18:55:56 [INFO ] [PersonRepository] Loaded 3 persons from /tmp/junit-18162334749857784773/persons.json
2026-04-26 18:55:56 [INFO ] [VisaRepository] Loaded 3 visas from /tmp/junit-18162334749857784773/visas.json
2026-04-26 18:55:56 [INFO ] [ShareCodeRepository] Loaded 5 share codes from /tmp/junit-18162334749857784773/share_codes.json
2026-04-26 18:55:56 [INFO ] [OrganisationRepository] Loaded 4 organisations from /tmp/junit-18162334749857784773/organisations.json
2026-04-26 18:55:56 [INFO ] [PersonRepository] Loaded 3 persons from /tmp/junit-18162334749857784773/persons.json
2026-04-26 18:55:56 [INFO ] [VisaRepository] Loaded 3 visas from /tmp/junit-18162334749857784773/visas.json
2026-04-26 18:55:56 [INFO ] [ShareCodeRepository] Loaded 5 share codes from /tmp/junit-18162334749857784773/share_codes.json
2026-04-26 18:55:56 [INFO ] [OrganisationRepository] Loaded 4 organisations from /tmp/junit-18162334749857784773/organisations.json
2026-04-26 18:55:56 [INFO ] [PersonRepository] Loaded 3 persons from /tmp/junit-8411307573350540553/persons.json
2026-04-26 18:55:56 [INFO ] [VisaRepository] Loaded 3 visas from /tmp/junit-8411307573350540553/visas.json
2026-04-26 18:55:56 [INFO ] [ShareCodeRepository] Loaded 5 share codes from /tmp/junit-8411307573350540553/share_codes.json
2026-04-26 18:55:56 [INFO ] [OrganisationRepository] Loaded 4 organisations from /tmp/junit-8411307573350540553/organisations.json
2026-04-26 18:55:56 [INFO ] [PersonRepository] Loaded 3 persons from /tmp/junit-8411307573350540553/persons.json
2026-04-26 18:55:56 [INFO ] [VisaRepository] Loaded 3 visas from /tmp/junit-8411307573350540553/visas.json
2026-04-26 18:55:56 [INFO ] [ShareCodeRepository] Loaded 5 share codes from /tmp/junit-8411307573350540553/share_codes.json
2026-04-26 18:55:56 [INFO ] [OrganisationRepository] Loaded 4 organisations from /tmp/junit-8411307573350540553/organisations.json
2026-04-26 18:55:56 [WARN ] [VerificationService] Confirmation refused by org=ORG005
2026-04-26 18:55:56 [INFO ] [PersonRepository] Loaded 3 persons from /tmp/junit-10216227377832463080/persons.json
2026-04-26 18:55:56 [INFO ] [VisaRepository] Loaded 3 visas from /tmp/junit-10216227377832463080/visas.json
2026-04-26 18:55:56 [INFO ] [ShareCodeRepository] Loaded 5 share codes from /tmp/junit-10216227377832463080/share_codes.json
2026-04-26 18:55:56 [INFO ] [OrganisationRepository] Loaded 4 organisations from /tmp/junit-10216227377832463080/organisations.json
2026-04-26 18:55:56 [INFO ] [PersonRepository] Loaded 3 persons from /tmp/junit-10216227377832463080/persons.json
2026-04-26 18:55:56 [INFO ] [VisaRepository] Loaded 3 visas from /tmp/junit-10216227377832463080/visas.json
2026-04-26 18:55:56 [INFO ] [ShareCodeRepository] Loaded 5 share codes from /tmp/junit-10216227377832463080/share_codes.json
2026-04-26 18:55:56 [INFO ] [OrganisationRepository] Loaded 4 organisations from /tmp/junit-10216227377832463080/organisations.json
2026-04-26 18:55:56 [WARN ] [VerificationService] Confirmation refused by org=ORG001
2026-04-26 18:55:56 [INFO ] [PersonRepository] Loaded 3 persons from /tmp/junit-14870340039613648449/persons.json
2026-04-26 18:55:56 [INFO ] [VisaRepository] Loaded 3 visas from /tmp/junit-14870340039613648449/visas.json
2026-04-26 18:55:56 [INFO ] [ShareCodeRepository] Loaded 5 share codes from /tmp/junit-14870340039613648449/share_codes.json
2026-04-26 18:55:56 [INFO ] [OrganisationRepository] Loaded 4 organisations from /tmp/junit-14870340039613648449/organisations.json
2026-04-26 18:55:56 [INFO ] [PersonRepository] Loaded 3 persons from /tmp/junit-14870340039613648449/persons.json
2026-04-26 18:55:56 [INFO ] [VisaRepository] Loaded 3 visas from /tmp/junit-14870340039613648449/visas.json
2026-04-26 18:55:56 [INFO ] [ShareCodeRepository] Loaded 5 share codes from /tmp/junit-14870340039613648449/share_codes.json
2026-04-26 18:55:56 [INFO ] [OrganisationRepository] Loaded 4 organisations from /tmp/junit-14870340039613648449/organisations.json
2026-04-26 18:55:56 [INFO ] [ShareCodeRepository] Loaded 0 share codes from /tmp/junit-11487903294061752897/share_codes.json
2026-04-26 18:55:56 [INFO ] [ShareCodeRepository] Persisted new share code for person P003
2026-04-26 18:55:56 [INFO ] [ShareCodeService] Generated share code for person=P003**** purpose=ACCOMMODATION
2026-04-26 18:55:56 [INFO ] [ShareCodeRepository] Loaded 0 share codes from /tmp/junit-5329606707445799094/share_codes.json
2026-04-26 18:55:56 [INFO ] [ShareCodeRepository] Persisted new share code for person P001
2026-04-26 18:55:56 [INFO ] [ShareCodeService] Generated share code for person=P001**** purpose=EMPLOYMENT
2026-04-26 18:55:56 [INFO ] [ShareCodeRepository] Loaded 0 share codes from /tmp/junit-17224132134753357484/share_codes.json
2026-04-26 18:55:56 [INFO ] [ShareCodeRepository] Persisted new share code for person P002
2026-04-26 18:55:56 [INFO ] [ShareCodeService] Generated share code for person=P002**** purpose=EDUCATION
2026-04-26 18:55:56 [INFO ] [ShareCodeRepository] Loaded 0 share codes from /tmp/junit-2130635583667548293/share_codes.json
2026-04-26 18:55:56 [INFO ] [ShareCodeRepository] Persisted new share code for person P001
2026-04-26 18:55:56 [INFO ] [ShareCodeService] Generated share code for person=P001**** purpose=EMPLOYMENT
2026-04-26 18:55:56 [INFO ] [ShareCodeRepository] Loaded 0 share codes from /tmp/junit-2596917191242615214/share_codes.json
2026-04-26 18:55:56 [INFO ] [ShareCodeRepository] Persisted new share code for person P001
2026-04-26 18:55:56 [INFO ] [ShareCodeService] Generated share code for person=P001**** purpose=EMPLOYMENT
2026-04-26 18:55:56 [INFO ] [ShareCodeRepository] Loaded 0 share codes from /tmp/junit-18425407858841904167/share_codes.json
2026-04-26 18:55:56 [INFO ] [ShareCodeRepository] Persisted new share code for person P001
2026-04-26 18:55:56 [INFO ] [ShareCodeService] Generated share code for person=P001**** purpose=EMPLOYMENT
2026-04-26 18:55:56 [INFO ] [ShareCodeRepository] Persisted new share code for person P001
2026-04-26 18:55:56 [INFO ] [ShareCodeService] Generated share code for person=P001**** purpose=EMPLOYMENT
2026-04-26 18:55:56 [INFO ] [PersonRepository] Loaded 3 persons from /tmp/junit-288824880244877205/persons.json
2026-04-26 18:55:56 [INFO ] [VisaRepository] Loaded 3 visas from /tmp/junit-288824880244877205/visas.json
2026-04-26 18:55:56 [INFO ] [ShareCodeRepository] Loaded 5 share codes from /tmp/junit-288824880244877205/share_codes.json
2026-04-26 18:55:56 [INFO ] [OrganisationRepository] Loaded 4 organisations from /tmp/junit-288824880244877205/organisations.json
2026-04-26 18:55:56 [INFO ] [VerificationService] Share code verification requested by org=ORG001
2026-04-26 18:55:56 [WARN ] [VerificationService] Rejected SHARE_CODE_VERIFICATION reason=Share code has expired org=ORG001
2026-04-26 18:55:56 [INFO ] [PersonRepository] Loaded 3 persons from /tmp/junit-15745904969814625825/persons.json
2026-04-26 18:55:56 [INFO ] [VisaRepository] Loaded 3 visas from /tmp/junit-15745904969814625825/visas.json
2026-04-26 18:55:56 [INFO ] [ShareCodeRepository] Loaded 5 share codes from /tmp/junit-15745904969814625825/share_codes.json
2026-04-26 18:55:56 [INFO ] [OrganisationRepository] Loaded 4 organisations from /tmp/junit-15745904969814625825/organisations.json
2026-04-26 18:55:56 [INFO ] [VerificationService] Share code verification requested by org=ORG003
2026-04-26 18:55:56 [INFO ] [ShareCodeRepository] Updated share code DEF456YZ2, used=true
2026-04-26 18:55:56 [INFO ] [VerificationService] Share code verification outcome=Right to rent: true org=ORG003
2026-04-26 18:55:56 [INFO ] [PersonRepository] Loaded 3 persons from /tmp/junit-12768607727591428350/persons.json
2026-04-26 18:55:56 [INFO ] [VisaRepository] Loaded 3 visas from /tmp/junit-12768607727591428350/visas.json
2026-04-26 18:55:56 [INFO ] [ShareCodeRepository] Loaded 5 share codes from /tmp/junit-12768607727591428350/share_codes.json
2026-04-26 18:55:56 [INFO ] [OrganisationRepository] Loaded 4 organisations from /tmp/junit-12768607727591428350/organisations.json
2026-04-26 18:55:56 [INFO ] [VerificationService] Document verification requested by org=ORG005 docType=PASSPORT
2026-04-26 18:55:56 [INFO ] [VerificationService] Document verification outcome=Entry permitted: true, conditions: [] org=ORG005
2026-04-26 18:55:56 [INFO ] [PersonRepository] Loaded 3 persons from /tmp/junit-5142934055973562645/persons.json
2026-04-26 18:55:56 [INFO ] [VisaRepository] Loaded 3 visas from /tmp/junit-5142934055973562645/visas.json
2026-04-26 18:55:56 [INFO ] [ShareCodeRepository] Loaded 5 share codes from /tmp/junit-5142934055973562645/share_codes.json
2026-04-26 18:55:56 [INFO ] [OrganisationRepository] Loaded 4 organisations from /tmp/junit-5142934055973562645/organisations.json
2026-04-26 18:55:56 [INFO ] [VerificationService] Share code verification requested by org=ORG001
2026-04-26 18:55:56 [WARN ] [VerificationService] Rejected SHARE_CODE_VERIFICATION reason=Purpose 'ACCOMMODATION' is not permitted for role 'EMPLOYER' org=ORG001
2026-04-26 18:55:56 [INFO ] [PersonRepository] Loaded 3 persons from /tmp/junit-10296207075693911161/persons.json
2026-04-26 18:55:56 [INFO ] [VisaRepository] Loaded 3 visas from /tmp/junit-10296207075693911161/visas.json
2026-04-26 18:55:56 [INFO ] [ShareCodeRepository] Loaded 5 share codes from /tmp/junit-10296207075693911161/share_codes.json
2026-04-26 18:55:56 [INFO ] [OrganisationRepository] Loaded 4 organisations from /tmp/junit-10296207075693911161/organisations.json
2026-04-26 18:55:56 [INFO ] [VerificationService] Share code verification requested by org=ORG001
2026-04-26 18:55:56 [WARN ] [VerificationService] Rejected SHARE_CODE_VERIFICATION reason=Date of birth does not match org=ORG001
2026-04-26 18:55:56 [INFO ] [PersonRepository] Loaded 3 persons from /tmp/junit-9041182704917456202/persons.json
2026-04-26 18:55:56 [INFO ] [VisaRepository] Loaded 3 visas from /tmp/junit-9041182704917456202/visas.json
2026-04-26 18:55:56 [INFO ] [ShareCodeRepository] Loaded 5 share codes from /tmp/junit-9041182704917456202/share_codes.json
2026-04-26 18:55:56 [INFO ] [OrganisationRepository] Loaded 4 organisations from /tmp/junit-9041182704917456202/organisations.json
2026-04-26 18:55:56 [INFO ] [VerificationService] Share code verification requested by org=ORG001
2026-04-26 18:55:56 [INFO ] [ShareCodeRepository] Updated share code ABC123XY1, used=true
2026-04-26 18:55:56 [INFO ] [VerificationService] Share code verification outcome=Right to work: true, expires: 2027-06-30 org=ORG001
2026-04-26 18:55:56 [INFO ] [VerificationService] Share code verification requested by org=ORG001
2026-04-26 18:55:56 [WARN ] [VerificationService] Rejected SHARE_CODE_VERIFICATION reason=Share code has already been used org=ORG001
2026-04-26 18:55:56 [INFO ] [PersonRepository] Loaded 3 persons from /tmp/junit-95660746142310683/persons.json
2026-04-26 18:55:56 [INFO ] [VisaRepository] Loaded 3 visas from /tmp/junit-95660746142310683/visas.json
2026-04-26 18:55:56 [INFO ] [ShareCodeRepository] Loaded 5 share codes from /tmp/junit-95660746142310683/share_codes.json
2026-04-26 18:55:56 [INFO ] [OrganisationRepository] Loaded 4 organisations from /tmp/junit-95660746142310683/organisations.json
2026-04-26 18:55:56 [INFO ] [VerificationService] Share code verification requested by org=ORG001
2026-04-26 18:55:56 [INFO ] [ShareCodeRepository] Updated share code QRS678FG6, used=true
2026-04-26 18:55:56 [INFO ] [VerificationService] Share code verification outcome=Right to work: false, expires: 2026-10-25 org=ORG001
2026-04-26 18:55:56 [INFO ] [PersonRepository] Loaded 3 persons from /tmp/junit-4960097864062795609/persons.json
2026-04-26 18:55:56 [INFO ] [VisaRepository] Loaded 3 visas from /tmp/junit-4960097864062795609/visas.json
2026-04-26 18:55:56 [INFO ] [ShareCodeRepository] Loaded 5 share codes from /tmp/junit-4960097864062795609/share_codes.json
2026-04-26 18:55:56 [INFO ] [OrganisationRepository] Loaded 4 organisations from /tmp/junit-4960097864062795609/organisations.json
2026-04-26 18:55:56 [INFO ] [VerificationService] Share code verification requested by org=ORG003
2026-04-26 18:55:56 [WARN ] [VerificationService] Rejected SHARE_CODE_VERIFICATION reason=Share code has already been used org=ORG003
2026-04-26 18:55:56 [INFO ] [PersonRepository] Loaded 3 persons from /tmp/junit-14275455649590810880/persons.json
2026-04-26 18:55:56 [INFO ] [VisaRepository] Loaded 3 visas from /tmp/junit-14275455649590810880/visas.json
2026-04-26 18:55:56 [INFO ] [ShareCodeRepository] Loaded 5 share codes from /tmp/junit-14275455649590810880/share_codes.json
2026-04-26 18:55:56 [INFO ] [OrganisationRepository] Loaded 4 organisations from /tmp/junit-14275455649590810880/organisations.json
2026-04-26 18:55:56 [INFO ] [VerificationService] Document verification requested by org=ORG006 docType=PASSPORT
2026-04-26 18:55:56 [INFO ] [VerificationService] Document verification outcome=Visa type: WORK, valid: true, expires: 2027-06-30 org=ORG006
2026-04-26 18:55:56 [INFO ] [PersonRepository] Loaded 3 persons from /tmp/junit-8149098515358260462/persons.json
2026-04-26 18:55:56 [INFO ] [VisaRepository] Loaded 3 visas from /tmp/junit-8149098515358260462/visas.json
2026-04-26 18:55:56 [INFO ] [ShareCodeRepository] Loaded 5 share codes from /tmp/junit-8149098515358260462/share_codes.json
2026-04-26 18:55:56 [INFO ] [OrganisationRepository] Loaded 4 organisations from /tmp/junit-8149098515358260462/organisations.json
2026-04-26 18:55:56 [INFO ] [VerificationService] Share code verification requested by org=ORG001
2026-04-26 18:55:56 [INFO ] [ShareCodeRepository] Updated share code ABC123XY1, used=true
2026-04-26 18:55:56 [INFO ] [VerificationService] Share code verification outcome=Right to work: true, expires: 2027-06-30 org=ORG001
2026-04-26 18:55:56 [INFO ] [PersonRepository] Loaded 3 persons from /tmp/junit-1752887663395714656/persons.json
2026-04-26 18:55:56 [INFO ] [VisaRepository] Loaded 3 visas from /tmp/junit-1752887663395714656/visas.json
2026-04-26 18:55:56 [INFO ] [ShareCodeRepository] Loaded 5 share codes from /tmp/junit-1752887663395714656/share_codes.json
2026-04-26 18:55:56 [INFO ] [OrganisationRepository] Loaded 4 organisations from /tmp/junit-1752887663395714656/organisations.json
2026-04-26 18:55:56 [INFO ] [VerificationService] Share code verification requested by org=ORG001
2026-04-26 18:55:56 [WARN ] [VerificationService] Rejected SHARE_CODE_VERIFICATION reason=Share code must be 9 uppercase alphanumeric characters org=ORG001
2026-04-26 18:55:56 [INFO ] [PersonRepository] Loaded 3 persons from /tmp/junit-16308144364497472100/persons.json
2026-04-26 18:55:56 [INFO ] [VisaRepository] Loaded 3 visas from /tmp/junit-16308144364497472100/visas.json
2026-04-26 18:55:56 [INFO ] [ShareCodeRepository] Loaded 5 share codes from /tmp/junit-16308144364497472100/share_codes.json
2026-04-26 18:55:56 [INFO ] [OrganisationRepository] Loaded 4 organisations from /tmp/junit-16308144364497472100/organisations.json
2026-04-26 18:55:56 [INFO ] [VerificationService] Document verification requested by org=ORG005 docType=PASSPORT
2026-04-26 18:55:56 [WARN ] [VerificationService] Rejected DOCUMENT_VERIFICATION reason=Person not found for document org=ORG005
2026-04-26 18:55:56 [INFO ] [PersonRepository] Loaded 3 persons from /tmp/junit-12072196648813173508/persons.json
2026-04-26 18:55:56 [INFO ] [VisaRepository] Loaded 3 visas from /tmp/junit-12072196648813173508/visas.json
2026-04-26 18:55:56 [INFO ] [ShareCodeRepository] Loaded 5 share codes from /tmp/junit-12072196648813173508/share_codes.json
2026-04-26 18:55:56 [INFO ] [OrganisationRepository] Loaded 4 organisations from /tmp/junit-12072196648813173508/organisations.json
2026-04-26 18:55:56 [INFO ] [VerificationService] Document verification requested by org=ORG005 docType=PASSPORT
2026-04-26 18:55:56 [WARN ] [VerificationService] Rejected DOCUMENT_VERIFICATION reason=Passport number must be 9 uppercase alphanumeric characters org=ORG005
2026-04-26 18:55:56 [INFO ] [PersonRepository] Loaded 3 persons from /tmp/junit-16961540901444612822/persons.json
2026-04-26 18:55:56 [INFO ] [VisaRepository] Loaded 3 visas from /tmp/junit-16961540901444612822/visas.json
2026-04-26 18:55:56 [INFO ] [ShareCodeRepository] Loaded 5 share codes from /tmp/junit-16961540901444612822/share_codes.json
2026-04-26 18:55:56 [INFO ] [OrganisationRepository] Loaded 4 organisations from /tmp/junit-16961540901444612822/organisations.json
2026-04-26 18:55:56 [INFO ] [VerificationService] Document verification requested by org=ORG001 docType=PASSPORT
2026-04-26 18:55:56 [WARN ] [VerificationService] Rejected DOCUMENT_VERIFICATION reason=Organisation role 'EMPLOYER' is not authorised for the document route org=ORG001
2026-04-26 18:55:56 [INFO ] [PersonRepository] Loaded 3 persons from /tmp/junit-2906743548352681171/persons.json
2026-04-26 18:55:56 [INFO ] [VisaRepository] Loaded 3 visas from /tmp/junit-2906743548352681171/visas.json
2026-04-26 18:55:56 [INFO ] [ShareCodeRepository] Loaded 5 share codes from /tmp/junit-2906743548352681171/share_codes.json
2026-04-26 18:55:56 [INFO ] [OrganisationRepository] Loaded 4 organisations from /tmp/junit-2906743548352681171/organisations.json
2026-04-26 18:55:56 [INFO ] [VerificationService] Share code verification requested by org=ORG999
2026-04-26 18:55:56 [WARN ] [VerificationService] Rejected SHARE_CODE_VERIFICATION reason=Organisation not recognised org=ORG999
2026-04-26 18:55:56 [INFO ] [PersonRepository] Loaded 3 persons from /tmp/junit-5366387931026144391/persons.json
2026-04-26 18:55:56 [INFO ] [VisaRepository] Loaded 3 visas from /tmp/junit-5366387931026144391/visas.json
2026-04-26 18:55:56 [INFO ] [ShareCodeRepository] Loaded 5 share codes from /tmp/junit-5366387931026144391/share_codes.json
2026-04-26 18:55:56 [INFO ] [OrganisationRepository] Loaded 4 organisations from /tmp/junit-5366387931026144391/organisations.json
2026-04-26 18:55:56 [INFO ] [VerificationService] Share code verification requested by org=ORG005
2026-04-26 18:55:56 [WARN ] [VerificationService] Rejected SHARE_CODE_VERIFICATION reason=Organisation role 'BORDER_CONTROL' is not authorised for the share code route org=ORG005
2026-04-26 19:25:40 [INFO ] [PersonRepository] Loaded 3 persons from /tmp/junit-11916748644702218531/persons.json
2026-04-26 19:25:40 [INFO ] [VisaRepository] Loaded 3 visas from /tmp/junit-11916748644702218531/visas.json
2026-04-26 19:25:40 [INFO ] [ShareCodeRepository] Loaded 5 share codes from /tmp/junit-11916748644702218531/share_codes.json
2026-04-26 19:25:40 [INFO ] [OrganisationRepository] Loaded 4 organisations from /tmp/junit-11916748644702218531/organisations.json
2026-04-26 19:29:13 [INFO ] [PersonRepository] Loaded 3 persons from /tmp/junit-8935896935954455469/persons.json
2026-04-26 19:29:13 [INFO ] [VisaRepository] Loaded 3 visas from /tmp/junit-8935896935954455469/visas.json
2026-04-26 19:29:13 [INFO ] [ShareCodeRepository] Loaded 5 share codes from /tmp/junit-8935896935954455469/share_codes.json
2026-04-26 19:29:13 [INFO ] [OrganisationRepository] Loaded 4 organisations from /tmp/junit-8935896935954455469/organisations.json
2026-04-26 19:29:13 [INFO ] [ShareCodeRepository] Persisted new share code for person P001
2026-04-26 19:29:13 [INFO ] [ShareCodeService] Generated share code for person=P001**** purpose=EMPLOYMENT
2026-04-26 19:29:13 [INFO ] [VerificationService] Share code verification requested by org=ORG001
2026-04-26 19:29:13 [INFO ] [ShareCodeRepository] Updated share code 2VP5NWWPA, used=true
2026-04-26 19:29:13 [INFO ] [VerificationService] Share code verification outcome=Right to work: true, expires: 2027-06-30 org=ORG001
2026-04-26 19:29:13 [INFO ] [PersonRepository] Loaded 3 persons from /tmp/junit-4700362711922421696/persons.json
2026-04-26 19:29:13 [INFO ] [VisaRepository] Loaded 3 visas from /tmp/junit-4700362711922421696/visas.json
2026-04-26 19:29:13 [INFO ] [ShareCodeRepository] Loaded 5 share codes from /tmp/junit-4700362711922421696/share_codes.json
2026-04-26 19:29:13 [INFO ] [OrganisationRepository] Loaded 4 organisations from /tmp/junit-4700362711922421696/organisations.json
2026-04-26 19:29:13 [INFO ] [VerificationService] Share code verification requested by org=ORG001
2026-04-26 19:29:13 [INFO ] [ShareCodeRepository] Updated share code ABC123XY1, used=true
2026-04-26 19:29:13 [INFO ] [VerificationService] Share code verification outcome=Right to work: true, expires: 2027-06-30 org=ORG001
2026-04-26 19:29:13 [INFO ] [PersonRepository] Loaded 3 persons from /tmp/junit-5714994306199622399/persons.json
2026-04-26 19:29:13 [INFO ] [VisaRepository] Loaded 3 visas from /tmp/junit-5714994306199622399/visas.json
2026-04-26 19:29:13 [INFO ] [ShareCodeRepository] Loaded 5 share codes from /tmp/junit-5714994306199622399/share_codes.json
2026-04-26 19:29:13 [INFO ] [OrganisationRepository] Loaded 4 organisations from /tmp/junit-5714994306199622399/organisations.json
2026-04-26 19:29:13 [INFO ] [ShareCodeRepository] Persisted new share code for person P001
2026-04-26 19:29:13 [INFO ] [ShareCodeService] Generated share code for person=P001**** purpose=EMPLOYMENT
2026-04-26 19:29:13 [INFO ] [VerificationService] Share code verification requested by org=ORG001
2026-04-26 19:29:13 [INFO ] [ShareCodeRepository] Updated share code VTRWUGREB, used=true
2026-04-26 19:29:13 [INFO ] [VerificationService] Share code verification outcome=Right to work: true, expires: 2027-06-30 org=ORG001
2026-04-26 19:29:13 [INFO ] [PersonRepository] Loaded 3 persons from /tmp/junit-1117479826288051850/persons.json
2026-04-26 19:29:13 [INFO ] [VisaRepository] Loaded 3 visas from /tmp/junit-1117479826288051850/visas.json
2026-04-26 19:29:13 [INFO ] [ShareCodeRepository] Loaded 5 share codes from /tmp/junit-1117479826288051850/share_codes.json
2026-04-26 19:29:13 [INFO ] [OrganisationRepository] Loaded 4 organisations from /tmp/junit-1117479826288051850/organisations.json
2026-04-26 19:29:13 [INFO ] [ShareCodeRepository] Persisted new share code for person P001
2026-04-26 19:29:13 [INFO ] [ShareCodeService] Generated share code for person=P001**** purpose=EMPLOYMENT
2026-04-26 19:29:13 [INFO ] [VerificationService] Share code verification requested by org=ORG001
2026-04-26 19:29:13 [INFO ] [ShareCodeRepository] Updated share code WG43TDK6J, used=true
2026-04-26 19:29:13 [INFO ] [VerificationService] Share code verification outcome=Right to work: true, expires: 2027-06-30 org=ORG001
2026-04-26 19:29:13 [INFO ] [VerificationService] Share code verification requested by org=ORG001
2026-04-26 19:29:13 [WARN ] [VerificationService] Rejected SHARE_CODE_VERIFICATION reason=Share code has already been used org=ORG001
2026-04-26 19:29:13 [INFO ] [PersonRepository] Loaded 3 persons from /tmp/junit-2178904243901746185/persons.json
2026-04-26 19:29:13 [INFO ] [VisaRepository] Loaded 3 visas from /tmp/junit-2178904243901746185/visas.json
2026-04-26 19:29:13 [INFO ] [ShareCodeRepository] Loaded 5 share codes from /tmp/junit-2178904243901746185/share_codes.json
2026-04-26 19:29:13 [INFO ] [OrganisationRepository] Loaded 4 organisations from /tmp/junit-2178904243901746185/organisations.json
2026-04-26 19:29:13 [WARN ] [VerificationService] Confirmation refused by org=ORG005
2026-04-26 19:29:13 [INFO ] [PersonRepository] Loaded 3 persons from /tmp/junit-3196718370455061495/persons.json
2026-04-26 19:29:13 [INFO ] [VisaRepository] Loaded 3 visas from /tmp/junit-3196718370455061495/visas.json
2026-04-26 19:29:13 [INFO ] [ShareCodeRepository] Loaded 5 share codes from /tmp/junit-3196718370455061495/share_codes.json
2026-04-26 19:29:13 [INFO ] [OrganisationRepository] Loaded 4 organisations from /tmp/junit-3196718370455061495/organisations.json
2026-04-26 19:29:13 [INFO ] [VerificationService] Document verification requested by org=ORG001 docType=PASSPORT
2026-04-26 19:29:13 [WARN ] [VerificationService] Rejected DOCUMENT_VERIFICATION reason=Organisation role 'EMPLOYER' is not authorised for the document route org=ORG001
2026-04-26 19:29:13 [INFO ] [PersonRepository] Loaded 3 persons from /tmp/junit-9131845550093865659/persons.json
2026-04-26 19:29:13 [INFO ] [VisaRepository] Loaded 3 visas from /tmp/junit-9131845550093865659/visas.json
2026-04-26 19:29:13 [INFO ] [ShareCodeRepository] Loaded 5 share codes from /tmp/junit-9131845550093865659/share_codes.json
2026-04-26 19:29:13 [INFO ] [OrganisationRepository] Loaded 4 organisations from /tmp/junit-9131845550093865659/organisations.json
2026-04-26 19:29:13 [INFO ] [VerificationService] Document verification requested by org=ORG005 docType=PASSPORT
2026-04-26 19:29:13 [INFO ] [VerificationService] Document verification outcome=Entry permitted: true, conditions: [] org=ORG005
2026-04-26 19:29:13 [INFO ] [PersonRepository] Loaded 3 persons from /tmp/junit-6406272104775352712/persons.json
2026-04-26 19:29:13 [INFO ] [VisaRepository] Loaded 3 visas from /tmp/junit-6406272104775352712/visas.json
2026-04-26 19:29:13 [INFO ] [ShareCodeRepository] Loaded 5 share codes from /tmp/junit-6406272104775352712/share_codes.json
2026-04-26 19:29:13 [INFO ] [OrganisationRepository] Loaded 4 organisations from /tmp/junit-6406272104775352712/organisations.json
2026-04-26 19:29:13 [INFO ] [VerificationService] Document verification requested by org=ORG006 docType=PASSPORT
2026-04-26 19:29:13 [INFO ] [VerificationService] Document verification outcome=Visa type: WORK, valid: true, expires: 2027-06-30 org=ORG006
2026-04-26 19:29:13 [INFO ] [PersonRepository] Loaded 3 persons from /tmp/junit-3275376885781662412/persons.json
2026-04-26 19:29:13 [INFO ] [VisaRepository] Loaded 3 visas from /tmp/junit-3275376885781662412/visas.json
2026-04-26 19:29:13 [INFO ] [ShareCodeRepository] Loaded 5 share codes from /tmp/junit-3275376885781662412/share_codes.json
2026-04-26 19:29:13 [INFO ] [OrganisationRepository] Loaded 4 organisations from /tmp/junit-3275376885781662412/organisations.json
2026-04-26 19:29:13 [INFO ] [PersonRepository] Loaded 3 persons from /tmp/junit-1015859059767815428/persons.json
2026-04-26 19:29:13 [INFO ] [VisaRepository] Loaded 3 visas from /tmp/junit-1015859059767815428/visas.json
2026-04-26 19:29:13 [INFO ] [ShareCodeRepository] Loaded 5 share codes from /tmp/junit-1015859059767815428/share_codes.json
2026-04-26 19:29:13 [INFO ] [OrganisationRepository] Loaded 4 organisations from /tmp/junit-1015859059767815428/organisations.json
2026-04-26 19:29:13 [INFO ] [VerificationService] Document verification requested by org=ORG005 docType=PASSPORT
2026-04-26 19:29:13 [WARN ] [VerificationService] Rejected DOCUMENT_VERIFICATION reason=Person not found for document org=ORG005
2026-04-26 19:29:13 [INFO ] [PersonRepository] Loaded 3 persons from /tmp/junit-10941813389288795390/persons.json
2026-04-26 19:29:13 [INFO ] [VisaRepository] Loaded 3 visas from /tmp/junit-10941813389288795390/visas.json
2026-04-26 19:29:13 [INFO ] [ShareCodeRepository] Loaded 5 share codes from /tmp/junit-10941813389288795390/share_codes.json
2026-04-26 19:29:13 [INFO ] [OrganisationRepository] Loaded 4 organisations from /tmp/junit-10941813389288795390/organisations.json
2026-04-26 19:29:13 [INFO ] [VerificationService] Document verification requested by org=ORG006 docType=PASSPORT
2026-04-26 19:29:13 [INFO ] [VerificationService] Document verification outcome=Visa type: WORK, valid: true, expires: 2027-06-30 org=ORG006
2026-04-26 19:29:13 [INFO ] [PersonRepository] Loaded 3 persons from /tmp/junit-10004877853892604984/persons.json
2026-04-26 19:29:13 [INFO ] [VisaRepository] Loaded 3 visas from /tmp/junit-10004877853892604984/visas.json
2026-04-26 19:29:13 [INFO ] [ShareCodeRepository] Loaded 5 share codes from /tmp/junit-10004877853892604984/share_codes.json
2026-04-26 19:29:13 [INFO ] [OrganisationRepository] Loaded 4 organisations from /tmp/junit-10004877853892604984/organisations.json
2026-04-26 19:29:13 [INFO ] [VerificationService] Document verification requested by org=ORG005 docType=PASSPORT
2026-04-26 19:29:13 [INFO ] [VerificationService] Document verification outcome=Entry permitted: true, conditions: [] org=ORG005
2026-04-26 19:29:14 [INFO ] [PersonRepository] Loaded 3 persons from /tmp/junit-16866654099519616558/persons.json
2026-04-26 19:29:14 [INFO ] [VisaRepository] Loaded 3 visas from /tmp/junit-16866654099519616558/visas.json
2026-04-26 19:29:14 [INFO ] [ShareCodeRepository] Loaded 5 share codes from /tmp/junit-16866654099519616558/share_codes.json
2026-04-26 19:29:14 [INFO ] [OrganisationRepository] Loaded 4 organisations from /tmp/junit-16866654099519616558/organisations.json
2026-04-26 19:29:14 [INFO ] [VerificationService] Document verification requested by org=ORG005 docType=PASSPORT
2026-04-26 19:29:14 [INFO ] [VerificationService] Document verification outcome=Entry permitted: true, conditions: [] org=ORG005
2026-04-26 19:29:14 [INFO ] [PersonRepository] Loaded 3 persons from /tmp/junit-6037073236019738143/persons.json
2026-04-26 19:29:14 [INFO ] [VisaRepository] Loaded 3 visas from /tmp/junit-6037073236019738143/visas.json
2026-04-26 19:29:14 [INFO ] [ShareCodeRepository] Loaded 5 share codes from /tmp/junit-6037073236019738143/share_codes.json
2026-04-26 19:29:14 [INFO ] [OrganisationRepository] Loaded 4 organisations from /tmp/junit-6037073236019738143/organisations.json
2026-04-26 19:29:14 [WARN ] [VerificationService] Confirmation refused by org=ORG005
2026-04-26 19:29:14 [INFO ] [PersonRepository] Loaded 3 persons from /tmp/junit-13455344978259913211/persons.json
2026-04-26 19:29:14 [INFO ] [VisaRepository] Loaded 3 visas from /tmp/junit-13455344978259913211/visas.json
2026-04-26 19:29:14 [INFO ] [ShareCodeRepository] Loaded 5 share codes from /tmp/junit-13455344978259913211/share_codes.json
2026-04-26 19:29:14 [INFO ] [OrganisationRepository] Loaded 4 organisations from /tmp/junit-13455344978259913211/organisations.json
2026-04-26 19:29:14 [WARN ] [VerificationService] Confirmation refused by org=ORG001
2026-04-26 19:29:14 [INFO ] [PersonRepository] Loaded 3 persons from /tmp/junit-2770939045069786391/persons.json
2026-04-26 19:29:14 [INFO ] [VisaRepository] Loaded 3 visas from /tmp/junit-2770939045069786391/visas.json
2026-04-26 19:29:14 [INFO ] [ShareCodeRepository] Loaded 5 share codes from /tmp/junit-2770939045069786391/share_codes.json
2026-04-26 19:29:14 [INFO ] [OrganisationRepository] Loaded 4 organisations from /tmp/junit-2770939045069786391/organisations.json
2026-04-26 19:29:14 [INFO ] [VerificationService] Share code verification requested by org=ORG001
2026-04-26 19:29:14 [INFO ] [ShareCodeRepository] Updated share code ABC123XY1, used=true
2026-04-26 19:29:14 [INFO ] [VerificationService] Share code verification outcome=Right to work: true, expires: 2027-06-30 org=ORG001
2026-04-26 19:29:14 [INFO ] [PersonRepository] Loaded 3 persons from /tmp/junit-18147626145432096182/persons.json
2026-04-26 19:29:14 [INFO ] [VisaRepository] Loaded 3 visas from /tmp/junit-18147626145432096182/visas.json
2026-04-26 19:29:14 [INFO ] [ShareCodeRepository] Loaded 5 share codes from /tmp/junit-18147626145432096182/share_codes.json
2026-04-26 19:29:14 [INFO ] [OrganisationRepository] Loaded 4 organisations from /tmp/junit-18147626145432096182/organisations.json
2026-04-26 19:29:14 [INFO ] [VerificationService] Share code verification requested by org=ORG001
2026-04-26 19:29:14 [INFO ] [ShareCodeRepository] Updated share code ABC123XY1, used=true
2026-04-26 19:29:14 [INFO ] [VerificationService] Share code verification outcome=Right to work: true, expires: 2027-06-30 org=ORG001
2026-04-26 19:29:14 [INFO ] [PersonRepository] Loaded 3 persons from /tmp/junit-11766567567831808805/persons.json
2026-04-26 19:29:14 [INFO ] [VisaRepository] Loaded 3 visas from /tmp/junit-11766567567831808805/visas.json
2026-04-26 19:29:14 [INFO ] [ShareCodeRepository] Loaded 5 share codes from /tmp/junit-11766567567831808805/share_codes.json
2026-04-26 19:29:14 [INFO ] [OrganisationRepository] Loaded 4 organisations from /tmp/junit-11766567567831808805/organisations.json
2026-04-26 19:29:14 [INFO ] [VerificationService] Share code verification requested by org=ORG001
2026-04-26 19:29:14 [WARN ] [VerificationService] Rejected SHARE_CODE_VERIFICATION reason=Purpose 'ACCOMMODATION' is not permitted for role 'EMPLOYER' org=ORG001
2026-04-26 19:29:14 [INFO ] [PersonRepository] Loaded 3 persons from /tmp/junit-7229450897964023072/persons.json
2026-04-26 19:29:14 [INFO ] [VisaRepository] Loaded 3 visas from /tmp/junit-7229450897964023072/visas.json
2026-04-26 19:29:14 [INFO ] [ShareCodeRepository] Loaded 5 share codes from /tmp/junit-7229450897964023072/share_codes.json
2026-04-26 19:29:14 [INFO ] [OrganisationRepository] Loaded 4 organisations from /tmp/junit-7229450897964023072/organisations.json
2026-04-26 19:29:14 [WARN ] [VerificationService] Confirmation refused by org=ORG001
2026-04-26 19:29:14 [INFO ] [PersonRepository] Loaded 3 persons from /tmp/junit-16566462779890368590/persons.json
2026-04-26 19:29:14 [INFO ] [VisaRepository] Loaded 3 visas from /tmp/junit-16566462779890368590/visas.json
2026-04-26 19:29:14 [INFO ] [ShareCodeRepository] Loaded 5 share codes from /tmp/junit-16566462779890368590/share_codes.json
2026-04-26 19:29:14 [INFO ] [OrganisationRepository] Loaded 4 organisations from /tmp/junit-16566462779890368590/organisations.json
2026-04-26 19:29:14 [INFO ] [VerificationService] Share code verification requested by org=ORG001
2026-04-26 19:29:14 [INFO ] [ShareCodeRepository] Updated share code ABC123XY1, used=true
2026-04-26 19:29:14 [INFO ] [VerificationService] Share code verification outcome=Right to work: true, expires: 2027-06-30 org=ORG001
2026-04-26 19:29:14 [INFO ] [PersonRepository] Loaded 3 persons from /tmp/junit-12341638661782014017/persons.json
2026-04-26 19:29:14 [INFO ] [VisaRepository] Loaded 3 visas from /tmp/junit-12341638661782014017/visas.json
2026-04-26 19:29:14 [INFO ] [ShareCodeRepository] Loaded 5 share codes from /tmp/junit-12341638661782014017/share_codes.json
2026-04-26 19:29:14 [INFO ] [OrganisationRepository] Loaded 4 organisations from /tmp/junit-12341638661782014017/organisations.json
2026-04-26 19:29:14 [INFO ] [VerificationService] Share code verification requested by org=ORG001
2026-04-26 19:29:14 [WARN ] [VerificationService] Rejected SHARE_CODE_VERIFICATION reason=Date of birth does not match org=ORG001
2026-04-26 19:29:14 [INFO ] [PersonRepository] Loaded 3 persons from /tmp/junit-1888390388906969186/persons.json
2026-04-26 19:29:14 [INFO ] [VisaRepository] Loaded 3 visas from /tmp/junit-1888390388906969186/visas.json
2026-04-26 19:29:14 [INFO ] [ShareCodeRepository] Loaded 5 share codes from /tmp/junit-1888390388906969186/share_codes.json
2026-04-26 19:29:14 [INFO ] [OrganisationRepository] Loaded 4 organisations from /tmp/junit-1888390388906969186/organisations.json
2026-04-26 19:29:14 [INFO ] [VerificationService] Share code verification requested by org=ORG003
2026-04-26 19:29:14 [WARN ] [VerificationService] Rejected SHARE_CODE_VERIFICATION reason=Share code has already been used org=ORG003
2026-04-26 19:29:14 [INFO ] [PersonRepository] Loaded 3 persons from /tmp/junit-9245312818663221243/persons.json
2026-04-26 19:29:14 [INFO ] [VisaRepository] Loaded 3 visas from /tmp/junit-9245312818663221243/visas.json
2026-04-26 19:29:14 [INFO ] [ShareCodeRepository] Loaded 5 share codes from /tmp/junit-9245312818663221243/share_codes.json
2026-04-26 19:29:14 [INFO ] [OrganisationRepository] Loaded 4 organisations from /tmp/junit-9245312818663221243/organisations.json
2026-04-26 19:29:14 [INFO ] [VerificationService] Share code verification requested by org=ORG003
2026-04-26 19:29:14 [INFO ] [ShareCodeRepository] Updated share code DEF456YZ2, used=true
2026-04-26 19:29:14 [INFO ] [VerificationService] Share code verification outcome=Right to rent: true org=ORG003
2026-04-26 19:29:14 [INFO ] [PersonRepository] Loaded 3 persons from /tmp/junit-15082898065579540961/persons.json
2026-04-26 19:29:14 [INFO ] [VisaRepository] Loaded 3 visas from /tmp/junit-15082898065579540961/visas.json
2026-04-26 19:29:14 [INFO ] [ShareCodeRepository] Loaded 5 share codes from /tmp/junit-15082898065579540961/share_codes.json
2026-04-26 19:29:14 [INFO ] [OrganisationRepository] Loaded 4 organisations from /tmp/junit-15082898065579540961/organisations.json
2026-04-26 19:29:14 [INFO ] [VerificationService] Share code verification requested by org=ORG001
2026-04-26 19:29:14 [INFO ] [ShareCodeRepository] Updated share code ABC123XY1, used=true
2026-04-26 19:29:14 [INFO ] [VerificationService] Share code verification outcome=Right to work: true, expires: 2027-06-30 org=ORG001
2026-04-26 19:29:14 [INFO ] [PersonRepository] Loaded 3 persons from /tmp/junit-1566175676953527111/persons.json
2026-04-26 19:29:14 [INFO ] [VisaRepository] Loaded 3 visas from /tmp/junit-1566175676953527111/visas.json
2026-04-26 19:29:14 [INFO ] [ShareCodeRepository] Loaded 5 share codes from /tmp/junit-1566175676953527111/share_codes.json
2026-04-26 19:29:14 [INFO ] [OrganisationRepository] Loaded 4 organisations from /tmp/junit-1566175676953527111/organisations.json
2026-04-26 19:29:14 [WARN ] [VerificationService] Confirmation refused by org=ORG001
2026-04-26 19:29:14 [INFO ] [PersonRepository] Loaded 3 persons from /tmp/junit-8866121152852717119/persons.json
2026-04-26 19:29:14 [INFO ] [VisaRepository] Loaded 3 visas from /tmp/junit-8866121152852717119/visas.json
2026-04-26 19:29:14 [INFO ] [ShareCodeRepository] Loaded 5 share codes from /tmp/junit-8866121152852717119/share_codes.json
2026-04-26 19:29:14 [INFO ] [OrganisationRepository] Loaded 4 organisations from /tmp/junit-8866121152852717119/organisations.json
2026-04-26 19:29:14 [INFO ] [VerificationService] Share code verification requested by org=ORG001
2026-04-26 19:29:14 [INFO ] [ShareCodeRepository] Updated share code QRS678FG6, used=true
2026-04-26 19:29:14 [INFO ] [VerificationService] Share code verification outcome=Right to work: false, expires: 2026-10-25 org=ORG001
2026-04-26 19:29:14 [INFO ] [PersonRepository] Loaded 3 persons from /tmp/junit-5513893549388177558/persons.json
2026-04-26 19:29:14 [INFO ] [VisaRepository] Loaded 3 visas from /tmp/junit-5513893549388177558/visas.json
2026-04-26 19:29:14 [INFO ] [ShareCodeRepository] Loaded 5 share codes from /tmp/junit-5513893549388177558/share_codes.json
2026-04-26 19:29:14 [INFO ] [OrganisationRepository] Loaded 4 organisations from /tmp/junit-5513893549388177558/organisations.json
2026-04-26 19:29:14 [INFO ] [VerificationService] Share code verification requested by org=ORG001
2026-04-26 19:29:14 [WARN ] [VerificationService] Rejected SHARE_CODE_VERIFICATION reason=Share code has expired org=ORG001
2026-04-26 19:29:14 [INFO ] [PersonRepository] Loaded 3 persons from /tmp/junit-5783275297672305198/persons.json
2026-04-26 19:29:14 [INFO ] [VisaRepository] Loaded 3 visas from /tmp/junit-5783275297672305198/visas.json
2026-04-26 19:29:14 [INFO ] [ShareCodeRepository] Loaded 5 share codes from /tmp/junit-5783275297672305198/share_codes.json
2026-04-26 19:29:14 [INFO ] [OrganisationRepository] Loaded 4 organisations from /tmp/junit-5783275297672305198/organisations.json
2026-04-26 19:29:14 [WARN ] [VerificationService] Confirmation refused by org=ORG001
2026-04-26 19:29:14 [INFO ] [PersonRepository] Loaded 3 persons from /tmp/junit-3421000513462182896/persons.json
2026-04-26 19:29:14 [INFO ] [VisaRepository] Loaded 3 visas from /tmp/junit-3421000513462182896/visas.json
2026-04-26 19:29:14 [INFO ] [ShareCodeRepository] Loaded 5 share codes from /tmp/junit-3421000513462182896/share_codes.json
2026-04-26 19:29:14 [INFO ] [OrganisationRepository] Loaded 4 organisations from /tmp/junit-3421000513462182896/organisations.json
2026-04-26 19:29:14 [INFO ] [ShareCodeRepository] Persisted new share code for person P001
2026-04-26 19:29:14 [INFO ] [ShareCodeService] Generated share code for person=P001**** purpose=EMPLOYMENT
2026-04-26 19:29:14 [INFO ] [PersonRepository] Loaded 3 persons from /tmp/junit-16197994546704734807/persons.json
2026-04-26 19:29:14 [INFO ] [VisaRepository] Loaded 3 visas from /tmp/junit-16197994546704734807/visas.json
2026-04-26 19:29:14 [INFO ] [ShareCodeRepository] Loaded 5 share codes from /tmp/junit-16197994546704734807/share_codes.json
2026-04-26 19:29:14 [INFO ] [OrganisationRepository] Loaded 4 organisations from /tmp/junit-16197994546704734807/organisations.json
2026-04-26 19:29:14 [INFO ] [ShareCodeRepository] Persisted new share code for person P001
2026-04-26 19:29:14 [INFO ] [ShareCodeService] Generated share code for person=P001**** purpose=EMPLOYMENT
2026-04-26 19:29:14 [INFO ] [PersonRepository] Loaded 3 persons from /tmp/junit-6327126963500079042/persons.json
2026-04-26 19:29:14 [INFO ] [VisaRepository] Loaded 3 visas from /tmp/junit-6327126963500079042/visas.json
2026-04-26 19:29:14 [INFO ] [ShareCodeRepository] Loaded 5 share codes from /tmp/junit-6327126963500079042/share_codes.json
2026-04-26 19:29:14 [INFO ] [OrganisationRepository] Loaded 4 organisations from /tmp/junit-6327126963500079042/organisations.json
2026-04-26 19:29:14 [INFO ] [ShareCodeRepository] Persisted new share code for person P001
2026-04-26 19:29:14 [INFO ] [ShareCodeService] Generated share code for person=P001**** purpose=EMPLOYMENT
2026-04-26 19:29:14 [INFO ] [PersonRepository] Loaded 3 persons from /tmp/junit-17458396046916422926/persons.json
2026-04-26 19:29:14 [INFO ] [VisaRepository] Loaded 3 visas from /tmp/junit-17458396046916422926/visas.json
2026-04-26 19:29:14 [INFO ] [ShareCodeRepository] Loaded 5 share codes from /tmp/junit-17458396046916422926/share_codes.json
2026-04-26 19:29:14 [INFO ] [OrganisationRepository] Loaded 4 organisations from /tmp/junit-17458396046916422926/organisations.json
2026-04-26 19:29:14 [INFO ] [ShareCodeRepository] Persisted new share code for person P001
2026-04-26 19:29:14 [INFO ] [ShareCodeService] Generated share code for person=P001**** purpose=EMPLOYMENT
2026-04-26 19:29:14 [INFO ] [PersonRepository] Loaded 3 persons from /tmp/junit-3499177677216669660/persons.json
2026-04-26 19:29:14 [INFO ] [VisaRepository] Loaded 3 visas from /tmp/junit-3499177677216669660/visas.json
2026-04-26 19:29:14 [INFO ] [ShareCodeRepository] Loaded 5 share codes from /tmp/junit-3499177677216669660/share_codes.json
2026-04-26 19:29:14 [INFO ] [OrganisationRepository] Loaded 4 organisations from /tmp/junit-3499177677216669660/organisations.json
2026-04-26 19:29:14 [INFO ] [PersonRepository] Loaded 3 persons from /tmp/junit-16974311026639347046/persons.json
2026-04-26 19:29:14 [INFO ] [VisaRepository] Loaded 3 visas from /tmp/junit-16974311026639347046/visas.json
2026-04-26 19:29:14 [INFO ] [ShareCodeRepository] Loaded 5 share codes from /tmp/junit-16974311026639347046/share_codes.json
2026-04-26 19:29:14 [INFO ] [OrganisationRepository] Loaded 4 organisations from /tmp/junit-16974311026639347046/organisations.json
2026-04-26 19:29:14 [INFO ] [ShareCodeRepository] Persisted new share code for person P001
2026-04-26 19:29:14 [INFO ] [ShareCodeService] Generated share code for person=P001**** purpose=EMPLOYMENT
2026-04-26 19:29:14 [INFO ] [PersonRepository] Loaded 3 persons from /tmp/junit-11112185584422614268/persons.json
2026-04-26 19:29:14 [INFO ] [VisaRepository] Loaded 3 visas from /tmp/junit-11112185584422614268/visas.json
2026-04-26 19:29:14 [INFO ] [ShareCodeRepository] Loaded 5 share codes from /tmp/junit-11112185584422614268/share_codes.json
2026-04-26 19:29:14 [INFO ] [OrganisationRepository] Loaded 4 organisations from /tmp/junit-11112185584422614268/organisations.json
2026-04-26 19:29:14 [INFO ] [ShareCodeRepository] Persisted new share code for person P001
2026-04-26 19:29:14 [INFO ] [ShareCodeService] Generated share code for person=P001**** purpose=EMPLOYMENT
2026-04-26 19:29:14 [INFO ] [PersonRepository] Loaded 3 persons from /tmp/junit-789538701993137720/persons.json
2026-04-26 19:29:14 [INFO ] [VisaRepository] Loaded 3 visas from /tmp/junit-789538701993137720/visas.json
2026-04-26 19:29:14 [INFO ] [ShareCodeRepository] Loaded 5 share codes from /tmp/junit-789538701993137720/share_codes.json
2026-04-26 19:29:14 [INFO ] [OrganisationRepository] Loaded 4 organisations from /tmp/junit-789538701993137720/organisations.json
2026-04-26 19:29:14 [INFO ] [PersonRepository] Loaded 3 persons from /tmp/junit-17019259564597038233/persons.json
2026-04-26 19:29:14 [INFO ] [VisaRepository] Loaded 3 visas from /tmp/junit-17019259564597038233/visas.json
2026-04-26 19:29:14 [INFO ] [ShareCodeRepository] Loaded 5 share codes from /tmp/junit-17019259564597038233/share_codes.json
2026-04-26 19:29:14 [INFO ] [OrganisationRepository] Loaded 4 organisations from /tmp/junit-17019259564597038233/organisations.json
2026-04-26 19:29:14 [INFO ] [PersonRepository] Loaded 3 persons from /tmp/junit-11869032159003247980/persons.json
2026-04-26 19:29:14 [INFO ] [VisaRepository] Loaded 3 visas from /tmp/junit-11869032159003247980/visas.json
2026-04-26 19:29:14 [INFO ] [ShareCodeRepository] Loaded 5 share codes from /tmp/junit-11869032159003247980/share_codes.json
2026-04-26 19:29:14 [INFO ] [OrganisationRepository] Loaded 4 organisations from /tmp/junit-11869032159003247980/organisations.json
2026-04-26 19:29:14 [INFO ] [ShareCodeRepository] Persisted new share code for person P001
2026-04-26 19:29:14 [INFO ] [ShareCodeService] Generated share code for person=P001**** purpose=EMPLOYMENT
2026-04-26 19:29:14 [INFO ] [PersonRepository] Loaded 3 persons from /tmp/junit-2553908797930772642/persons.json
2026-04-26 19:29:14 [INFO ] [VisaRepository] Loaded 3 visas from /tmp/junit-2553908797930772642/visas.json
2026-04-26 19:29:14 [INFO ] [ShareCodeRepository] Loaded 5 share codes from /tmp/junit-2553908797930772642/share_codes.json
2026-04-26 19:29:14 [INFO ] [OrganisationRepository] Loaded 4 organisations from /tmp/junit-2553908797930772642/organisations.json
2026-04-26 19:29:14 [INFO ] [PersonRepository] Loaded 3 persons from /tmp/junit-2553908797930772642/persons.json
2026-04-26 19:29:14 [INFO ] [VisaRepository] Loaded 3 visas from /tmp/junit-2553908797930772642/visas.json
2026-04-26 19:29:14 [INFO ] [ShareCodeRepository] Loaded 5 share codes from /tmp/junit-2553908797930772642/share_codes.json
2026-04-26 19:29:14 [INFO ] [OrganisationRepository] Loaded 4 organisations from /tmp/junit-2553908797930772642/organisations.json
2026-04-26 19:29:14 [INFO ] [PersonRepository] Loaded 3 persons from /tmp/junit-12823124203389492335/persons.json
2026-04-26 19:29:14 [INFO ] [VisaRepository] Loaded 3 visas from /tmp/junit-12823124203389492335/visas.json
2026-04-26 19:29:14 [INFO ] [ShareCodeRepository] Loaded 5 share codes from /tmp/junit-12823124203389492335/share_codes.json
2026-04-26 19:29:14 [INFO ] [OrganisationRepository] Loaded 4 organisations from /tmp/junit-12823124203389492335/organisations.json
2026-04-26 19:29:14 [INFO ] [PersonRepository] Loaded 3 persons from /tmp/junit-12823124203389492335/persons.json
2026-04-26 19:29:14 [INFO ] [VisaRepository] Loaded 3 visas from /tmp/junit-12823124203389492335/visas.json
2026-04-26 19:29:14 [INFO ] [ShareCodeRepository] Loaded 5 share codes from /tmp/junit-12823124203389492335/share_codes.json
2026-04-26 19:29:14 [INFO ] [OrganisationRepository] Loaded 4 organisations from /tmp/junit-12823124203389492335/organisations.json
2026-04-26 19:29:14 [INFO ] [PersonRepository] Loaded 3 persons from /tmp/junit-15568788516000121892/persons.json
2026-04-26 19:29:14 [INFO ] [VisaRepository] Loaded 3 visas from /tmp/junit-15568788516000121892/visas.json
2026-04-26 19:29:14 [INFO ] [ShareCodeRepository] Loaded 5 share codes from /tmp/junit-15568788516000121892/share_codes.json
2026-04-26 19:29:14 [INFO ] [OrganisationRepository] Loaded 4 organisations from /tmp/junit-15568788516000121892/organisations.json
2026-04-26 19:29:14 [INFO ] [PersonRepository] Loaded 3 persons from /tmp/junit-15568788516000121892/persons.json
2026-04-26 19:29:14 [INFO ] [VisaRepository] Loaded 3 visas from /tmp/junit-15568788516000121892/visas.json
2026-04-26 19:29:14 [INFO ] [ShareCodeRepository] Loaded 5 share codes from /tmp/junit-15568788516000121892/share_codes.json
2026-04-26 19:29:14 [INFO ] [OrganisationRepository] Loaded 4 organisations from /tmp/junit-15568788516000121892/organisations.json
2026-04-26 19:29:14 [INFO ] [PersonRepository] Loaded 3 persons from /tmp/junit-5784419205297699279/persons.json
2026-04-26 19:29:14 [INFO ] [VisaRepository] Loaded 3 visas from /tmp/junit-5784419205297699279/visas.json
2026-04-26 19:29:14 [INFO ] [ShareCodeRepository] Loaded 5 share codes from /tmp/junit-5784419205297699279/share_codes.json
2026-04-26 19:29:14 [INFO ] [OrganisationRepository] Loaded 4 organisations from /tmp/junit-5784419205297699279/organisations.json
2026-04-26 19:29:14 [INFO ] [PersonRepository] Loaded 3 persons from /tmp/junit-5784419205297699279/persons.json
2026-04-26 19:29:14 [INFO ] [VisaRepository] Loaded 3 visas from /tmp/junit-5784419205297699279/visas.json
2026-04-26 19:29:14 [INFO ] [ShareCodeRepository] Loaded 5 share codes from /tmp/junit-5784419205297699279/share_codes.json
2026-04-26 19:29:14 [INFO ] [OrganisationRepository] Loaded 4 organisations from /tmp/junit-5784419205297699279/organisations.json
2026-04-26 19:29:14 [WARN ] [VerificationService] Confirmation refused by org=ORG005
2026-04-26 19:29:14 [INFO ] [PersonRepository] Loaded 3 persons from /tmp/junit-52828339466684933/persons.json
2026-04-26 19:29:14 [INFO ] [VisaRepository] Loaded 3 visas from /tmp/junit-52828339466684933/visas.json
2026-04-26 19:29:14 [INFO ] [ShareCodeRepository] Loaded 5 share codes from /tmp/junit-52828339466684933/share_codes.json
2026-04-26 19:29:14 [INFO ] [OrganisationRepository] Loaded 4 organisations from /tmp/junit-52828339466684933/organisations.json
2026-04-26 19:29:14 [INFO ] [PersonRepository] Loaded 3 persons from /tmp/junit-52828339466684933/persons.json
2026-04-26 19:29:14 [INFO ] [VisaRepository] Loaded 3 visas from /tmp/junit-52828339466684933/visas.json
2026-04-26 19:29:14 [INFO ] [ShareCodeRepository] Loaded 5 share codes from /tmp/junit-52828339466684933/share_codes.json
2026-04-26 19:29:14 [INFO ] [OrganisationRepository] Loaded 4 organisations from /tmp/junit-52828339466684933/organisations.json
2026-04-26 19:29:14 [WARN ] [VerificationService] Confirmation refused by org=ORG001
2026-04-26 19:29:14 [INFO ] [PersonRepository] Loaded 3 persons from /tmp/junit-14453437923423976934/persons.json
2026-04-26 19:29:14 [INFO ] [VisaRepository] Loaded 3 visas from /tmp/junit-14453437923423976934/visas.json
2026-04-26 19:29:14 [INFO ] [ShareCodeRepository] Loaded 5 share codes from /tmp/junit-14453437923423976934/share_codes.json
2026-04-26 19:29:14 [INFO ] [OrganisationRepository] Loaded 4 organisations from /tmp/junit-14453437923423976934/organisations.json
2026-04-26 19:29:14 [INFO ] [PersonRepository] Loaded 3 persons from /tmp/junit-14453437923423976934/persons.json
2026-04-26 19:29:14 [INFO ] [VisaRepository] Loaded 3 visas from /tmp/junit-14453437923423976934/visas.json
2026-04-26 19:29:14 [INFO ] [ShareCodeRepository] Loaded 5 share codes from /tmp/junit-14453437923423976934/share_codes.json
2026-04-26 19:29:14 [INFO ] [OrganisationRepository] Loaded 4 organisations from /tmp/junit-14453437923423976934/organisations.json
2026-04-26 19:29:14 [INFO ] [ShareCodeRepository] Loaded 0 share codes from /tmp/junit-3318774439397417707/share_codes.json
2026-04-26 19:29:14 [INFO ] [ShareCodeRepository] Persisted new share code for person P003
2026-04-26 19:29:14 [INFO ] [ShareCodeService] Generated share code for person=P003**** purpose=ACCOMMODATION
2026-04-26 19:29:14 [INFO ] [ShareCodeRepository] Loaded 0 share codes from /tmp/junit-572459564636587609/share_codes.json
2026-04-26 19:29:14 [INFO ] [ShareCodeRepository] Persisted new share code for person P001
2026-04-26 19:29:14 [INFO ] [ShareCodeService] Generated share code for person=P001**** purpose=EMPLOYMENT
2026-04-26 19:29:14 [INFO ] [ShareCodeRepository] Loaded 0 share codes from /tmp/junit-4539048915079159192/share_codes.json
2026-04-26 19:29:14 [INFO ] [ShareCodeRepository] Persisted new share code for person P002
2026-04-26 19:29:14 [INFO ] [ShareCodeService] Generated share code for person=P002**** purpose=EDUCATION
2026-04-26 19:29:14 [INFO ] [ShareCodeRepository] Loaded 0 share codes from /tmp/junit-7840521489601153820/share_codes.json
2026-04-26 19:29:14 [INFO ] [ShareCodeRepository] Persisted new share code for person P001
2026-04-26 19:29:14 [INFO ] [ShareCodeService] Generated share code for person=P001**** purpose=EMPLOYMENT
2026-04-26 19:29:14 [INFO ] [ShareCodeRepository] Loaded 0 share codes from /tmp/junit-11151452272027210152/share_codes.json
2026-04-26 19:29:14 [INFO ] [ShareCodeRepository] Persisted new share code for person P001
2026-04-26 19:29:14 [INFO ] [ShareCodeService] Generated share code for person=P001**** purpose=EMPLOYMENT
2026-04-26 19:29:14 [INFO ] [ShareCodeRepository] Loaded 0 share codes from /tmp/junit-3179260405883464208/share_codes.json
2026-04-26 19:29:14 [INFO ] [ShareCodeRepository] Persisted new share code for person P001
2026-04-26 19:29:14 [INFO ] [ShareCodeService] Generated share code for person=P001**** purpose=EMPLOYMENT
2026-04-26 19:29:14 [INFO ] [ShareCodeRepository] Persisted new share code for person P001
2026-04-26 19:29:14 [INFO ] [ShareCodeService] Generated share code for person=P001**** purpose=EMPLOYMENT
2026-04-26 19:29:14 [INFO ] [PersonRepository] Loaded 3 persons from /tmp/junit-12561192561412026772/persons.json
2026-04-26 19:29:14 [INFO ] [VisaRepository] Loaded 3 visas from /tmp/junit-12561192561412026772/visas.json
2026-04-26 19:29:14 [INFO ] [ShareCodeRepository] Loaded 5 share codes from /tmp/junit-12561192561412026772/share_codes.json
2026-04-26 19:29:14 [INFO ] [OrganisationRepository] Loaded 4 organisations from /tmp/junit-12561192561412026772/organisations.json
2026-04-26 19:29:14 [INFO ] [VerificationService] Share code verification requested by org=ORG001
2026-04-26 19:29:14 [WARN ] [VerificationService] Rejected SHARE_CODE_VERIFICATION reason=Share code has expired org=ORG001
2026-04-26 19:29:14 [INFO ] [PersonRepository] Loaded 3 persons from /tmp/junit-5318880251050064650/persons.json
2026-04-26 19:29:14 [INFO ] [VisaRepository] Loaded 3 visas from /tmp/junit-5318880251050064650/visas.json
2026-04-26 19:29:14 [INFO ] [ShareCodeRepository] Loaded 5 share codes from /tmp/junit-5318880251050064650/share_codes.json
2026-04-26 19:29:14 [INFO ] [OrganisationRepository] Loaded 4 organisations from /tmp/junit-5318880251050064650/organisations.json
2026-04-26 19:29:14 [INFO ] [VerificationService] Share code verification requested by org=ORG003
2026-04-26 19:29:14 [INFO ] [ShareCodeRepository] Updated share code DEF456YZ2, used=true
2026-04-26 19:29:14 [INFO ] [VerificationService] Share code verification outcome=Right to rent: true org=ORG003
2026-04-26 19:29:14 [INFO ] [PersonRepository] Loaded 3 persons from /tmp/junit-9867719109036324972/persons.json
2026-04-26 19:29:14 [INFO ] [VisaRepository] Loaded 3 visas from /tmp/junit-9867719109036324972/visas.json
2026-04-26 19:29:14 [INFO ] [ShareCodeRepository] Loaded 5 share codes from /tmp/junit-9867719109036324972/share_codes.json
2026-04-26 19:29:14 [INFO ] [OrganisationRepository] Loaded 4 organisations from /tmp/junit-9867719109036324972/organisations.json
2026-04-26 19:29:14 [INFO ] [VerificationService] Document verification requested by org=ORG005 docType=PASSPORT
2026-04-26 19:29:14 [INFO ] [VerificationService] Document verification outcome=Entry permitted: true, conditions: [] org=ORG005
2026-04-26 19:29:14 [INFO ] [PersonRepository] Loaded 3 persons from /tmp/junit-2640123902532692529/persons.json
2026-04-26 19:29:14 [INFO ] [VisaRepository] Loaded 3 visas from /tmp/junit-2640123902532692529/visas.json
2026-04-26 19:29:14 [INFO ] [ShareCodeRepository] Loaded 5 share codes from /tmp/junit-2640123902532692529/share_codes.json
2026-04-26 19:29:14 [INFO ] [OrganisationRepository] Loaded 4 organisations from /tmp/junit-2640123902532692529/organisations.json
2026-04-26 19:29:14 [INFO ] [VerificationService] Share code verification requested by org=ORG001
2026-04-26 19:29:14 [WARN ] [VerificationService] Rejected SHARE_CODE_VERIFICATION reason=Purpose 'ACCOMMODATION' is not permitted for role 'EMPLOYER' org=ORG001
2026-04-26 19:29:14 [INFO ] [PersonRepository] Loaded 3 persons from /tmp/junit-4000124312905453688/persons.json
2026-04-26 19:29:14 [INFO ] [VisaRepository] Loaded 3 visas from /tmp/junit-4000124312905453688/visas.json
2026-04-26 19:29:14 [INFO ] [ShareCodeRepository] Loaded 5 share codes from /tmp/junit-4000124312905453688/share_codes.json
2026-04-26 19:29:14 [INFO ] [OrganisationRepository] Loaded 4 organisations from /tmp/junit-4000124312905453688/organisations.json
2026-04-26 19:29:14 [INFO ] [VerificationService] Share code verification requested by org=ORG001
2026-04-26 19:29:14 [WARN ] [VerificationService] Rejected SHARE_CODE_VERIFICATION reason=Date of birth does not match org=ORG001
2026-04-26 19:29:14 [INFO ] [PersonRepository] Loaded 3 persons from /tmp/junit-13578529998006479966/persons.json
2026-04-26 19:29:14 [INFO ] [VisaRepository] Loaded 3 visas from /tmp/junit-13578529998006479966/visas.json
2026-04-26 19:29:14 [INFO ] [ShareCodeRepository] Loaded 5 share codes from /tmp/junit-13578529998006479966/share_codes.json
2026-04-26 19:29:14 [INFO ] [OrganisationRepository] Loaded 4 organisations from /tmp/junit-13578529998006479966/organisations.json
2026-04-26 19:29:14 [INFO ] [VerificationService] Share code verification requested by org=ORG001
2026-04-26 19:29:14 [INFO ] [ShareCodeRepository] Updated share code ABC123XY1, used=true
2026-04-26 19:29:14 [INFO ] [VerificationService] Share code verification outcome=Right to work: true, expires: 2027-06-30 org=ORG001
2026-04-26 19:29:14 [INFO ] [VerificationService] Share code verification requested by org=ORG001
2026-04-26 19:29:14 [WARN ] [VerificationService] Rejected SHARE_CODE_VERIFICATION reason=Share code has already been used org=ORG001
2026-04-26 19:29:14 [INFO ] [PersonRepository] Loaded 3 persons from /tmp/junit-6745904861357944228/persons.json
2026-04-26 19:29:14 [INFO ] [VisaRepository] Loaded 3 visas from /tmp/junit-6745904861357944228/visas.json
2026-04-26 19:29:14 [INFO ] [ShareCodeRepository] Loaded 5 share codes from /tmp/junit-6745904861357944228/share_codes.json
2026-04-26 19:29:14 [INFO ] [OrganisationRepository] Loaded 4 organisations from /tmp/junit-6745904861357944228/organisations.json
2026-04-26 19:29:14 [INFO ] [VerificationService] Share code verification requested by org=ORG001
2026-04-26 19:29:14 [INFO ] [ShareCodeRepository] Updated share code QRS678FG6, used=true
2026-04-26 19:29:14 [INFO ] [VerificationService] Share code verification outcome=Right to work: false, expires: 2026-10-25 org=ORG001
2026-04-26 19:29:14 [INFO ] [PersonRepository] Loaded 3 persons from /tmp/junit-1416593206230833963/persons.json
2026-04-26 19:29:14 [INFO ] [VisaRepository] Loaded 3 visas from /tmp/junit-1416593206230833963/visas.json
2026-04-26 19:29:14 [INFO ] [ShareCodeRepository] Loaded 5 share codes from /tmp/junit-1416593206230833963/share_codes.json
2026-04-26 19:29:14 [INFO ] [OrganisationRepository] Loaded 4 organisations from /tmp/junit-1416593206230833963/organisations.json
2026-04-26 19:29:14 [INFO ] [VerificationService] Share code verification requested by org=ORG003
2026-04-26 19:29:14 [WARN ] [VerificationService] Rejected SHARE_CODE_VERIFICATION reason=Share code has already been used org=ORG003
2026-04-26 19:29:14 [INFO ] [PersonRepository] Loaded 3 persons from /tmp/junit-13923868899215427596/persons.json
2026-04-26 19:29:14 [INFO ] [VisaRepository] Loaded 3 visas from /tmp/junit-13923868899215427596/visas.json
2026-04-26 19:29:14 [INFO ] [ShareCodeRepository] Loaded 5 share codes from /tmp/junit-13923868899215427596/share_codes.json
2026-04-26 19:29:14 [INFO ] [OrganisationRepository] Loaded 4 organisations from /tmp/junit-13923868899215427596/organisations.json
2026-04-26 19:29:14 [INFO ] [VerificationService] Document verification requested by org=ORG006 docType=PASSPORT
2026-04-26 19:29:14 [INFO ] [VerificationService] Document verification outcome=Visa type: WORK, valid: true, expires: 2027-06-30 org=ORG006
2026-04-26 19:29:14 [INFO ] [PersonRepository] Loaded 3 persons from /tmp/junit-14115906788771785907/persons.json
2026-04-26 19:29:14 [INFO ] [VisaRepository] Loaded 3 visas from /tmp/junit-14115906788771785907/visas.json
2026-04-26 19:29:14 [INFO ] [ShareCodeRepository] Loaded 5 share codes from /tmp/junit-14115906788771785907/share_codes.json
2026-04-26 19:29:14 [INFO ] [OrganisationRepository] Loaded 4 organisations from /tmp/junit-14115906788771785907/organisations.json
2026-04-26 19:29:14 [INFO ] [VerificationService] Share code verification requested by org=ORG001
2026-04-26 19:29:14 [INFO ] [ShareCodeRepository] Updated share code ABC123XY1, used=true
2026-04-26 19:29:14 [INFO ] [VerificationService] Share code verification outcome=Right to work: true, expires: 2027-06-30 org=ORG001
2026-04-26 19:29:14 [INFO ] [PersonRepository] Loaded 3 persons from /tmp/junit-3500532058319826608/persons.json
2026-04-26 19:29:14 [INFO ] [VisaRepository] Loaded 3 visas from /tmp/junit-3500532058319826608/visas.json
2026-04-26 19:29:14 [INFO ] [ShareCodeRepository] Loaded 5 share codes from /tmp/junit-3500532058319826608/share_codes.json
2026-04-26 19:29:14 [INFO ] [OrganisationRepository] Loaded 4 organisations from /tmp/junit-3500532058319826608/organisations.json
2026-04-26 19:29:14 [INFO ] [VerificationService] Share code verification requested by org=ORG001
2026-04-26 19:29:14 [WARN ] [VerificationService] Rejected SHARE_CODE_VERIFICATION reason=Share code must be 9 uppercase alphanumeric characters org=ORG001
2026-04-26 19:29:14 [INFO ] [PersonRepository] Loaded 3 persons from /tmp/junit-3475509809172599562/persons.json
2026-04-26 19:29:14 [INFO ] [VisaRepository] Loaded 3 visas from /tmp/junit-3475509809172599562/visas.json
2026-04-26 19:29:14 [INFO ] [ShareCodeRepository] Loaded 5 share codes from /tmp/junit-3475509809172599562/share_codes.json
2026-04-26 19:29:14 [INFO ] [OrganisationRepository] Loaded 4 organisations from /tmp/junit-3475509809172599562/organisations.json
2026-04-26 19:29:14 [INFO ] [VerificationService] Document verification requested by org=ORG005 docType=PASSPORT
2026-04-26 19:29:14 [WARN ] [VerificationService] Rejected DOCUMENT_VERIFICATION reason=Person not found for document org=ORG005
2026-04-26 19:29:14 [INFO ] [PersonRepository] Loaded 3 persons from /tmp/junit-8364592826550136514/persons.json
2026-04-26 19:29:14 [INFO ] [VisaRepository] Loaded 3 visas from /tmp/junit-8364592826550136514/visas.json
2026-04-26 19:29:14 [INFO ] [ShareCodeRepository] Loaded 5 share codes from /tmp/junit-8364592826550136514/share_codes.json
2026-04-26 19:29:14 [INFO ] [OrganisationRepository] Loaded 4 organisations from /tmp/junit-8364592826550136514/organisations.json
2026-04-26 19:29:14 [INFO ] [VerificationService] Document verification requested by org=ORG005 docType=PASSPORT
2026-04-26 19:29:14 [WARN ] [VerificationService] Rejected DOCUMENT_VERIFICATION reason=Passport number must be 9 uppercase alphanumeric characters org=ORG005
2026-04-26 19:29:14 [INFO ] [PersonRepository] Loaded 3 persons from /tmp/junit-9011415201516270121/persons.json
2026-04-26 19:29:14 [INFO ] [VisaRepository] Loaded 3 visas from /tmp/junit-9011415201516270121/visas.json
2026-04-26 19:29:14 [INFO ] [ShareCodeRepository] Loaded 5 share codes from /tmp/junit-9011415201516270121/share_codes.json
2026-04-26 19:29:14 [INFO ] [OrganisationRepository] Loaded 4 organisations from /tmp/junit-9011415201516270121/organisations.json
2026-04-26 19:29:14 [INFO ] [VerificationService] Document verification requested by org=ORG001 docType=PASSPORT
2026-04-26 19:29:14 [WARN ] [VerificationService] Rejected DOCUMENT_VERIFICATION reason=Organisation role 'EMPLOYER' is not authorised for the document route org=ORG001
2026-04-26 19:29:14 [INFO ] [PersonRepository] Loaded 3 persons from /tmp/junit-2098511674607255840/persons.json
2026-04-26 19:29:14 [INFO ] [VisaRepository] Loaded 3 visas from /tmp/junit-2098511674607255840/visas.json
2026-04-26 19:29:14 [INFO ] [ShareCodeRepository] Loaded 5 share codes from /tmp/junit-2098511674607255840/share_codes.json
2026-04-26 19:29:14 [INFO ] [OrganisationRepository] Loaded 4 organisations from /tmp/junit-2098511674607255840/organisations.json
2026-04-26 19:29:14 [INFO ] [VerificationService] Share code verification requested by org=ORG999
2026-04-26 19:29:14 [WARN ] [VerificationService] Rejected SHARE_CODE_VERIFICATION reason=Organisation not recognised org=ORG999
2026-04-26 19:29:14 [INFO ] [PersonRepository] Loaded 3 persons from /tmp/junit-2218055596030859245/persons.json
2026-04-26 19:29:14 [INFO ] [VisaRepository] Loaded 3 visas from /tmp/junit-2218055596030859245/visas.json
2026-04-26 19:29:14 [INFO ] [ShareCodeRepository] Loaded 5 share codes from /tmp/junit-2218055596030859245/share_codes.json
2026-04-26 19:29:14 [INFO ] [OrganisationRepository] Loaded 4 organisations from /tmp/junit-2218055596030859245/organisations.json
2026-04-26 19:29:14 [INFO ] [VerificationService] Share code verification requested by org=ORG005
2026-04-26 19:29:14 [WARN ] [VerificationService] Rejected SHARE_CODE_VERIFICATION reason=Organisation role 'BORDER_CONTROL' is not authorised for the share code route org=ORG005
2026-04-26 19:46:41 [INFO ] [PersonRepository] Loaded 3 persons from /tmp/junit-3316057570650431568/persons.json
2026-04-26 19:46:41 [INFO ] [VisaRepository] Loaded 3 visas from /tmp/junit-3316057570650431568/visas.json
2026-04-26 19:46:41 [INFO ] [ShareCodeRepository] Loaded 5 share codes from /tmp/junit-3316057570650431568/share_codes.json
2026-04-26 19:46:41 [INFO ] [OrganisationRepository] Loaded 4 organisations from /tmp/junit-3316057570650431568/organisations.json
2026-04-26 19:47:12 [WARN ] [VerificationService] Confirmation refused by org=ORG001
2026-04-26 19:47:14 [INFO ] [PersonRepository] Loaded 3 persons from /tmp/junit-12574284231277936074/persons.json
2026-04-26 19:47:14 [INFO ] [VisaRepository] Loaded 3 visas from /tmp/junit-12574284231277936074/visas.json
2026-04-26 19:47:14 [INFO ] [ShareCodeRepository] Loaded 5 share codes from /tmp/junit-12574284231277936074/share_codes.json
2026-04-26 19:47:14 [INFO ] [OrganisationRepository] Loaded 4 organisations from /tmp/junit-12574284231277936074/organisations.json
2026-04-26 19:47:46 [WARN ] [VerificationService] Confirmation refused by org=ORG001
2026-04-26 19:50:45 [INFO ] [PersonRepository] Loaded 3 persons from /tmp/junit-6988818657460200894/persons.json
2026-04-26 19:50:45 [INFO ] [VisaRepository] Loaded 3 visas from /tmp/junit-6988818657460200894/visas.json
2026-04-26 19:50:45 [INFO ] [ShareCodeRepository] Loaded 5 share codes from /tmp/junit-6988818657460200894/share_codes.json
2026-04-26 19:50:45 [INFO ] [OrganisationRepository] Loaded 4 organisations from /tmp/junit-6988818657460200894/organisations.json
2026-04-26 20:13:24 [INFO ] [PersonRepository] Loaded 3 persons from /tmp/junit-6235769061660596804/persons.json
2026-04-26 20:13:24 [INFO ] [VisaRepository] Loaded 3 visas from /tmp/junit-6235769061660596804/visas.json
2026-04-26 20:13:24 [INFO ] [ShareCodeRepository] Loaded 5 share codes from /tmp/junit-6235769061660596804/share_codes.json
2026-04-26 20:13:24 [INFO ] [OrganisationRepository] Loaded 4 organisations from /tmp/junit-6235769061660596804/organisations.json
2026-04-26 20:13:24 [INFO ] [ShareCodeRepository] Persisted new share code for person P001
2026-04-26 20:13:24 [INFO ] [ShareCodeService] Generated share code for person=P001**** purpose=EMPLOYMENT
2026-04-26 20:13:24 [INFO ] [VerificationService] Share code verification requested by org=ORG001
2026-04-26 20:13:24 [INFO ] [ShareCodeRepository] Updated share code 7Q85FJRL6, used=true
2026-04-26 20:13:24 [INFO ] [VerificationService] Share code verification outcome=Right to work: true, expires: 2027-06-30 org=ORG001
2026-04-26 20:13:24 [INFO ] [PersonRepository] Loaded 3 persons from /tmp/junit-7864422581055718075/persons.json
2026-04-26 20:13:24 [INFO ] [VisaRepository] Loaded 3 visas from /tmp/junit-7864422581055718075/visas.json
2026-04-26 20:13:24 [INFO ] [ShareCodeRepository] Loaded 5 share codes from /tmp/junit-7864422581055718075/share_codes.json
2026-04-26 20:13:24 [INFO ] [OrganisationRepository] Loaded 4 organisations from /tmp/junit-7864422581055718075/organisations.json
2026-04-26 20:13:24 [INFO ] [VerificationService] Share code verification requested by org=ORG001
2026-04-26 20:13:24 [INFO ] [ShareCodeRepository] Updated share code ABC123XY1, used=true
2026-04-26 20:13:24 [INFO ] [VerificationService] Share code verification outcome=Right to work: true, expires: 2027-06-30 org=ORG001
2026-04-26 20:13:24 [INFO ] [PersonRepository] Loaded 3 persons from /tmp/junit-6573652596510897549/persons.json
2026-04-26 20:13:24 [INFO ] [VisaRepository] Loaded 3 visas from /tmp/junit-6573652596510897549/visas.json
2026-04-26 20:13:24 [INFO ] [ShareCodeRepository] Loaded 5 share codes from /tmp/junit-6573652596510897549/share_codes.json
2026-04-26 20:13:24 [INFO ] [OrganisationRepository] Loaded 4 organisations from /tmp/junit-6573652596510897549/organisations.json
2026-04-26 20:13:24 [INFO ] [ShareCodeRepository] Persisted new share code for person P001
2026-04-26 20:13:24 [INFO ] [ShareCodeService] Generated share code for person=P001**** purpose=EMPLOYMENT
2026-04-26 20:13:24 [INFO ] [VerificationService] Share code verification requested by org=ORG001
2026-04-26 20:13:24 [INFO ] [ShareCodeRepository] Updated share code Q9FS6ZHAZ, used=true
2026-04-26 20:13:24 [INFO ] [VerificationService] Share code verification outcome=Right to work: true, expires: 2027-06-30 org=ORG001
2026-04-26 20:13:24 [INFO ] [PersonRepository] Loaded 3 persons from /tmp/junit-1317064800867823819/persons.json
2026-04-26 20:13:24 [INFO ] [VisaRepository] Loaded 3 visas from /tmp/junit-1317064800867823819/visas.json
2026-04-26 20:13:24 [INFO ] [ShareCodeRepository] Loaded 5 share codes from /tmp/junit-1317064800867823819/share_codes.json
2026-04-26 20:13:24 [INFO ] [OrganisationRepository] Loaded 4 organisations from /tmp/junit-1317064800867823819/organisations.json
2026-04-26 20:13:24 [INFO ] [ShareCodeRepository] Persisted new share code for person P001
2026-04-26 20:13:24 [INFO ] [ShareCodeService] Generated share code for person=P001**** purpose=EMPLOYMENT
2026-04-26 20:13:24 [INFO ] [VerificationService] Share code verification requested by org=ORG001
2026-04-26 20:13:24 [INFO ] [ShareCodeRepository] Updated share code QFK6NSG5D, used=true
2026-04-26 20:13:24 [INFO ] [VerificationService] Share code verification outcome=Right to work: true, expires: 2027-06-30 org=ORG001
2026-04-26 20:13:24 [INFO ] [VerificationService] Share code verification requested by org=ORG001
2026-04-26 20:13:24 [WARN ] [VerificationService] Rejected SHARE_CODE_VERIFICATION reason=Share code has already been used org=ORG001
2026-04-26 20:13:24 [INFO ] [PersonRepository] Loaded 3 persons from /tmp/junit-14072148683654750279/persons.json
2026-04-26 20:13:24 [INFO ] [VisaRepository] Loaded 3 visas from /tmp/junit-14072148683654750279/visas.json
2026-04-26 20:13:24 [INFO ] [ShareCodeRepository] Loaded 5 share codes from /tmp/junit-14072148683654750279/share_codes.json
2026-04-26 20:13:24 [INFO ] [OrganisationRepository] Loaded 4 organisations from /tmp/junit-14072148683654750279/organisations.json
2026-04-26 20:13:24 [WARN ] [VerificationService] Confirmation refused by org=ORG005
2026-04-26 20:13:24 [INFO ] [PersonRepository] Loaded 3 persons from /tmp/junit-14598549199582798921/persons.json
2026-04-26 20:13:24 [INFO ] [VisaRepository] Loaded 3 visas from /tmp/junit-14598549199582798921/visas.json
2026-04-26 20:13:24 [INFO ] [ShareCodeRepository] Loaded 5 share codes from /tmp/junit-14598549199582798921/share_codes.json
2026-04-26 20:13:24 [INFO ] [OrganisationRepository] Loaded 4 organisations from /tmp/junit-14598549199582798921/organisations.json
2026-04-26 20:13:24 [INFO ] [VerificationService] Document verification requested by org=ORG001 docType=PASSPORT
2026-04-26 20:13:24 [WARN ] [VerificationService] Rejected DOCUMENT_VERIFICATION reason=Organisation role 'EMPLOYER' is not authorised for the document route org=ORG001
2026-04-26 20:13:24 [INFO ] [PersonRepository] Loaded 3 persons from /tmp/junit-6119221128877661116/persons.json
2026-04-26 20:13:24 [INFO ] [VisaRepository] Loaded 3 visas from /tmp/junit-6119221128877661116/visas.json
2026-04-26 20:13:24 [INFO ] [ShareCodeRepository] Loaded 5 share codes from /tmp/junit-6119221128877661116/share_codes.json
2026-04-26 20:13:24 [INFO ] [OrganisationRepository] Loaded 4 organisations from /tmp/junit-6119221128877661116/organisations.json
2026-04-26 20:13:24 [INFO ] [VerificationService] Document verification requested by org=ORG005 docType=PASSPORT
2026-04-26 20:13:24 [INFO ] [VerificationService] Document verification outcome=Entry permitted: true, conditions: [] org=ORG005
2026-04-26 20:13:24 [INFO ] [PersonRepository] Loaded 3 persons from /tmp/junit-14401824320081314580/persons.json
2026-04-26 20:13:24 [INFO ] [VisaRepository] Loaded 3 visas from /tmp/junit-14401824320081314580/visas.json
2026-04-26 20:13:24 [INFO ] [ShareCodeRepository] Loaded 5 share codes from /tmp/junit-14401824320081314580/share_codes.json
2026-04-26 20:13:24 [INFO ] [OrganisationRepository] Loaded 4 organisations from /tmp/junit-14401824320081314580/organisations.json
2026-04-26 20:13:24 [INFO ] [VerificationService] Document verification requested by org=ORG006 docType=PASSPORT
2026-04-26 20:13:24 [INFO ] [VerificationService] Document verification outcome=Visa type: WORK, valid: true, expires: 2027-06-30 org=ORG006
2026-04-26 20:13:24 [INFO ] [PersonRepository] Loaded 3 persons from /tmp/junit-6052074973069536343/persons.json
2026-04-26 20:13:24 [INFO ] [VisaRepository] Loaded 3 visas from /tmp/junit-6052074973069536343/visas.json
2026-04-26 20:13:24 [INFO ] [ShareCodeRepository] Loaded 5 share codes from /tmp/junit-6052074973069536343/share_codes.json
2026-04-26 20:13:24 [INFO ] [OrganisationRepository] Loaded 4 organisations from /tmp/junit-6052074973069536343/organisations.json
2026-04-26 20:13:24 [INFO ] [PersonRepository] Loaded 3 persons from /tmp/junit-2195815616103891538/persons.json
2026-04-26 20:13:24 [INFO ] [VisaRepository] Loaded 3 visas from /tmp/junit-2195815616103891538/visas.json
2026-04-26 20:13:24 [INFO ] [ShareCodeRepository] Loaded 5 share codes from /tmp/junit-2195815616103891538/share_codes.json
2026-04-26 20:13:24 [INFO ] [OrganisationRepository] Loaded 4 organisations from /tmp/junit-2195815616103891538/organisations.json
2026-04-26 20:13:24 [INFO ] [VerificationService] Document verification requested by org=ORG005 docType=PASSPORT
2026-04-26 20:13:24 [WARN ] [VerificationService] Rejected DOCUMENT_VERIFICATION reason=Person not found for document org=ORG005
2026-04-26 20:13:24 [INFO ] [PersonRepository] Loaded 3 persons from /tmp/junit-2605276645786810291/persons.json
2026-04-26 20:13:24 [INFO ] [VisaRepository] Loaded 3 visas from /tmp/junit-2605276645786810291/visas.json
2026-04-26 20:13:24 [INFO ] [ShareCodeRepository] Loaded 5 share codes from /tmp/junit-2605276645786810291/share_codes.json
2026-04-26 20:13:24 [INFO ] [OrganisationRepository] Loaded 4 organisations from /tmp/junit-2605276645786810291/organisations.json
2026-04-26 20:13:24 [INFO ] [VerificationService] Document verification requested by org=ORG006 docType=PASSPORT
2026-04-26 20:13:24 [INFO ] [VerificationService] Document verification outcome=Visa type: WORK, valid: true, expires: 2027-06-30 org=ORG006
2026-04-26 20:13:24 [INFO ] [PersonRepository] Loaded 3 persons from /tmp/junit-17139122268607947085/persons.json
2026-04-26 20:13:24 [INFO ] [VisaRepository] Loaded 3 visas from /tmp/junit-17139122268607947085/visas.json
2026-04-26 20:13:24 [INFO ] [ShareCodeRepository] Loaded 5 share codes from /tmp/junit-17139122268607947085/share_codes.json
2026-04-26 20:13:24 [INFO ] [OrganisationRepository] Loaded 4 organisations from /tmp/junit-17139122268607947085/organisations.json
2026-04-26 20:13:24 [INFO ] [VerificationService] Document verification requested by org=ORG005 docType=PASSPORT
2026-04-26 20:13:24 [INFO ] [VerificationService] Document verification outcome=Entry permitted: true, conditions: [] org=ORG005
2026-04-26 20:13:24 [INFO ] [PersonRepository] Loaded 3 persons from /tmp/junit-7962870271288722411/persons.json
2026-04-26 20:13:24 [INFO ] [VisaRepository] Loaded 3 visas from /tmp/junit-7962870271288722411/visas.json
2026-04-26 20:13:24 [INFO ] [ShareCodeRepository] Loaded 5 share codes from /tmp/junit-7962870271288722411/share_codes.json
2026-04-26 20:13:24 [INFO ] [OrganisationRepository] Loaded 4 organisations from /tmp/junit-7962870271288722411/organisations.json
2026-04-26 20:13:24 [INFO ] [VerificationService] Document verification requested by org=ORG005 docType=PASSPORT
2026-04-26 20:13:24 [INFO ] [VerificationService] Document verification outcome=Entry permitted: true, conditions: [] org=ORG005
2026-04-26 20:13:24 [INFO ] [PersonRepository] Loaded 3 persons from /tmp/junit-4704011165623279381/persons.json
2026-04-26 20:13:24 [INFO ] [VisaRepository] Loaded 3 visas from /tmp/junit-4704011165623279381/visas.json
2026-04-26 20:13:24 [INFO ] [ShareCodeRepository] Loaded 5 share codes from /tmp/junit-4704011165623279381/share_codes.json
2026-04-26 20:13:24 [INFO ] [OrganisationRepository] Loaded 4 organisations from /tmp/junit-4704011165623279381/organisations.json
2026-04-26 20:13:24 [WARN ] [VerificationService] Confirmation refused by org=ORG005
2026-04-26 20:13:24 [INFO ] [PersonRepository] Loaded 3 persons from /tmp/junit-11509570384410386273/persons.json
2026-04-26 20:13:24 [INFO ] [VisaRepository] Loaded 3 visas from /tmp/junit-11509570384410386273/visas.json
2026-04-26 20:13:24 [INFO ] [ShareCodeRepository] Loaded 5 share codes from /tmp/junit-11509570384410386273/share_codes.json
2026-04-26 20:13:24 [INFO ] [OrganisationRepository] Loaded 4 organisations from /tmp/junit-11509570384410386273/organisations.json
2026-04-26 20:13:24 [WARN ] [VerificationService] Confirmation refused by org=ORG001
2026-04-26 20:13:24 [INFO ] [PersonRepository] Loaded 3 persons from /tmp/junit-12525975819976787449/persons.json
2026-04-26 20:13:24 [INFO ] [VisaRepository] Loaded 3 visas from /tmp/junit-12525975819976787449/visas.json
2026-04-26 20:13:24 [INFO ] [ShareCodeRepository] Loaded 5 share codes from /tmp/junit-12525975819976787449/share_codes.json
2026-04-26 20:13:24 [INFO ] [OrganisationRepository] Loaded 4 organisations from /tmp/junit-12525975819976787449/organisations.json
2026-04-26 20:13:24 [INFO ] [VerificationService] Share code verification requested by org=ORG001
2026-04-26 20:13:24 [INFO ] [ShareCodeRepository] Updated share code ABC123XY1, used=true
2026-04-26 20:13:24 [INFO ] [VerificationService] Share code verification outcome=Right to work: true, expires: 2027-06-30 org=ORG001
2026-04-26 20:13:24 [INFO ] [PersonRepository] Loaded 3 persons from /tmp/junit-10477473128037194965/persons.json
2026-04-26 20:13:24 [INFO ] [VisaRepository] Loaded 3 visas from /tmp/junit-10477473128037194965/visas.json
2026-04-26 20:13:24 [INFO ] [ShareCodeRepository] Loaded 5 share codes from /tmp/junit-10477473128037194965/share_codes.json
2026-04-26 20:13:24 [INFO ] [OrganisationRepository] Loaded 4 organisations from /tmp/junit-10477473128037194965/organisations.json
2026-04-26 20:13:24 [INFO ] [VerificationService] Share code verification requested by org=ORG001
2026-04-26 20:13:24 [INFO ] [ShareCodeRepository] Updated share code ABC123XY1, used=true
2026-04-26 20:13:24 [INFO ] [VerificationService] Share code verification outcome=Right to work: true, expires: 2027-06-30 org=ORG001
2026-04-26 20:13:24 [INFO ] [PersonRepository] Loaded 3 persons from /tmp/junit-3596588493515690639/persons.json
2026-04-26 20:13:24 [INFO ] [VisaRepository] Loaded 3 visas from /tmp/junit-3596588493515690639/visas.json
2026-04-26 20:13:24 [INFO ] [ShareCodeRepository] Loaded 5 share codes from /tmp/junit-3596588493515690639/share_codes.json
2026-04-26 20:13:24 [INFO ] [OrganisationRepository] Loaded 4 organisations from /tmp/junit-3596588493515690639/organisations.json
2026-04-26 20:13:24 [INFO ] [VerificationService] Share code verification requested by org=ORG001
2026-04-26 20:13:24 [WARN ] [VerificationService] Rejected SHARE_CODE_VERIFICATION reason=Purpose 'ACCOMMODATION' is not permitted for role 'EMPLOYER' org=ORG001
2026-04-26 20:13:24 [INFO ] [PersonRepository] Loaded 3 persons from /tmp/junit-15049896798257778869/persons.json
2026-04-26 20:13:24 [INFO ] [VisaRepository] Loaded 3 visas from /tmp/junit-15049896798257778869/visas.json
2026-04-26 20:13:24 [INFO ] [ShareCodeRepository] Loaded 5 share codes from /tmp/junit-15049896798257778869/share_codes.json
2026-04-26 20:13:24 [INFO ] [OrganisationRepository] Loaded 4 organisations from /tmp/junit-15049896798257778869/organisations.json
2026-04-26 20:13:24 [WARN ] [VerificationService] Confirmation refused by org=ORG001
2026-04-26 20:13:24 [INFO ] [PersonRepository] Loaded 3 persons from /tmp/junit-4429300615420801522/persons.json
2026-04-26 20:13:24 [INFO ] [VisaRepository] Loaded 3 visas from /tmp/junit-4429300615420801522/visas.json
2026-04-26 20:13:24 [INFO ] [ShareCodeRepository] Loaded 5 share codes from /tmp/junit-4429300615420801522/share_codes.json
2026-04-26 20:13:24 [INFO ] [OrganisationRepository] Loaded 4 organisations from /tmp/junit-4429300615420801522/organisations.json
2026-04-26 20:13:24 [INFO ] [VerificationService] Share code verification requested by org=ORG001
2026-04-26 20:13:24 [INFO ] [ShareCodeRepository] Updated share code ABC123XY1, used=true
2026-04-26 20:13:24 [INFO ] [VerificationService] Share code verification outcome=Right to work: true, expires: 2027-06-30 org=ORG001
2026-04-26 20:13:24 [INFO ] [PersonRepository] Loaded 3 persons from /tmp/junit-12836428609329327966/persons.json
2026-04-26 20:13:24 [INFO ] [VisaRepository] Loaded 3 visas from /tmp/junit-12836428609329327966/visas.json
2026-04-26 20:13:24 [INFO ] [ShareCodeRepository] Loaded 5 share codes from /tmp/junit-12836428609329327966/share_codes.json
2026-04-26 20:13:24 [INFO ] [OrganisationRepository] Loaded 4 organisations from /tmp/junit-12836428609329327966/organisations.json
2026-04-26 20:13:24 [INFO ] [VerificationService] Share code verification requested by org=ORG001
2026-04-26 20:13:24 [WARN ] [VerificationService] Rejected SHARE_CODE_VERIFICATION reason=Date of birth does not match org=ORG001
2026-04-26 20:13:24 [INFO ] [PersonRepository] Loaded 3 persons from /tmp/junit-3040065414427490438/persons.json
2026-04-26 20:13:24 [INFO ] [VisaRepository] Loaded 3 visas from /tmp/junit-3040065414427490438/visas.json
2026-04-26 20:13:24 [INFO ] [ShareCodeRepository] Loaded 5 share codes from /tmp/junit-3040065414427490438/share_codes.json
2026-04-26 20:13:24 [INFO ] [OrganisationRepository] Loaded 4 organisations from /tmp/junit-3040065414427490438/organisations.json
2026-04-26 20:13:24 [INFO ] [VerificationService] Share code verification requested by org=ORG003
2026-04-26 20:13:24 [WARN ] [VerificationService] Rejected SHARE_CODE_VERIFICATION reason=Share code has already been used org=ORG003
2026-04-26 20:13:24 [INFO ] [PersonRepository] Loaded 3 persons from /tmp/junit-14767310734440616731/persons.json
2026-04-26 20:13:24 [INFO ] [VisaRepository] Loaded 3 visas from /tmp/junit-14767310734440616731/visas.json
2026-04-26 20:13:24 [INFO ] [ShareCodeRepository] Loaded 5 share codes from /tmp/junit-14767310734440616731/share_codes.json
2026-04-26 20:13:24 [INFO ] [OrganisationRepository] Loaded 4 organisations from /tmp/junit-14767310734440616731/organisations.json
2026-04-26 20:13:24 [INFO ] [VerificationService] Share code verification requested by org=ORG003
2026-04-26 20:13:24 [INFO ] [ShareCodeRepository] Updated share code DEF456YZ2, used=true
2026-04-26 20:13:24 [INFO ] [VerificationService] Share code verification outcome=Right to rent: true org=ORG003
2026-04-26 20:13:24 [INFO ] [PersonRepository] Loaded 3 persons from /tmp/junit-14279057434948667142/persons.json
2026-04-26 20:13:24 [INFO ] [VisaRepository] Loaded 3 visas from /tmp/junit-14279057434948667142/visas.json
2026-04-26 20:13:24 [INFO ] [ShareCodeRepository] Loaded 5 share codes from /tmp/junit-14279057434948667142/share_codes.json
2026-04-26 20:13:24 [INFO ] [OrganisationRepository] Loaded 4 organisations from /tmp/junit-14279057434948667142/organisations.json
2026-04-26 20:13:24 [INFO ] [VerificationService] Share code verification requested by org=ORG001
2026-04-26 20:13:24 [INFO ] [ShareCodeRepository] Updated share code ABC123XY1, used=true
2026-04-26 20:13:24 [INFO ] [VerificationService] Share code verification outcome=Right to work: true, expires: 2027-06-30 org=ORG001
2026-04-26 20:13:24 [INFO ] [PersonRepository] Loaded 3 persons from /tmp/junit-5113496697045008899/persons.json
2026-04-26 20:13:24 [INFO ] [VisaRepository] Loaded 3 visas from /tmp/junit-5113496697045008899/visas.json
2026-04-26 20:13:24 [INFO ] [ShareCodeRepository] Loaded 5 share codes from /tmp/junit-5113496697045008899/share_codes.json
2026-04-26 20:13:24 [INFO ] [OrganisationRepository] Loaded 4 organisations from /tmp/junit-5113496697045008899/organisations.json
2026-04-26 20:13:24 [WARN ] [VerificationService] Confirmation refused by org=ORG001
2026-04-26 20:13:24 [INFO ] [PersonRepository] Loaded 3 persons from /tmp/junit-15289530849489642299/persons.json
2026-04-26 20:13:24 [INFO ] [VisaRepository] Loaded 3 visas from /tmp/junit-15289530849489642299/visas.json
2026-04-26 20:13:24 [INFO ] [ShareCodeRepository] Loaded 5 share codes from /tmp/junit-15289530849489642299/share_codes.json
2026-04-26 20:13:24 [INFO ] [OrganisationRepository] Loaded 4 organisations from /tmp/junit-15289530849489642299/organisations.json
2026-04-26 20:13:24 [INFO ] [VerificationService] Share code verification requested by org=ORG001
2026-04-26 20:13:24 [INFO ] [ShareCodeRepository] Updated share code QRS678FG6, used=true
2026-04-26 20:13:24 [INFO ] [VerificationService] Share code verification outcome=Right to work: false, expires: 2026-10-25 org=ORG001
2026-04-26 20:13:24 [INFO ] [PersonRepository] Loaded 3 persons from /tmp/junit-4777221679883234956/persons.json
2026-04-26 20:13:24 [INFO ] [VisaRepository] Loaded 3 visas from /tmp/junit-4777221679883234956/visas.json
2026-04-26 20:13:24 [INFO ] [ShareCodeRepository] Loaded 5 share codes from /tmp/junit-4777221679883234956/share_codes.json
2026-04-26 20:13:24 [INFO ] [OrganisationRepository] Loaded 4 organisations from /tmp/junit-4777221679883234956/organisations.json
2026-04-26 20:13:24 [INFO ] [VerificationService] Share code verification requested by org=ORG001
2026-04-26 20:13:24 [WARN ] [VerificationService] Rejected SHARE_CODE_VERIFICATION reason=Share code has expired org=ORG001
2026-04-26 20:13:24 [INFO ] [PersonRepository] Loaded 3 persons from /tmp/junit-13669103568793683331/persons.json
2026-04-26 20:13:24 [INFO ] [VisaRepository] Loaded 3 visas from /tmp/junit-13669103568793683331/visas.json
2026-04-26 20:13:24 [INFO ] [ShareCodeRepository] Loaded 5 share codes from /tmp/junit-13669103568793683331/share_codes.json
2026-04-26 20:13:24 [INFO ] [OrganisationRepository] Loaded 4 organisations from /tmp/junit-13669103568793683331/organisations.json
2026-04-26 20:13:24 [WARN ] [VerificationService] Confirmation refused by org=ORG001
2026-04-26 20:13:24 [INFO ] [PersonRepository] Loaded 3 persons from /tmp/junit-15582270378211541364/persons.json
2026-04-26 20:13:24 [INFO ] [VisaRepository] Loaded 3 visas from /tmp/junit-15582270378211541364/visas.json
2026-04-26 20:13:24 [INFO ] [ShareCodeRepository] Loaded 5 share codes from /tmp/junit-15582270378211541364/share_codes.json
2026-04-26 20:13:24 [INFO ] [OrganisationRepository] Loaded 4 organisations from /tmp/junit-15582270378211541364/organisations.json
2026-04-26 20:13:24 [INFO ] [ShareCodeRepository] Persisted new share code for person P001
2026-04-26 20:13:24 [INFO ] [ShareCodeService] Generated share code for person=P001**** purpose=EMPLOYMENT
2026-04-26 20:13:24 [INFO ] [PersonRepository] Loaded 3 persons from /tmp/junit-17258405195705153104/persons.json
2026-04-26 20:13:24 [INFO ] [VisaRepository] Loaded 3 visas from /tmp/junit-17258405195705153104/visas.json
2026-04-26 20:13:24 [INFO ] [ShareCodeRepository] Loaded 5 share codes from /tmp/junit-17258405195705153104/share_codes.json
2026-04-26 20:13:24 [INFO ] [OrganisationRepository] Loaded 4 organisations from /tmp/junit-17258405195705153104/organisations.json
2026-04-26 20:13:24 [INFO ] [ShareCodeRepository] Persisted new share code for person P001
2026-04-26 20:13:24 [INFO ] [ShareCodeService] Generated share code for person=P001**** purpose=EMPLOYMENT
2026-04-26 20:13:24 [INFO ] [PersonRepository] Loaded 3 persons from /tmp/junit-1053788428987762991/persons.json
2026-04-26 20:13:24 [INFO ] [VisaRepository] Loaded 3 visas from /tmp/junit-1053788428987762991/visas.json
2026-04-26 20:13:24 [INFO ] [ShareCodeRepository] Loaded 5 share codes from /tmp/junit-1053788428987762991/share_codes.json
2026-04-26 20:13:24 [INFO ] [OrganisationRepository] Loaded 4 organisations from /tmp/junit-1053788428987762991/organisations.json
2026-04-26 20:13:24 [INFO ] [ShareCodeRepository] Persisted new share code for person P001
2026-04-26 20:13:24 [INFO ] [ShareCodeService] Generated share code for person=P001**** purpose=EMPLOYMENT
2026-04-26 20:13:24 [INFO ] [PersonRepository] Loaded 3 persons from /tmp/junit-4651204191094651954/persons.json
2026-04-26 20:13:24 [INFO ] [VisaRepository] Loaded 3 visas from /tmp/junit-4651204191094651954/visas.json
2026-04-26 20:13:24 [INFO ] [ShareCodeRepository] Loaded 5 share codes from /tmp/junit-4651204191094651954/share_codes.json
2026-04-26 20:13:24 [INFO ] [OrganisationRepository] Loaded 4 organisations from /tmp/junit-4651204191094651954/organisations.json
2026-04-26 20:13:24 [INFO ] [ShareCodeRepository] Persisted new share code for person P001
2026-04-26 20:13:24 [INFO ] [ShareCodeService] Generated share code for person=P001**** purpose=EMPLOYMENT
2026-04-26 20:13:24 [INFO ] [PersonRepository] Loaded 3 persons from /tmp/junit-1665678995170051102/persons.json
2026-04-26 20:13:24 [INFO ] [VisaRepository] Loaded 3 visas from /tmp/junit-1665678995170051102/visas.json
2026-04-26 20:13:24 [INFO ] [ShareCodeRepository] Loaded 5 share codes from /tmp/junit-1665678995170051102/share_codes.json
2026-04-26 20:13:24 [INFO ] [OrganisationRepository] Loaded 4 organisations from /tmp/junit-1665678995170051102/organisations.json
2026-04-26 20:13:24 [INFO ] [PersonRepository] Loaded 3 persons from /tmp/junit-10728344890233390995/persons.json
2026-04-26 20:13:24 [INFO ] [VisaRepository] Loaded 3 visas from /tmp/junit-10728344890233390995/visas.json
2026-04-26 20:13:24 [INFO ] [ShareCodeRepository] Loaded 5 share codes from /tmp/junit-10728344890233390995/share_codes.json
2026-04-26 20:13:24 [INFO ] [OrganisationRepository] Loaded 4 organisations from /tmp/junit-10728344890233390995/organisations.json
2026-04-26 20:13:24 [INFO ] [ShareCodeRepository] Persisted new share code for person P001
2026-04-26 20:13:24 [INFO ] [ShareCodeService] Generated share code for person=P001**** purpose=EMPLOYMENT
2026-04-26 20:13:24 [INFO ] [PersonRepository] Loaded 3 persons from /tmp/junit-13720410395336305337/persons.json
2026-04-26 20:13:24 [INFO ] [VisaRepository] Loaded 3 visas from /tmp/junit-13720410395336305337/visas.json
2026-04-26 20:13:24 [INFO ] [ShareCodeRepository] Loaded 5 share codes from /tmp/junit-13720410395336305337/share_codes.json
2026-04-26 20:13:24 [INFO ] [OrganisationRepository] Loaded 4 organisations from /tmp/junit-13720410395336305337/organisations.json
2026-04-26 20:13:24 [INFO ] [ShareCodeRepository] Persisted new share code for person P001
2026-04-26 20:13:24 [INFO ] [ShareCodeService] Generated share code for person=P001**** purpose=EMPLOYMENT
2026-04-26 20:13:24 [INFO ] [PersonRepository] Loaded 3 persons from /tmp/junit-17673921733253454/persons.json
2026-04-26 20:13:24 [INFO ] [VisaRepository] Loaded 3 visas from /tmp/junit-17673921733253454/visas.json
2026-04-26 20:13:24 [INFO ] [ShareCodeRepository] Loaded 5 share codes from /tmp/junit-17673921733253454/share_codes.json
2026-04-26 20:13:24 [INFO ] [OrganisationRepository] Loaded 4 organisations from /tmp/junit-17673921733253454/organisations.json
2026-04-26 20:13:24 [INFO ] [PersonRepository] Loaded 3 persons from /tmp/junit-12208153806700866219/persons.json
2026-04-26 20:13:24 [INFO ] [VisaRepository] Loaded 3 visas from /tmp/junit-12208153806700866219/visas.json
2026-04-26 20:13:24 [INFO ] [ShareCodeRepository] Loaded 5 share codes from /tmp/junit-12208153806700866219/share_codes.json
2026-04-26 20:13:24 [INFO ] [OrganisationRepository] Loaded 4 organisations from /tmp/junit-12208153806700866219/organisations.json
2026-04-26 20:13:24 [INFO ] [PersonRepository] Loaded 3 persons from /tmp/junit-11661739664656441746/persons.json
2026-04-26 20:13:24 [INFO ] [VisaRepository] Loaded 3 visas from /tmp/junit-11661739664656441746/visas.json
2026-04-26 20:13:24 [INFO ] [ShareCodeRepository] Loaded 5 share codes from /tmp/junit-11661739664656441746/share_codes.json
2026-04-26 20:13:24 [INFO ] [OrganisationRepository] Loaded 4 organisations from /tmp/junit-11661739664656441746/organisations.json
2026-04-26 20:13:24 [INFO ] [ShareCodeRepository] Persisted new share code for person P001
2026-04-26 20:13:24 [INFO ] [ShareCodeService] Generated share code for person=P001**** purpose=EMPLOYMENT
2026-04-26 20:13:24 [INFO ] [PersonRepository] Loaded 3 persons from /tmp/junit-13553127773122374649/persons.json
2026-04-26 20:13:24 [INFO ] [VisaRepository] Loaded 3 visas from /tmp/junit-13553127773122374649/visas.json
2026-04-26 20:13:24 [INFO ] [ShareCodeRepository] Loaded 5 share codes from /tmp/junit-13553127773122374649/share_codes.json
2026-04-26 20:13:24 [INFO ] [OrganisationRepository] Loaded 4 organisations from /tmp/junit-13553127773122374649/organisations.json
2026-04-26 20:13:24 [INFO ] [PersonRepository] Loaded 3 persons from /tmp/junit-13553127773122374649/persons.json
2026-04-26 20:13:24 [INFO ] [VisaRepository] Loaded 3 visas from /tmp/junit-13553127773122374649/visas.json
2026-04-26 20:13:24 [INFO ] [ShareCodeRepository] Loaded 5 share codes from /tmp/junit-13553127773122374649/share_codes.json
2026-04-26 20:13:24 [INFO ] [OrganisationRepository] Loaded 4 organisations from /tmp/junit-13553127773122374649/organisations.json
2026-04-26 20:13:24 [INFO ] [PersonRepository] Loaded 3 persons from /tmp/junit-15087674444479790165/persons.json
2026-04-26 20:13:24 [INFO ] [VisaRepository] Loaded 3 visas from /tmp/junit-15087674444479790165/visas.json
2026-04-26 20:13:24 [INFO ] [ShareCodeRepository] Loaded 5 share codes from /tmp/junit-15087674444479790165/share_codes.json
2026-04-26 20:13:24 [INFO ] [OrganisationRepository] Loaded 4 organisations from /tmp/junit-15087674444479790165/organisations.json
2026-04-26 20:13:24 [INFO ] [PersonRepository] Loaded 3 persons from /tmp/junit-15087674444479790165/persons.json
2026-04-26 20:13:24 [INFO ] [VisaRepository] Loaded 3 visas from /tmp/junit-15087674444479790165/visas.json
2026-04-26 20:13:24 [INFO ] [ShareCodeRepository] Loaded 5 share codes from /tmp/junit-15087674444479790165/share_codes.json
2026-04-26 20:13:24 [INFO ] [OrganisationRepository] Loaded 4 organisations from /tmp/junit-15087674444479790165/organisations.json
2026-04-26 20:13:24 [INFO ] [PersonRepository] Loaded 3 persons from /tmp/junit-5272225708976785916/persons.json
2026-04-26 20:13:24 [INFO ] [VisaRepository] Loaded 3 visas from /tmp/junit-5272225708976785916/visas.json
2026-04-26 20:13:24 [INFO ] [ShareCodeRepository] Loaded 5 share codes from /tmp/junit-5272225708976785916/share_codes.json
2026-04-26 20:13:24 [INFO ] [OrganisationRepository] Loaded 4 organisations from /tmp/junit-5272225708976785916/organisations.json
2026-04-26 20:13:24 [INFO ] [PersonRepository] Loaded 3 persons from /tmp/junit-5272225708976785916/persons.json
2026-04-26 20:13:24 [INFO ] [VisaRepository] Loaded 3 visas from /tmp/junit-5272225708976785916/visas.json
2026-04-26 20:13:24 [INFO ] [ShareCodeRepository] Loaded 5 share codes from /tmp/junit-5272225708976785916/share_codes.json
2026-04-26 20:13:24 [INFO ] [OrganisationRepository] Loaded 4 organisations from /tmp/junit-5272225708976785916/organisations.json
2026-04-26 20:13:24 [INFO ] [PersonRepository] Loaded 3 persons from /tmp/junit-1496987305031100880/persons.json
2026-04-26 20:13:24 [INFO ] [VisaRepository] Loaded 3 visas from /tmp/junit-1496987305031100880/visas.json
2026-04-26 20:13:24 [INFO ] [ShareCodeRepository] Loaded 5 share codes from /tmp/junit-1496987305031100880/share_codes.json
2026-04-26 20:13:24 [INFO ] [OrganisationRepository] Loaded 4 organisations from /tmp/junit-1496987305031100880/organisations.json
2026-04-26 20:13:24 [INFO ] [PersonRepository] Loaded 3 persons from /tmp/junit-1496987305031100880/persons.json
2026-04-26 20:13:24 [INFO ] [VisaRepository] Loaded 3 visas from /tmp/junit-1496987305031100880/visas.json
2026-04-26 20:13:24 [INFO ] [ShareCodeRepository] Loaded 5 share codes from /tmp/junit-1496987305031100880/share_codes.json
2026-04-26 20:13:24 [INFO ] [OrganisationRepository] Loaded 4 organisations from /tmp/junit-1496987305031100880/organisations.json
2026-04-26 20:13:24 [WARN ] [VerificationService] Confirmation refused by org=ORG005
2026-04-26 20:13:24 [INFO ] [PersonRepository] Loaded 3 persons from /tmp/junit-397099633375670002/persons.json
2026-04-26 20:13:24 [INFO ] [VisaRepository] Loaded 3 visas from /tmp/junit-397099633375670002/visas.json
2026-04-26 20:13:24 [INFO ] [ShareCodeRepository] Loaded 5 share codes from /tmp/junit-397099633375670002/share_codes.json
2026-04-26 20:13:24 [INFO ] [OrganisationRepository] Loaded 4 organisations from /tmp/junit-397099633375670002/organisations.json
2026-04-26 20:13:24 [INFO ] [PersonRepository] Loaded 3 persons from /tmp/junit-397099633375670002/persons.json
2026-04-26 20:13:24 [INFO ] [VisaRepository] Loaded 3 visas from /tmp/junit-397099633375670002/visas.json
2026-04-26 20:13:24 [INFO ] [ShareCodeRepository] Loaded 5 share codes from /tmp/junit-397099633375670002/share_codes.json
2026-04-26 20:13:24 [INFO ] [OrganisationRepository] Loaded 4 organisations from /tmp/junit-397099633375670002/organisations.json
2026-04-26 20:13:24 [WARN ] [VerificationService] Confirmation refused by org=ORG001
2026-04-26 20:13:24 [INFO ] [PersonRepository] Loaded 3 persons from /tmp/junit-12948400931635229485/persons.json
2026-04-26 20:13:24 [INFO ] [VisaRepository] Loaded 3 visas from /tmp/junit-12948400931635229485/visas.json
2026-04-26 20:13:24 [INFO ] [ShareCodeRepository] Loaded 5 share codes from /tmp/junit-12948400931635229485/share_codes.json
2026-04-26 20:13:24 [INFO ] [OrganisationRepository] Loaded 4 organisations from /tmp/junit-12948400931635229485/organisations.json
2026-04-26 20:13:24 [INFO ] [PersonRepository] Loaded 3 persons from /tmp/junit-12948400931635229485/persons.json
2026-04-26 20:13:24 [INFO ] [VisaRepository] Loaded 3 visas from /tmp/junit-12948400931635229485/visas.json
2026-04-26 20:13:24 [INFO ] [ShareCodeRepository] Loaded 5 share codes from /tmp/junit-12948400931635229485/share_codes.json
2026-04-26 20:13:24 [INFO ] [OrganisationRepository] Loaded 4 organisations from /tmp/junit-12948400931635229485/organisations.json
2026-04-26 20:13:24 [INFO ] [ShareCodeRepository] Loaded 0 share codes from /tmp/junit-8149334963700103033/share_codes.json
2026-04-26 20:13:24 [INFO ] [ShareCodeRepository] Persisted new share code for person P003
2026-04-26 20:13:24 [INFO ] [ShareCodeService] Generated share code for person=P003**** purpose=ACCOMMODATION
2026-04-26 20:13:24 [INFO ] [ShareCodeRepository] Loaded 0 share codes from /tmp/junit-14936452730334869813/share_codes.json
2026-04-26 20:13:24 [INFO ] [ShareCodeRepository] Persisted new share code for person P001
2026-04-26 20:13:24 [INFO ] [ShareCodeService] Generated share code for person=P001**** purpose=EMPLOYMENT
2026-04-26 20:13:24 [INFO ] [ShareCodeRepository] Loaded 0 share codes from /tmp/junit-1549336187269811940/share_codes.json
2026-04-26 20:13:24 [INFO ] [ShareCodeRepository] Persisted new share code for person P002
2026-04-26 20:13:24 [INFO ] [ShareCodeService] Generated share code for person=P002**** purpose=EDUCATION
2026-04-26 20:13:24 [INFO ] [ShareCodeRepository] Loaded 0 share codes from /tmp/junit-7786113236190379908/share_codes.json
2026-04-26 20:13:24 [INFO ] [ShareCodeRepository] Persisted new share code for person P001
2026-04-26 20:13:24 [INFO ] [ShareCodeService] Generated share code for person=P001**** purpose=EMPLOYMENT
2026-04-26 20:13:24 [INFO ] [ShareCodeRepository] Loaded 0 share codes from /tmp/junit-7091941141135880921/share_codes.json
2026-04-26 20:13:24 [INFO ] [ShareCodeRepository] Persisted new share code for person P001
2026-04-26 20:13:24 [INFO ] [ShareCodeService] Generated share code for person=P001**** purpose=EMPLOYMENT
2026-04-26 20:13:24 [INFO ] [ShareCodeRepository] Loaded 0 share codes from /tmp/junit-826312111117220368/share_codes.json
2026-04-26 20:13:24 [INFO ] [ShareCodeRepository] Persisted new share code for person P001
2026-04-26 20:13:24 [INFO ] [ShareCodeService] Generated share code for person=P001**** purpose=EMPLOYMENT
2026-04-26 20:13:24 [INFO ] [ShareCodeRepository] Persisted new share code for person P001
2026-04-26 20:13:24 [INFO ] [ShareCodeService] Generated share code for person=P001**** purpose=EMPLOYMENT
2026-04-26 20:13:24 [INFO ] [PersonRepository] Loaded 3 persons from /tmp/junit-15246670446965565599/persons.json
2026-04-26 20:13:24 [INFO ] [VisaRepository] Loaded 3 visas from /tmp/junit-15246670446965565599/visas.json
2026-04-26 20:13:24 [INFO ] [ShareCodeRepository] Loaded 5 share codes from /tmp/junit-15246670446965565599/share_codes.json
2026-04-26 20:13:24 [INFO ] [OrganisationRepository] Loaded 4 organisations from /tmp/junit-15246670446965565599/organisations.json
2026-04-26 20:13:24 [INFO ] [VerificationService] Share code verification requested by org=ORG001
2026-04-26 20:13:24 [WARN ] [VerificationService] Rejected SHARE_CODE_VERIFICATION reason=Share code has expired org=ORG001
2026-04-26 20:13:24 [INFO ] [PersonRepository] Loaded 3 persons from /tmp/junit-17083857531199624618/persons.json
2026-04-26 20:13:24 [INFO ] [VisaRepository] Loaded 3 visas from /tmp/junit-17083857531199624618/visas.json
2026-04-26 20:13:24 [INFO ] [ShareCodeRepository] Loaded 5 share codes from /tmp/junit-17083857531199624618/share_codes.json
2026-04-26 20:13:24 [INFO ] [OrganisationRepository] Loaded 4 organisations from /tmp/junit-17083857531199624618/organisations.json
2026-04-26 20:13:24 [INFO ] [VerificationService] Share code verification requested by org=ORG003
2026-04-26 20:13:24 [INFO ] [ShareCodeRepository] Updated share code DEF456YZ2, used=true
2026-04-26 20:13:24 [INFO ] [VerificationService] Share code verification outcome=Right to rent: true org=ORG003
2026-04-26 20:13:24 [INFO ] [PersonRepository] Loaded 3 persons from /tmp/junit-3512757921851509678/persons.json
2026-04-26 20:13:24 [INFO ] [VisaRepository] Loaded 3 visas from /tmp/junit-3512757921851509678/visas.json
2026-04-26 20:13:24 [INFO ] [ShareCodeRepository] Loaded 5 share codes from /tmp/junit-3512757921851509678/share_codes.json
2026-04-26 20:13:24 [INFO ] [OrganisationRepository] Loaded 4 organisations from /tmp/junit-3512757921851509678/organisations.json
2026-04-26 20:13:24 [INFO ] [VerificationService] Document verification requested by org=ORG005 docType=PASSPORT
2026-04-26 20:13:24 [INFO ] [VerificationService] Document verification outcome=Entry permitted: true, conditions: [] org=ORG005
2026-04-26 20:13:24 [INFO ] [PersonRepository] Loaded 3 persons from /tmp/junit-4428915099033028406/persons.json
2026-04-26 20:13:24 [INFO ] [VisaRepository] Loaded 3 visas from /tmp/junit-4428915099033028406/visas.json
2026-04-26 20:13:24 [INFO ] [ShareCodeRepository] Loaded 5 share codes from /tmp/junit-4428915099033028406/share_codes.json
2026-04-26 20:13:24 [INFO ] [OrganisationRepository] Loaded 4 organisations from /tmp/junit-4428915099033028406/organisations.json
2026-04-26 20:13:24 [INFO ] [VerificationService] Share code verification requested by org=ORG001
2026-04-26 20:13:24 [WARN ] [VerificationService] Rejected SHARE_CODE_VERIFICATION reason=Purpose 'ACCOMMODATION' is not permitted for role 'EMPLOYER' org=ORG001
2026-04-26 20:13:24 [INFO ] [PersonRepository] Loaded 3 persons from /tmp/junit-2335649247171275448/persons.json
2026-04-26 20:13:24 [INFO ] [VisaRepository] Loaded 3 visas from /tmp/junit-2335649247171275448/visas.json
2026-04-26 20:13:24 [INFO ] [ShareCodeRepository] Loaded 5 share codes from /tmp/junit-2335649247171275448/share_codes.json
2026-04-26 20:13:24 [INFO ] [OrganisationRepository] Loaded 4 organisations from /tmp/junit-2335649247171275448/organisations.json
2026-04-26 20:13:24 [INFO ] [VerificationService] Share code verification requested by org=ORG001
2026-04-26 20:13:24 [WARN ] [VerificationService] Rejected SHARE_CODE_VERIFICATION reason=Date of birth does not match org=ORG001
2026-04-26 20:13:24 [INFO ] [PersonRepository] Loaded 3 persons from /tmp/junit-2936473848701408823/persons.json
2026-04-26 20:13:24 [INFO ] [VisaRepository] Loaded 3 visas from /tmp/junit-2936473848701408823/visas.json
2026-04-26 20:13:24 [INFO ] [ShareCodeRepository] Loaded 5 share codes from /tmp/junit-2936473848701408823/share_codes.json
2026-04-26 20:13:24 [INFO ] [OrganisationRepository] Loaded 4 organisations from /tmp/junit-2936473848701408823/organisations.json
2026-04-26 20:13:24 [INFO ] [VerificationService] Share code verification requested by org=ORG001
2026-04-26 20:13:24 [INFO ] [ShareCodeRepository] Updated share code ABC123XY1, used=true
2026-04-26 20:13:24 [INFO ] [VerificationService] Share code verification outcome=Right to work: true, expires: 2027-06-30 org=ORG001
2026-04-26 20:13:24 [INFO ] [VerificationService] Share code verification requested by org=ORG001
2026-04-26 20:13:24 [WARN ] [VerificationService] Rejected SHARE_CODE_VERIFICATION reason=Share code has already been used org=ORG001
2026-04-26 20:13:24 [INFO ] [PersonRepository] Loaded 3 persons from /tmp/junit-13313498626158237617/persons.json
2026-04-26 20:13:24 [INFO ] [VisaRepository] Loaded 3 visas from /tmp/junit-13313498626158237617/visas.json
2026-04-26 20:13:24 [INFO ] [ShareCodeRepository] Loaded 5 share codes from /tmp/junit-13313498626158237617/share_codes.json
2026-04-26 20:13:24 [INFO ] [OrganisationRepository] Loaded 4 organisations from /tmp/junit-13313498626158237617/organisations.json
2026-04-26 20:13:24 [INFO ] [VerificationService] Share code verification requested by org=ORG001
2026-04-26 20:13:24 [INFO ] [ShareCodeRepository] Updated share code QRS678FG6, used=true
2026-04-26 20:13:24 [INFO ] [VerificationService] Share code verification outcome=Right to work: false, expires: 2026-10-25 org=ORG001
2026-04-26 20:13:24 [INFO ] [PersonRepository] Loaded 3 persons from /tmp/junit-5856587119512573591/persons.json
2026-04-26 20:13:24 [INFO ] [VisaRepository] Loaded 3 visas from /tmp/junit-5856587119512573591/visas.json
2026-04-26 20:13:24 [INFO ] [ShareCodeRepository] Loaded 5 share codes from /tmp/junit-5856587119512573591/share_codes.json
2026-04-26 20:13:24 [INFO ] [OrganisationRepository] Loaded 4 organisations from /tmp/junit-5856587119512573591/organisations.json
2026-04-26 20:13:24 [INFO ] [VerificationService] Share code verification requested by org=ORG003
2026-04-26 20:13:24 [WARN ] [VerificationService] Rejected SHARE_CODE_VERIFICATION reason=Share code has already been used org=ORG003
2026-04-26 20:13:24 [INFO ] [PersonRepository] Loaded 3 persons from /tmp/junit-18293421192632692891/persons.json
2026-04-26 20:13:24 [INFO ] [VisaRepository] Loaded 3 visas from /tmp/junit-18293421192632692891/visas.json
2026-04-26 20:13:24 [INFO ] [ShareCodeRepository] Loaded 5 share codes from /tmp/junit-18293421192632692891/share_codes.json
2026-04-26 20:13:24 [INFO ] [OrganisationRepository] Loaded 4 organisations from /tmp/junit-18293421192632692891/organisations.json
2026-04-26 20:13:24 [INFO ] [VerificationService] Document verification requested by org=ORG006 docType=PASSPORT
2026-04-26 20:13:24 [INFO ] [VerificationService] Document verification outcome=Visa type: WORK, valid: true, expires: 2027-06-30 org=ORG006
2026-04-26 20:13:24 [INFO ] [PersonRepository] Loaded 3 persons from /tmp/junit-11931446868758876751/persons.json
2026-04-26 20:13:24 [INFO ] [VisaRepository] Loaded 3 visas from /tmp/junit-11931446868758876751/visas.json
2026-04-26 20:13:24 [INFO ] [ShareCodeRepository] Loaded 5 share codes from /tmp/junit-11931446868758876751/share_codes.json
2026-04-26 20:13:24 [INFO ] [OrganisationRepository] Loaded 4 organisations from /tmp/junit-11931446868758876751/organisations.json
2026-04-26 20:13:24 [INFO ] [VerificationService] Share code verification requested by org=ORG001
2026-04-26 20:13:24 [INFO ] [ShareCodeRepository] Updated share code ABC123XY1, used=true
2026-04-26 20:13:24 [INFO ] [VerificationService] Share code verification outcome=Right to work: true, expires: 2027-06-30 org=ORG001
2026-04-26 20:13:24 [INFO ] [PersonRepository] Loaded 3 persons from /tmp/junit-9723172144460235324/persons.json
2026-04-26 20:13:24 [INFO ] [VisaRepository] Loaded 3 visas from /tmp/junit-9723172144460235324/visas.json
2026-04-26 20:13:24 [INFO ] [ShareCodeRepository] Loaded 5 share codes from /tmp/junit-9723172144460235324/share_codes.json
2026-04-26 20:13:24 [INFO ] [OrganisationRepository] Loaded 4 organisations from /tmp/junit-9723172144460235324/organisations.json
2026-04-26 20:13:24 [INFO ] [VerificationService] Share code verification requested by org=ORG001
2026-04-26 20:13:24 [WARN ] [VerificationService] Rejected SHARE_CODE_VERIFICATION reason=Share code must be 9 uppercase alphanumeric characters org=ORG001
2026-04-26 20:13:24 [INFO ] [PersonRepository] Loaded 3 persons from /tmp/junit-14096152903355667618/persons.json
2026-04-26 20:13:24 [INFO ] [VisaRepository] Loaded 3 visas from /tmp/junit-14096152903355667618/visas.json
2026-04-26 20:13:24 [INFO ] [ShareCodeRepository] Loaded 5 share codes from /tmp/junit-14096152903355667618/share_codes.json
2026-04-26 20:13:24 [INFO ] [OrganisationRepository] Loaded 4 organisations from /tmp/junit-14096152903355667618/organisations.json
2026-04-26 20:13:24 [INFO ] [VerificationService] Document verification requested by org=ORG005 docType=PASSPORT
2026-04-26 20:13:24 [WARN ] [VerificationService] Rejected DOCUMENT_VERIFICATION reason=Person not found for document org=ORG005
2026-04-26 20:13:24 [INFO ] [PersonRepository] Loaded 3 persons from /tmp/junit-12500800783714008686/persons.json
2026-04-26 20:13:24 [INFO ] [VisaRepository] Loaded 3 visas from /tmp/junit-12500800783714008686/visas.json
2026-04-26 20:13:24 [INFO ] [ShareCodeRepository] Loaded 5 share codes from /tmp/junit-12500800783714008686/share_codes.json
2026-04-26 20:13:24 [INFO ] [OrganisationRepository] Loaded 4 organisations from /tmp/junit-12500800783714008686/organisations.json
2026-04-26 20:13:24 [INFO ] [VerificationService] Document verification requested by org=ORG005 docType=PASSPORT
2026-04-26 20:13:24 [WARN ] [VerificationService] Rejected DOCUMENT_VERIFICATION reason=Passport number must be 9 uppercase alphanumeric characters org=ORG005
2026-04-26 20:13:24 [INFO ] [PersonRepository] Loaded 3 persons from /tmp/junit-11919724773583594445/persons.json
2026-04-26 20:13:24 [INFO ] [VisaRepository] Loaded 3 visas from /tmp/junit-11919724773583594445/visas.json
2026-04-26 20:13:24 [INFO ] [ShareCodeRepository] Loaded 5 share codes from /tmp/junit-11919724773583594445/share_codes.json
2026-04-26 20:13:24 [INFO ] [OrganisationRepository] Loaded 4 organisations from /tmp/junit-11919724773583594445/organisations.json
2026-04-26 20:13:24 [INFO ] [VerificationService] Document verification requested by org=ORG001 docType=PASSPORT
2026-04-26 20:13:24 [WARN ] [VerificationService] Rejected DOCUMENT_VERIFICATION reason=Organisation role 'EMPLOYER' is not authorised for the document route org=ORG001
2026-04-26 20:13:24 [INFO ] [PersonRepository] Loaded 3 persons from /tmp/junit-15996389013081536565/persons.json
2026-04-26 20:13:24 [INFO ] [VisaRepository] Loaded 3 visas from /tmp/junit-15996389013081536565/visas.json
2026-04-26 20:13:24 [INFO ] [ShareCodeRepository] Loaded 5 share codes from /tmp/junit-15996389013081536565/share_codes.json
2026-04-26 20:13:24 [INFO ] [OrganisationRepository] Loaded 4 organisations from /tmp/junit-15996389013081536565/organisations.json
2026-04-26 20:13:24 [INFO ] [VerificationService] Share code verification requested by org=ORG999
2026-04-26 20:13:24 [WARN ] [VerificationService] Rejected SHARE_CODE_VERIFICATION reason=Organisation not recognised org=ORG999
2026-04-26 20:13:24 [INFO ] [PersonRepository] Loaded 3 persons from /tmp/junit-6228126098422215936/persons.json
2026-04-26 20:13:24 [INFO ] [VisaRepository] Loaded 3 visas from /tmp/junit-6228126098422215936/visas.json
2026-04-26 20:13:24 [INFO ] [ShareCodeRepository] Loaded 5 share codes from /tmp/junit-6228126098422215936/share_codes.json
2026-04-26 20:13:24 [INFO ] [OrganisationRepository] Loaded 4 organisations from /tmp/junit-6228126098422215936/organisations.json
2026-04-26 20:13:24 [INFO ] [VerificationService] Share code verification requested by org=ORG005
2026-04-26 20:13:24 [WARN ] [VerificationService] Rejected SHARE_CODE_VERIFICATION reason=Organisation role 'BORDER_CONTROL' is not authorised for the share code route org=ORG005
2026-04-26 20:13:46 [INFO ] [Main] Immigration Status Verification System starting
2026-04-26 20:13:46 [INFO ] [PersonRepository] Loaded 5 persons from data/persons.json
2026-04-26 20:13:46 [INFO ] [VisaRepository] Loaded 5 visas from data/visas.json
2026-04-26 20:13:46 [INFO ] [ShareCodeRepository] Loaded 8 share codes from data/share_codes.json
2026-04-26 20:13:46 [INFO ] [OrganisationRepository] Loaded 6 organisations from data/organisations.json
2026-04-26 20:25:47 [WARN ] [VerificationService] Confirmation refused by org=ORG001
2026-05-02 15:01:13 [INFO ] [PersonRepository] Loaded 3 persons from /tmp/junit-6862937071451588400/persons.json
2026-05-02 15:01:13 [INFO ] [VisaRepository] Loaded 3 visas from /tmp/junit-6862937071451588400/visas.json
2026-05-02 15:01:13 [INFO ] [ShareCodeRepository] Loaded 5 share codes from /tmp/junit-6862937071451588400/share_codes.json
2026-05-02 15:01:13 [INFO ] [OrganisationRepository] Loaded 4 organisations from /tmp/junit-6862937071451588400/organisations.json
2026-05-02 15:01:13 [INFO ] [ShareCodeRepository] Persisted new share code for person P001
2026-05-02 15:01:13 [INFO ] [ShareCodeService] Generated share code for person=P001**** purpose=EMPLOYMENT
2026-05-02 15:01:13 [INFO ] [VerificationService] Share code verification requested by org=ORG001
2026-05-02 15:01:13 [INFO ] [ShareCodeRepository] Updated share code 3JCCG8HJ4, used=true
2026-05-02 15:01:13 [INFO ] [VerificationService] Share code verification outcome=Right to work: true, expires: 2027-06-30 org=ORG001
2026-05-02 15:01:13 [INFO ] [PersonRepository] Loaded 3 persons from /tmp/junit-9443916453066616491/persons.json
2026-05-02 15:01:13 [INFO ] [VisaRepository] Loaded 3 visas from /tmp/junit-9443916453066616491/visas.json
2026-05-02 15:01:13 [INFO ] [ShareCodeRepository] Loaded 5 share codes from /tmp/junit-9443916453066616491/share_codes.json
2026-05-02 15:01:13 [INFO ] [OrganisationRepository] Loaded 4 organisations from /tmp/junit-9443916453066616491/organisations.json
2026-05-02 15:01:13 [INFO ] [VerificationService] Share code verification requested by org=ORG001
2026-05-02 15:01:13 [INFO ] [ShareCodeRepository] Updated share code ABC123XY1, used=true
2026-05-02 15:01:13 [INFO ] [VerificationService] Share code verification outcome=Right to work: true, expires: 2027-06-30 org=ORG001
2026-05-02 15:01:13 [INFO ] [PersonRepository] Loaded 3 persons from /tmp/junit-5297603890942763991/persons.json
2026-05-02 15:01:13 [INFO ] [VisaRepository] Loaded 3 visas from /tmp/junit-5297603890942763991/visas.json
2026-05-02 15:01:13 [INFO ] [ShareCodeRepository] Loaded 5 share codes from /tmp/junit-5297603890942763991/share_codes.json
2026-05-02 15:01:13 [INFO ] [OrganisationRepository] Loaded 4 organisations from /tmp/junit-5297603890942763991/organisations.json
2026-05-02 15:01:13 [INFO ] [ShareCodeRepository] Persisted new share code for person P001
2026-05-02 15:01:13 [INFO ] [ShareCodeService] Generated share code for person=P001**** purpose=EMPLOYMENT
2026-05-02 15:01:13 [INFO ] [VerificationService] Share code verification requested by org=ORG001
2026-05-02 15:01:13 [INFO ] [ShareCodeRepository] Updated share code 5GW9MUWV3, used=true
2026-05-02 15:01:13 [INFO ] [VerificationService] Share code verification outcome=Right to work: true, expires: 2027-06-30 org=ORG001
2026-05-02 15:01:13 [INFO ] [PersonRepository] Loaded 3 persons from /tmp/junit-5100095119863942730/persons.json
2026-05-02 15:01:13 [INFO ] [VisaRepository] Loaded 3 visas from /tmp/junit-5100095119863942730/visas.json
2026-05-02 15:01:13 [INFO ] [ShareCodeRepository] Loaded 5 share codes from /tmp/junit-5100095119863942730/share_codes.json
2026-05-02 15:01:13 [INFO ] [OrganisationRepository] Loaded 4 organisations from /tmp/junit-5100095119863942730/organisations.json
2026-05-02 15:01:13 [INFO ] [ShareCodeRepository] Persisted new share code for person P001
2026-05-02 15:01:13 [INFO ] [ShareCodeService] Generated share code for person=P001**** purpose=EMPLOYMENT
2026-05-02 15:01:13 [INFO ] [VerificationService] Share code verification requested by org=ORG001
2026-05-02 15:01:13 [INFO ] [ShareCodeRepository] Updated share code Q8XEX6KM5, used=true
2026-05-02 15:01:13 [INFO ] [VerificationService] Share code verification outcome=Right to work: true, expires: 2027-06-30 org=ORG001
2026-05-02 15:01:13 [INFO ] [VerificationService] Share code verification requested by org=ORG001
2026-05-02 15:01:13 [WARN ] [VerificationService] Rejected SHARE_CODE_VERIFICATION reason=Share code has already been used org=ORG001
2026-05-02 15:01:13 [INFO ] [PersonRepository] Loaded 3 persons from /tmp/junit-12008678069361115232/persons.json
2026-05-02 15:01:13 [INFO ] [VisaRepository] Loaded 3 visas from /tmp/junit-12008678069361115232/visas.json
2026-05-02 15:01:13 [INFO ] [ShareCodeRepository] Loaded 5 share codes from /tmp/junit-12008678069361115232/share_codes.json
2026-05-02 15:01:13 [INFO ] [OrganisationRepository] Loaded 4 organisations from /tmp/junit-12008678069361115232/organisations.json
2026-05-02 15:01:13 [WARN ] [VerificationService] Confirmation refused by org=ORG005
2026-05-02 15:01:13 [INFO ] [PersonRepository] Loaded 3 persons from /tmp/junit-9428180970330707657/persons.json
2026-05-02 15:01:13 [INFO ] [VisaRepository] Loaded 3 visas from /tmp/junit-9428180970330707657/visas.json
2026-05-02 15:01:13 [INFO ] [ShareCodeRepository] Loaded 5 share codes from /tmp/junit-9428180970330707657/share_codes.json
2026-05-02 15:01:13 [INFO ] [OrganisationRepository] Loaded 4 organisations from /tmp/junit-9428180970330707657/organisations.json
2026-05-02 15:01:13 [INFO ] [VerificationService] Document verification requested by org=ORG001 docType=PASSPORT
2026-05-02 15:01:13 [WARN ] [VerificationService] Rejected DOCUMENT_VERIFICATION reason=Organisation role 'EMPLOYER' is not authorised for the document route org=ORG001
2026-05-02 15:01:13 [INFO ] [PersonRepository] Loaded 3 persons from /tmp/junit-4060316474621480258/persons.json
2026-05-02 15:01:13 [INFO ] [VisaRepository] Loaded 3 visas from /tmp/junit-4060316474621480258/visas.json
2026-05-02 15:01:13 [INFO ] [ShareCodeRepository] Loaded 5 share codes from /tmp/junit-4060316474621480258/share_codes.json
2026-05-02 15:01:13 [INFO ] [OrganisationRepository] Loaded 4 organisations from /tmp/junit-4060316474621480258/organisations.json
2026-05-02 15:01:13 [INFO ] [VerificationService] Document verification requested by org=ORG005 docType=PASSPORT
2026-05-02 15:01:13 [INFO ] [VerificationService] Document verification outcome=Entry permitted: true, conditions: [] org=ORG005
2026-05-02 15:01:13 [INFO ] [PersonRepository] Loaded 3 persons from /tmp/junit-13825708888090617513/persons.json
2026-05-02 15:01:13 [INFO ] [VisaRepository] Loaded 3 visas from /tmp/junit-13825708888090617513/visas.json
2026-05-02 15:01:13 [INFO ] [ShareCodeRepository] Loaded 5 share codes from /tmp/junit-13825708888090617513/share_codes.json
2026-05-02 15:01:13 [INFO ] [OrganisationRepository] Loaded 4 organisations from /tmp/junit-13825708888090617513/organisations.json
2026-05-02 15:01:13 [INFO ] [VerificationService] Document verification requested by org=ORG006 docType=PASSPORT
2026-05-02 15:01:13 [INFO ] [VerificationService] Document verification outcome=Visa type: WORK, valid: true, expires: 2027-06-30 org=ORG006
2026-05-02 15:01:13 [INFO ] [PersonRepository] Loaded 3 persons from /tmp/junit-6035812424917389352/persons.json
2026-05-02 15:01:13 [INFO ] [VisaRepository] Loaded 3 visas from /tmp/junit-6035812424917389352/visas.json
2026-05-02 15:01:13 [INFO ] [ShareCodeRepository] Loaded 5 share codes from /tmp/junit-6035812424917389352/share_codes.json
2026-05-02 15:01:13 [INFO ] [OrganisationRepository] Loaded 4 organisations from /tmp/junit-6035812424917389352/organisations.json
2026-05-02 15:01:13 [INFO ] [PersonRepository] Loaded 3 persons from /tmp/junit-9994107020023017935/persons.json
2026-05-02 15:01:13 [INFO ] [VisaRepository] Loaded 3 visas from /tmp/junit-9994107020023017935/visas.json
2026-05-02 15:01:13 [INFO ] [ShareCodeRepository] Loaded 5 share codes from /tmp/junit-9994107020023017935/share_codes.json
2026-05-02 15:01:13 [INFO ] [OrganisationRepository] Loaded 4 organisations from /tmp/junit-9994107020023017935/organisations.json
2026-05-02 15:01:13 [INFO ] [VerificationService] Document verification requested by org=ORG005 docType=PASSPORT
2026-05-02 15:01:13 [WARN ] [VerificationService] Rejected DOCUMENT_VERIFICATION reason=Person not found for document org=ORG005
2026-05-02 15:01:13 [INFO ] [PersonRepository] Loaded 3 persons from /tmp/junit-12231282399355608876/persons.json
2026-05-02 15:01:13 [INFO ] [VisaRepository] Loaded 3 visas from /tmp/junit-12231282399355608876/visas.json
2026-05-02 15:01:13 [INFO ] [ShareCodeRepository] Loaded 5 share codes from /tmp/junit-12231282399355608876/share_codes.json
2026-05-02 15:01:13 [INFO ] [OrganisationRepository] Loaded 4 organisations from /tmp/junit-12231282399355608876/organisations.json
2026-05-02 15:01:13 [INFO ] [VerificationService] Document verification requested by org=ORG006 docType=PASSPORT
2026-05-02 15:01:13 [INFO ] [VerificationService] Document verification outcome=Visa type: WORK, valid: true, expires: 2027-06-30 org=ORG006
2026-05-02 15:01:13 [INFO ] [PersonRepository] Loaded 3 persons from /tmp/junit-15059511960808661489/persons.json
2026-05-02 15:01:13 [INFO ] [VisaRepository] Loaded 3 visas from /tmp/junit-15059511960808661489/visas.json
2026-05-02 15:01:13 [INFO ] [ShareCodeRepository] Loaded 5 share codes from /tmp/junit-15059511960808661489/share_codes.json
2026-05-02 15:01:13 [INFO ] [OrganisationRepository] Loaded 4 organisations from /tmp/junit-15059511960808661489/organisations.json
2026-05-02 15:01:13 [INFO ] [VerificationService] Document verification requested by org=ORG005 docType=PASSPORT
2026-05-02 15:01:13 [INFO ] [VerificationService] Document verification outcome=Entry permitted: true, conditions: [] org=ORG005
2026-05-02 15:01:13 [INFO ] [PersonRepository] Loaded 3 persons from /tmp/junit-4567424555311144256/persons.json
2026-05-02 15:01:13 [INFO ] [VisaRepository] Loaded 3 visas from /tmp/junit-4567424555311144256/visas.json
2026-05-02 15:01:13 [INFO ] [ShareCodeRepository] Loaded 5 share codes from /tmp/junit-4567424555311144256/share_codes.json
2026-05-02 15:01:13 [INFO ] [OrganisationRepository] Loaded 4 organisations from /tmp/junit-4567424555311144256/organisations.json
2026-05-02 15:01:13 [INFO ] [VerificationService] Document verification requested by org=ORG005 docType=PASSPORT
2026-05-02 15:01:13 [INFO ] [VerificationService] Document verification outcome=Entry permitted: true, conditions: [] org=ORG005
2026-05-02 15:01:13 [INFO ] [PersonRepository] Loaded 3 persons from /tmp/junit-3990599535708503904/persons.json
2026-05-02 15:01:13 [INFO ] [VisaRepository] Loaded 3 visas from /tmp/junit-3990599535708503904/visas.json
2026-05-02 15:01:13 [INFO ] [ShareCodeRepository] Loaded 5 share codes from /tmp/junit-3990599535708503904/share_codes.json
2026-05-02 15:01:13 [INFO ] [OrganisationRepository] Loaded 4 organisations from /tmp/junit-3990599535708503904/organisations.json
2026-05-02 15:01:13 [WARN ] [VerificationService] Confirmation refused by org=ORG005
2026-05-02 15:01:13 [INFO ] [PersonRepository] Loaded 3 persons from /tmp/junit-11516767160217645695/persons.json
2026-05-02 15:01:13 [INFO ] [VisaRepository] Loaded 3 visas from /tmp/junit-11516767160217645695/visas.json
2026-05-02 15:01:13 [INFO ] [ShareCodeRepository] Loaded 5 share codes from /tmp/junit-11516767160217645695/share_codes.json
2026-05-02 15:01:13 [INFO ] [OrganisationRepository] Loaded 4 organisations from /tmp/junit-11516767160217645695/organisations.json
2026-05-02 15:01:13 [WARN ] [VerificationService] Confirmation refused by org=ORG001
2026-05-02 15:01:13 [INFO ] [PersonRepository] Loaded 3 persons from /tmp/junit-8554620569300608869/persons.json
2026-05-02 15:01:13 [INFO ] [VisaRepository] Loaded 3 visas from /tmp/junit-8554620569300608869/visas.json
2026-05-02 15:01:13 [INFO ] [ShareCodeRepository] Loaded 5 share codes from /tmp/junit-8554620569300608869/share_codes.json
2026-05-02 15:01:13 [INFO ] [OrganisationRepository] Loaded 4 organisations from /tmp/junit-8554620569300608869/organisations.json
2026-05-02 15:01:13 [INFO ] [VerificationService] Share code verification requested by org=ORG001
2026-05-02 15:01:13 [INFO ] [ShareCodeRepository] Updated share code ABC123XY1, used=true
2026-05-02 15:01:13 [INFO ] [VerificationService] Share code verification outcome=Right to work: true, expires: 2027-06-30 org=ORG001
2026-05-02 15:01:13 [INFO ] [PersonRepository] Loaded 3 persons from /tmp/junit-1281948148939622663/persons.json
2026-05-02 15:01:13 [INFO ] [VisaRepository] Loaded 3 visas from /tmp/junit-1281948148939622663/visas.json
2026-05-02 15:01:13 [INFO ] [ShareCodeRepository] Loaded 5 share codes from /tmp/junit-1281948148939622663/share_codes.json
2026-05-02 15:01:13 [INFO ] [OrganisationRepository] Loaded 4 organisations from /tmp/junit-1281948148939622663/organisations.json
2026-05-02 15:01:13 [INFO ] [VerificationService] Share code verification requested by org=ORG001
2026-05-02 15:01:13 [INFO ] [ShareCodeRepository] Updated share code ABC123XY1, used=true
2026-05-02 15:01:13 [INFO ] [VerificationService] Share code verification outcome=Right to work: true, expires: 2027-06-30 org=ORG001
2026-05-02 15:01:13 [INFO ] [PersonRepository] Loaded 3 persons from /tmp/junit-13895634189319338714/persons.json
2026-05-02 15:01:13 [INFO ] [VisaRepository] Loaded 3 visas from /tmp/junit-13895634189319338714/visas.json
2026-05-02 15:01:13 [INFO ] [ShareCodeRepository] Loaded 5 share codes from /tmp/junit-13895634189319338714/share_codes.json
2026-05-02 15:01:13 [INFO ] [OrganisationRepository] Loaded 4 organisations from /tmp/junit-13895634189319338714/organisations.json
2026-05-02 15:01:13 [INFO ] [VerificationService] Share code verification requested by org=ORG001
2026-05-02 15:01:13 [WARN ] [VerificationService] Rejected SHARE_CODE_VERIFICATION reason=Purpose 'ACCOMMODATION' is not permitted for role 'EMPLOYER' org=ORG001
2026-05-02 15:01:13 [INFO ] [PersonRepository] Loaded 3 persons from /tmp/junit-14509267140715472410/persons.json
2026-05-02 15:01:13 [INFO ] [VisaRepository] Loaded 3 visas from /tmp/junit-14509267140715472410/visas.json
2026-05-02 15:01:13 [INFO ] [ShareCodeRepository] Loaded 5 share codes from /tmp/junit-14509267140715472410/share_codes.json
2026-05-02 15:01:13 [INFO ] [OrganisationRepository] Loaded 4 organisations from /tmp/junit-14509267140715472410/organisations.json
2026-05-02 15:01:13 [WARN ] [VerificationService] Confirmation refused by org=ORG001
2026-05-02 15:01:13 [INFO ] [PersonRepository] Loaded 3 persons from /tmp/junit-6039034061428345532/persons.json
2026-05-02 15:01:13 [INFO ] [VisaRepository] Loaded 3 visas from /tmp/junit-6039034061428345532/visas.json
2026-05-02 15:01:13 [INFO ] [ShareCodeRepository] Loaded 5 share codes from /tmp/junit-6039034061428345532/share_codes.json
2026-05-02 15:01:13 [INFO ] [OrganisationRepository] Loaded 4 organisations from /tmp/junit-6039034061428345532/organisations.json
2026-05-02 15:01:13 [INFO ] [VerificationService] Share code verification requested by org=ORG001
2026-05-02 15:01:13 [INFO ] [ShareCodeRepository] Updated share code ABC123XY1, used=true
2026-05-02 15:01:13 [INFO ] [VerificationService] Share code verification outcome=Right to work: true, expires: 2027-06-30 org=ORG001
2026-05-02 15:01:13 [INFO ] [PersonRepository] Loaded 3 persons from /tmp/junit-17393444068064429247/persons.json
2026-05-02 15:01:13 [INFO ] [VisaRepository] Loaded 3 visas from /tmp/junit-17393444068064429247/visas.json
2026-05-02 15:01:13 [INFO ] [ShareCodeRepository] Loaded 5 share codes from /tmp/junit-17393444068064429247/share_codes.json
2026-05-02 15:01:13 [INFO ] [OrganisationRepository] Loaded 4 organisations from /tmp/junit-17393444068064429247/organisations.json
2026-05-02 15:01:13 [INFO ] [VerificationService] Share code verification requested by org=ORG001
2026-05-02 15:01:13 [WARN ] [VerificationService] Rejected SHARE_CODE_VERIFICATION reason=Date of birth does not match org=ORG001
2026-05-02 15:01:13 [INFO ] [PersonRepository] Loaded 3 persons from /tmp/junit-14121729045428721813/persons.json
2026-05-02 15:01:13 [INFO ] [VisaRepository] Loaded 3 visas from /tmp/junit-14121729045428721813/visas.json
2026-05-02 15:01:13 [INFO ] [ShareCodeRepository] Loaded 5 share codes from /tmp/junit-14121729045428721813/share_codes.json
2026-05-02 15:01:13 [INFO ] [OrganisationRepository] Loaded 4 organisations from /tmp/junit-14121729045428721813/organisations.json
2026-05-02 15:01:13 [INFO ] [VerificationService] Share code verification requested by org=ORG003
2026-05-02 15:01:13 [WARN ] [VerificationService] Rejected SHARE_CODE_VERIFICATION reason=Share code has already been used org=ORG003
2026-05-02 15:01:13 [INFO ] [PersonRepository] Loaded 3 persons from /tmp/junit-9820714567482413045/persons.json
2026-05-02 15:01:13 [INFO ] [VisaRepository] Loaded 3 visas from /tmp/junit-9820714567482413045/visas.json
2026-05-02 15:01:13 [INFO ] [ShareCodeRepository] Loaded 5 share codes from /tmp/junit-9820714567482413045/share_codes.json
2026-05-02 15:01:13 [INFO ] [OrganisationRepository] Loaded 4 organisations from /tmp/junit-9820714567482413045/organisations.json
2026-05-02 15:01:13 [INFO ] [VerificationService] Share code verification requested by org=ORG003
2026-05-02 15:01:13 [INFO ] [ShareCodeRepository] Updated share code DEF456YZ2, used=true
2026-05-02 15:01:13 [INFO ] [VerificationService] Share code verification outcome=Right to rent: true org=ORG003
2026-05-02 15:01:13 [INFO ] [PersonRepository] Loaded 3 persons from /tmp/junit-3997747602503041674/persons.json
2026-05-02 15:01:13 [INFO ] [VisaRepository] Loaded 3 visas from /tmp/junit-3997747602503041674/visas.json
2026-05-02 15:01:13 [INFO ] [ShareCodeRepository] Loaded 5 share codes from /tmp/junit-3997747602503041674/share_codes.json
2026-05-02 15:01:13 [INFO ] [OrganisationRepository] Loaded 4 organisations from /tmp/junit-3997747602503041674/organisations.json
2026-05-02 15:01:13 [INFO ] [VerificationService] Share code verification requested by org=ORG001
2026-05-02 15:01:13 [INFO ] [ShareCodeRepository] Updated share code ABC123XY1, used=true
2026-05-02 15:01:13 [INFO ] [VerificationService] Share code verification outcome=Right to work: true, expires: 2027-06-30 org=ORG001
2026-05-02 15:01:13 [INFO ] [PersonRepository] Loaded 3 persons from /tmp/junit-18347385696614337397/persons.json
2026-05-02 15:01:13 [INFO ] [VisaRepository] Loaded 3 visas from /tmp/junit-18347385696614337397/visas.json
2026-05-02 15:01:13 [INFO ] [ShareCodeRepository] Loaded 5 share codes from /tmp/junit-18347385696614337397/share_codes.json
2026-05-02 15:01:13 [INFO ] [OrganisationRepository] Loaded 4 organisations from /tmp/junit-18347385696614337397/organisations.json
2026-05-02 15:01:13 [WARN ] [VerificationService] Confirmation refused by org=ORG001
2026-05-02 15:01:13 [INFO ] [PersonRepository] Loaded 3 persons from /tmp/junit-9782785252908755559/persons.json
2026-05-02 15:01:13 [INFO ] [VisaRepository] Loaded 3 visas from /tmp/junit-9782785252908755559/visas.json
2026-05-02 15:01:13 [INFO ] [ShareCodeRepository] Loaded 5 share codes from /tmp/junit-9782785252908755559/share_codes.json
2026-05-02 15:01:13 [INFO ] [OrganisationRepository] Loaded 4 organisations from /tmp/junit-9782785252908755559/organisations.json
2026-05-02 15:01:13 [INFO ] [VerificationService] Share code verification requested by org=ORG001
2026-05-02 15:01:13 [INFO ] [ShareCodeRepository] Updated share code QRS678FG6, used=true
2026-05-02 15:01:13 [INFO ] [VerificationService] Share code verification outcome=Right to work: false, expires: 2026-10-25 org=ORG001
2026-05-02 15:01:13 [INFO ] [PersonRepository] Loaded 3 persons from /tmp/junit-13395219718893749894/persons.json
2026-05-02 15:01:13 [INFO ] [VisaRepository] Loaded 3 visas from /tmp/junit-13395219718893749894/visas.json
2026-05-02 15:01:13 [INFO ] [ShareCodeRepository] Loaded 5 share codes from /tmp/junit-13395219718893749894/share_codes.json
2026-05-02 15:01:13 [INFO ] [OrganisationRepository] Loaded 4 organisations from /tmp/junit-13395219718893749894/organisations.json
2026-05-02 15:01:13 [INFO ] [VerificationService] Share code verification requested by org=ORG001
2026-05-02 15:01:13 [WARN ] [VerificationService] Rejected SHARE_CODE_VERIFICATION reason=Share code has expired org=ORG001
2026-05-02 15:01:13 [INFO ] [PersonRepository] Loaded 3 persons from /tmp/junit-14590365753229273138/persons.json
2026-05-02 15:01:13 [INFO ] [VisaRepository] Loaded 3 visas from /tmp/junit-14590365753229273138/visas.json
2026-05-02 15:01:13 [INFO ] [ShareCodeRepository] Loaded 5 share codes from /tmp/junit-14590365753229273138/share_codes.json
2026-05-02 15:01:13 [INFO ] [OrganisationRepository] Loaded 4 organisations from /tmp/junit-14590365753229273138/organisations.json
2026-05-02 15:01:13 [WARN ] [VerificationService] Confirmation refused by org=ORG001
2026-05-02 15:01:13 [INFO ] [PersonRepository] Loaded 3 persons from /tmp/junit-12134677949887170319/persons.json
2026-05-02 15:01:13 [INFO ] [VisaRepository] Loaded 3 visas from /tmp/junit-12134677949887170319/visas.json
2026-05-02 15:01:13 [INFO ] [ShareCodeRepository] Loaded 5 share codes from /tmp/junit-12134677949887170319/share_codes.json
2026-05-02 15:01:13 [INFO ] [OrganisationRepository] Loaded 4 organisations from /tmp/junit-12134677949887170319/organisations.json
2026-05-02 15:01:13 [INFO ] [ShareCodeRepository] Persisted new share code for person P001
2026-05-02 15:01:13 [INFO ] [ShareCodeService] Generated share code for person=P001**** purpose=EMPLOYMENT
2026-05-02 15:01:13 [INFO ] [PersonRepository] Loaded 3 persons from /tmp/junit-4199049264531378438/persons.json
2026-05-02 15:01:13 [INFO ] [VisaRepository] Loaded 3 visas from /tmp/junit-4199049264531378438/visas.json
2026-05-02 15:01:13 [INFO ] [ShareCodeRepository] Loaded 5 share codes from /tmp/junit-4199049264531378438/share_codes.json
2026-05-02 15:01:13 [INFO ] [OrganisationRepository] Loaded 4 organisations from /tmp/junit-4199049264531378438/organisations.json
2026-05-02 15:01:13 [INFO ] [ShareCodeRepository] Persisted new share code for person P001
2026-05-02 15:01:13 [INFO ] [ShareCodeService] Generated share code for person=P001**** purpose=EMPLOYMENT
2026-05-02 15:01:13 [INFO ] [PersonRepository] Loaded 3 persons from /tmp/junit-2831931316306627101/persons.json
2026-05-02 15:01:13 [INFO ] [VisaRepository] Loaded 3 visas from /tmp/junit-2831931316306627101/visas.json
2026-05-02 15:01:13 [INFO ] [ShareCodeRepository] Loaded 5 share codes from /tmp/junit-2831931316306627101/share_codes.json
2026-05-02 15:01:13 [INFO ] [OrganisationRepository] Loaded 4 organisations from /tmp/junit-2831931316306627101/organisations.json
2026-05-02 15:01:13 [INFO ] [ShareCodeRepository] Persisted new share code for person P001
2026-05-02 15:01:13 [INFO ] [ShareCodeService] Generated share code for person=P001**** purpose=EMPLOYMENT
2026-05-02 15:01:13 [INFO ] [PersonRepository] Loaded 3 persons from /tmp/junit-1350303084805086342/persons.json
2026-05-02 15:01:13 [INFO ] [VisaRepository] Loaded 3 visas from /tmp/junit-1350303084805086342/visas.json
2026-05-02 15:01:13 [INFO ] [ShareCodeRepository] Loaded 5 share codes from /tmp/junit-1350303084805086342/share_codes.json
2026-05-02 15:01:13 [INFO ] [OrganisationRepository] Loaded 4 organisations from /tmp/junit-1350303084805086342/organisations.json
2026-05-02 15:01:13 [INFO ] [ShareCodeRepository] Persisted new share code for person P001
2026-05-02 15:01:13 [INFO ] [ShareCodeService] Generated share code for person=P001**** purpose=EMPLOYMENT
2026-05-02 15:01:13 [INFO ] [PersonRepository] Loaded 3 persons from /tmp/junit-12422733428419595539/persons.json
2026-05-02 15:01:13 [INFO ] [VisaRepository] Loaded 3 visas from /tmp/junit-12422733428419595539/visas.json
2026-05-02 15:01:13 [INFO ] [ShareCodeRepository] Loaded 5 share codes from /tmp/junit-12422733428419595539/share_codes.json
2026-05-02 15:01:13 [INFO ] [OrganisationRepository] Loaded 4 organisations from /tmp/junit-12422733428419595539/organisations.json
2026-05-02 15:01:13 [INFO ] [PersonRepository] Loaded 3 persons from /tmp/junit-10363918089484433384/persons.json
2026-05-02 15:01:13 [INFO ] [VisaRepository] Loaded 3 visas from /tmp/junit-10363918089484433384/visas.json
2026-05-02 15:01:13 [INFO ] [ShareCodeRepository] Loaded 5 share codes from /tmp/junit-10363918089484433384/share_codes.json
2026-05-02 15:01:13 [INFO ] [OrganisationRepository] Loaded 4 organisations from /tmp/junit-10363918089484433384/organisations.json
2026-05-02 15:01:13 [INFO ] [ShareCodeRepository] Persisted new share code for person P001
2026-05-02 15:01:13 [INFO ] [ShareCodeService] Generated share code for person=P001**** purpose=EMPLOYMENT
2026-05-02 15:01:13 [INFO ] [PersonRepository] Loaded 3 persons from /tmp/junit-16448152990017622866/persons.json
2026-05-02 15:01:13 [INFO ] [VisaRepository] Loaded 3 visas from /tmp/junit-16448152990017622866/visas.json
2026-05-02 15:01:13 [INFO ] [ShareCodeRepository] Loaded 5 share codes from /tmp/junit-16448152990017622866/share_codes.json
2026-05-02 15:01:13 [INFO ] [OrganisationRepository] Loaded 4 organisations from /tmp/junit-16448152990017622866/organisations.json
2026-05-02 15:01:13 [INFO ] [ShareCodeRepository] Persisted new share code for person P001
2026-05-02 15:01:13 [INFO ] [ShareCodeService] Generated share code for person=P001**** purpose=EMPLOYMENT
2026-05-02 15:01:13 [INFO ] [PersonRepository] Loaded 3 persons from /tmp/junit-16617121502609513991/persons.json
2026-05-02 15:01:13 [INFO ] [VisaRepository] Loaded 3 visas from /tmp/junit-16617121502609513991/visas.json
2026-05-02 15:01:13 [INFO ] [ShareCodeRepository] Loaded 5 share codes from /tmp/junit-16617121502609513991/share_codes.json
2026-05-02 15:01:13 [INFO ] [OrganisationRepository] Loaded 4 organisations from /tmp/junit-16617121502609513991/organisations.json
2026-05-02 15:01:13 [INFO ] [PersonRepository] Loaded 3 persons from /tmp/junit-6844394260687766887/persons.json
2026-05-02 15:01:13 [INFO ] [VisaRepository] Loaded 3 visas from /tmp/junit-6844394260687766887/visas.json
2026-05-02 15:01:13 [INFO ] [ShareCodeRepository] Loaded 5 share codes from /tmp/junit-6844394260687766887/share_codes.json
2026-05-02 15:01:13 [INFO ] [OrganisationRepository] Loaded 4 organisations from /tmp/junit-6844394260687766887/organisations.json
2026-05-02 15:01:13 [INFO ] [PersonRepository] Loaded 3 persons from /tmp/junit-969879221330637413/persons.json
2026-05-02 15:01:13 [INFO ] [VisaRepository] Loaded 3 visas from /tmp/junit-969879221330637413/visas.json
2026-05-02 15:01:13 [INFO ] [ShareCodeRepository] Loaded 5 share codes from /tmp/junit-969879221330637413/share_codes.json
2026-05-02 15:01:13 [INFO ] [OrganisationRepository] Loaded 4 organisations from /tmp/junit-969879221330637413/organisations.json
2026-05-02 15:01:13 [INFO ] [ShareCodeRepository] Persisted new share code for person P001
2026-05-02 15:01:13 [INFO ] [ShareCodeService] Generated share code for person=P001**** purpose=EMPLOYMENT
2026-05-02 15:01:13 [INFO ] [PersonRepository] Loaded 3 persons from /tmp/junit-8429875028348381092/persons.json
2026-05-02 15:01:13 [INFO ] [VisaRepository] Loaded 3 visas from /tmp/junit-8429875028348381092/visas.json
2026-05-02 15:01:13 [INFO ] [ShareCodeRepository] Loaded 5 share codes from /tmp/junit-8429875028348381092/share_codes.json
2026-05-02 15:01:13 [INFO ] [OrganisationRepository] Loaded 4 organisations from /tmp/junit-8429875028348381092/organisations.json
2026-05-02 15:01:13 [INFO ] [PersonRepository] Loaded 3 persons from /tmp/junit-8429875028348381092/persons.json
2026-05-02 15:01:13 [INFO ] [VisaRepository] Loaded 3 visas from /tmp/junit-8429875028348381092/visas.json
2026-05-02 15:01:13 [INFO ] [ShareCodeRepository] Loaded 5 share codes from /tmp/junit-8429875028348381092/share_codes.json
2026-05-02 15:01:13 [INFO ] [OrganisationRepository] Loaded 4 organisations from /tmp/junit-8429875028348381092/organisations.json
2026-05-02 15:01:13 [INFO ] [PersonRepository] Loaded 3 persons from /tmp/junit-17902077183695098062/persons.json
2026-05-02 15:01:13 [INFO ] [VisaRepository] Loaded 3 visas from /tmp/junit-17902077183695098062/visas.json
2026-05-02 15:01:13 [INFO ] [ShareCodeRepository] Loaded 5 share codes from /tmp/junit-17902077183695098062/share_codes.json
2026-05-02 15:01:13 [INFO ] [OrganisationRepository] Loaded 4 organisations from /tmp/junit-17902077183695098062/organisations.json
2026-05-02 15:01:13 [INFO ] [PersonRepository] Loaded 3 persons from /tmp/junit-17902077183695098062/persons.json
2026-05-02 15:01:13 [INFO ] [VisaRepository] Loaded 3 visas from /tmp/junit-17902077183695098062/visas.json
2026-05-02 15:01:13 [INFO ] [ShareCodeRepository] Loaded 5 share codes from /tmp/junit-17902077183695098062/share_codes.json
2026-05-02 15:01:13 [INFO ] [OrganisationRepository] Loaded 4 organisations from /tmp/junit-17902077183695098062/organisations.json
2026-05-02 15:01:13 [INFO ] [PersonRepository] Loaded 3 persons from /tmp/junit-5054220713824705828/persons.json
2026-05-02 15:01:13 [INFO ] [VisaRepository] Loaded 3 visas from /tmp/junit-5054220713824705828/visas.json
2026-05-02 15:01:13 [INFO ] [ShareCodeRepository] Loaded 5 share codes from /tmp/junit-5054220713824705828/share_codes.json
2026-05-02 15:01:13 [INFO ] [OrganisationRepository] Loaded 4 organisations from /tmp/junit-5054220713824705828/organisations.json
2026-05-02 15:01:13 [INFO ] [PersonRepository] Loaded 3 persons from /tmp/junit-5054220713824705828/persons.json
2026-05-02 15:01:13 [INFO ] [VisaRepository] Loaded 3 visas from /tmp/junit-5054220713824705828/visas.json
2026-05-02 15:01:13 [INFO ] [ShareCodeRepository] Loaded 5 share codes from /tmp/junit-5054220713824705828/share_codes.json
2026-05-02 15:01:13 [INFO ] [OrganisationRepository] Loaded 4 organisations from /tmp/junit-5054220713824705828/organisations.json
2026-05-02 15:01:13 [INFO ] [PersonRepository] Loaded 3 persons from /tmp/junit-17581315040259239672/persons.json
2026-05-02 15:01:13 [INFO ] [VisaRepository] Loaded 3 visas from /tmp/junit-17581315040259239672/visas.json
2026-05-02 15:01:13 [INFO ] [ShareCodeRepository] Loaded 5 share codes from /tmp/junit-17581315040259239672/share_codes.json
2026-05-02 15:01:13 [INFO ] [OrganisationRepository] Loaded 4 organisations from /tmp/junit-17581315040259239672/organisations.json
2026-05-02 15:01:13 [INFO ] [PersonRepository] Loaded 3 persons from /tmp/junit-17581315040259239672/persons.json
2026-05-02 15:01:13 [INFO ] [VisaRepository] Loaded 3 visas from /tmp/junit-17581315040259239672/visas.json
2026-05-02 15:01:13 [INFO ] [ShareCodeRepository] Loaded 5 share codes from /tmp/junit-17581315040259239672/share_codes.json
2026-05-02 15:01:13 [INFO ] [OrganisationRepository] Loaded 4 organisations from /tmp/junit-17581315040259239672/organisations.json
2026-05-02 15:01:13 [WARN ] [VerificationService] Confirmation refused by org=ORG005
2026-05-02 15:01:13 [INFO ] [PersonRepository] Loaded 3 persons from /tmp/junit-1740418655330645378/persons.json
2026-05-02 15:01:13 [INFO ] [VisaRepository] Loaded 3 visas from /tmp/junit-1740418655330645378/visas.json
2026-05-02 15:01:13 [INFO ] [ShareCodeRepository] Loaded 5 share codes from /tmp/junit-1740418655330645378/share_codes.json
2026-05-02 15:01:13 [INFO ] [OrganisationRepository] Loaded 4 organisations from /tmp/junit-1740418655330645378/organisations.json
2026-05-02 15:01:13 [INFO ] [PersonRepository] Loaded 3 persons from /tmp/junit-1740418655330645378/persons.json
2026-05-02 15:01:13 [INFO ] [VisaRepository] Loaded 3 visas from /tmp/junit-1740418655330645378/visas.json
2026-05-02 15:01:13 [INFO ] [ShareCodeRepository] Loaded 5 share codes from /tmp/junit-1740418655330645378/share_codes.json
2026-05-02 15:01:13 [INFO ] [OrganisationRepository] Loaded 4 organisations from /tmp/junit-1740418655330645378/organisations.json
2026-05-02 15:01:13 [WARN ] [VerificationService] Confirmation refused by org=ORG001
2026-05-02 15:01:13 [INFO ] [PersonRepository] Loaded 3 persons from /tmp/junit-13929843819285911252/persons.json
2026-05-02 15:01:13 [INFO ] [VisaRepository] Loaded 3 visas from /tmp/junit-13929843819285911252/visas.json
2026-05-02 15:01:13 [INFO ] [ShareCodeRepository] Loaded 5 share codes from /tmp/junit-13929843819285911252/share_codes.json
2026-05-02 15:01:13 [INFO ] [OrganisationRepository] Loaded 4 organisations from /tmp/junit-13929843819285911252/organisations.json
2026-05-02 15:01:13 [INFO ] [PersonRepository] Loaded 3 persons from /tmp/junit-13929843819285911252/persons.json
2026-05-02 15:01:13 [INFO ] [VisaRepository] Loaded 3 visas from /tmp/junit-13929843819285911252/visas.json
2026-05-02 15:01:13 [INFO ] [ShareCodeRepository] Loaded 5 share codes from /tmp/junit-13929843819285911252/share_codes.json
2026-05-02 15:01:13 [INFO ] [OrganisationRepository] Loaded 4 organisations from /tmp/junit-13929843819285911252/organisations.json
2026-05-02 15:01:13 [INFO ] [ShareCodeRepository] Loaded 0 share codes from /tmp/junit-4189662849352371677/share_codes.json
2026-05-02 15:01:13 [INFO ] [ShareCodeRepository] Persisted new share code for person P003
2026-05-02 15:01:13 [INFO ] [ShareCodeService] Generated share code for person=P003**** purpose=ACCOMMODATION
2026-05-02 15:01:13 [INFO ] [ShareCodeRepository] Loaded 0 share codes from /tmp/junit-13357820587115502197/share_codes.json
2026-05-02 15:01:13 [INFO ] [ShareCodeRepository] Persisted new share code for person P001
2026-05-02 15:01:13 [INFO ] [ShareCodeService] Generated share code for person=P001**** purpose=EMPLOYMENT
2026-05-02 15:01:13 [INFO ] [ShareCodeRepository] Loaded 0 share codes from /tmp/junit-14205363700025654327/share_codes.json
2026-05-02 15:01:13 [INFO ] [ShareCodeRepository] Persisted new share code for person P002
2026-05-02 15:01:13 [INFO ] [ShareCodeService] Generated share code for person=P002**** purpose=EDUCATION
2026-05-02 15:01:13 [INFO ] [ShareCodeRepository] Loaded 0 share codes from /tmp/junit-11223570855973870955/share_codes.json
2026-05-02 15:01:13 [INFO ] [ShareCodeRepository] Persisted new share code for person P001
2026-05-02 15:01:13 [INFO ] [ShareCodeService] Generated share code for person=P001**** purpose=EMPLOYMENT
2026-05-02 15:01:13 [INFO ] [ShareCodeRepository] Loaded 0 share codes from /tmp/junit-8765886242939264057/share_codes.json
2026-05-02 15:01:13 [INFO ] [ShareCodeRepository] Persisted new share code for person P001
2026-05-02 15:01:13 [INFO ] [ShareCodeService] Generated share code for person=P001**** purpose=EMPLOYMENT
2026-05-02 15:01:13 [INFO ] [ShareCodeRepository] Loaded 0 share codes from /tmp/junit-13332072801386926498/share_codes.json
2026-05-02 15:01:13 [INFO ] [ShareCodeRepository] Persisted new share code for person P001
2026-05-02 15:01:13 [INFO ] [ShareCodeService] Generated share code for person=P001**** purpose=EMPLOYMENT
2026-05-02 15:01:13 [INFO ] [ShareCodeRepository] Persisted new share code for person P001
2026-05-02 15:01:13 [INFO ] [ShareCodeService] Generated share code for person=P001**** purpose=EMPLOYMENT
2026-05-02 15:01:13 [INFO ] [PersonRepository] Loaded 3 persons from /tmp/junit-1013924774578179458/persons.json
2026-05-02 15:01:13 [INFO ] [VisaRepository] Loaded 3 visas from /tmp/junit-1013924774578179458/visas.json
2026-05-02 15:01:13 [INFO ] [ShareCodeRepository] Loaded 5 share codes from /tmp/junit-1013924774578179458/share_codes.json
2026-05-02 15:01:13 [INFO ] [OrganisationRepository] Loaded 4 organisations from /tmp/junit-1013924774578179458/organisations.json
2026-05-02 15:01:13 [INFO ] [VerificationService] Share code verification requested by org=ORG001
2026-05-02 15:01:13 [WARN ] [VerificationService] Rejected SHARE_CODE_VERIFICATION reason=Share code has expired org=ORG001
2026-05-02 15:01:13 [INFO ] [PersonRepository] Loaded 3 persons from /tmp/junit-8006077827654577899/persons.json
2026-05-02 15:01:13 [INFO ] [VisaRepository] Loaded 3 visas from /tmp/junit-8006077827654577899/visas.json
2026-05-02 15:01:13 [INFO ] [ShareCodeRepository] Loaded 5 share codes from /tmp/junit-8006077827654577899/share_codes.json
2026-05-02 15:01:13 [INFO ] [OrganisationRepository] Loaded 4 organisations from /tmp/junit-8006077827654577899/organisations.json
2026-05-02 15:01:13 [INFO ] [VerificationService] Share code verification requested by org=ORG003
2026-05-02 15:01:13 [INFO ] [ShareCodeRepository] Updated share code DEF456YZ2, used=true
2026-05-02 15:01:13 [INFO ] [VerificationService] Share code verification outcome=Right to rent: true org=ORG003
2026-05-02 15:01:13 [INFO ] [PersonRepository] Loaded 3 persons from /tmp/junit-6134280542237331512/persons.json
2026-05-02 15:01:13 [INFO ] [VisaRepository] Loaded 3 visas from /tmp/junit-6134280542237331512/visas.json
2026-05-02 15:01:13 [INFO ] [ShareCodeRepository] Loaded 5 share codes from /tmp/junit-6134280542237331512/share_codes.json
2026-05-02 15:01:13 [INFO ] [OrganisationRepository] Loaded 4 organisations from /tmp/junit-6134280542237331512/organisations.json
2026-05-02 15:01:13 [INFO ] [VerificationService] Document verification requested by org=ORG005 docType=PASSPORT
2026-05-02 15:01:13 [INFO ] [VerificationService] Document verification outcome=Entry permitted: true, conditions: [] org=ORG005
2026-05-02 15:01:13 [INFO ] [PersonRepository] Loaded 3 persons from /tmp/junit-860034228947159233/persons.json
2026-05-02 15:01:13 [INFO ] [VisaRepository] Loaded 3 visas from /tmp/junit-860034228947159233/visas.json
2026-05-02 15:01:13 [INFO ] [ShareCodeRepository] Loaded 5 share codes from /tmp/junit-860034228947159233/share_codes.json
2026-05-02 15:01:13 [INFO ] [OrganisationRepository] Loaded 4 organisations from /tmp/junit-860034228947159233/organisations.json
2026-05-02 15:01:13 [INFO ] [VerificationService] Share code verification requested by org=ORG001
2026-05-02 15:01:13 [WARN ] [VerificationService] Rejected SHARE_CODE_VERIFICATION reason=Purpose 'ACCOMMODATION' is not permitted for role 'EMPLOYER' org=ORG001
2026-05-02 15:01:13 [INFO ] [PersonRepository] Loaded 3 persons from /tmp/junit-17537159342289281761/persons.json
2026-05-02 15:01:13 [INFO ] [VisaRepository] Loaded 3 visas from /tmp/junit-17537159342289281761/visas.json
2026-05-02 15:01:13 [INFO ] [ShareCodeRepository] Loaded 5 share codes from /tmp/junit-17537159342289281761/share_codes.json
2026-05-02 15:01:13 [INFO ] [OrganisationRepository] Loaded 4 organisations from /tmp/junit-17537159342289281761/organisations.json
2026-05-02 15:01:13 [INFO ] [VerificationService] Share code verification requested by org=ORG001
2026-05-02 15:01:13 [WARN ] [VerificationService] Rejected SHARE_CODE_VERIFICATION reason=Date of birth does not match org=ORG001
2026-05-02 15:01:13 [INFO ] [PersonRepository] Loaded 3 persons from /tmp/junit-2566992859633999041/persons.json
2026-05-02 15:01:13 [INFO ] [VisaRepository] Loaded 3 visas from /tmp/junit-2566992859633999041/visas.json
2026-05-02 15:01:13 [INFO ] [ShareCodeRepository] Loaded 5 share codes from /tmp/junit-2566992859633999041/share_codes.json
2026-05-02 15:01:13 [INFO ] [OrganisationRepository] Loaded 4 organisations from /tmp/junit-2566992859633999041/organisations.json
2026-05-02 15:01:13 [INFO ] [VerificationService] Share code verification requested by org=ORG001
2026-05-02 15:01:13 [INFO ] [ShareCodeRepository] Updated share code ABC123XY1, used=true
2026-05-02 15:01:13 [INFO ] [VerificationService] Share code verification outcome=Right to work: true, expires: 2027-06-30 org=ORG001
2026-05-02 15:01:13 [INFO ] [VerificationService] Share code verification requested by org=ORG001
2026-05-02 15:01:13 [WARN ] [VerificationService] Rejected SHARE_CODE_VERIFICATION reason=Share code has already been used org=ORG001
2026-05-02 15:01:13 [INFO ] [PersonRepository] Loaded 3 persons from /tmp/junit-17460050938105281364/persons.json
2026-05-02 15:01:13 [INFO ] [VisaRepository] Loaded 3 visas from /tmp/junit-17460050938105281364/visas.json
2026-05-02 15:01:13 [INFO ] [ShareCodeRepository] Loaded 5 share codes from /tmp/junit-17460050938105281364/share_codes.json
2026-05-02 15:01:13 [INFO ] [OrganisationRepository] Loaded 4 organisations from /tmp/junit-17460050938105281364/organisations.json
2026-05-02 15:01:13 [INFO ] [VerificationService] Share code verification requested by org=ORG001
2026-05-02 15:01:13 [INFO ] [ShareCodeRepository] Updated share code QRS678FG6, used=true
2026-05-02 15:01:13 [INFO ] [VerificationService] Share code verification outcome=Right to work: false, expires: 2026-10-25 org=ORG001
2026-05-02 15:01:13 [INFO ] [PersonRepository] Loaded 3 persons from /tmp/junit-13140895117201968875/persons.json
2026-05-02 15:01:13 [INFO ] [VisaRepository] Loaded 3 visas from /tmp/junit-13140895117201968875/visas.json
2026-05-02 15:01:13 [INFO ] [ShareCodeRepository] Loaded 5 share codes from /tmp/junit-13140895117201968875/share_codes.json
2026-05-02 15:01:13 [INFO ] [OrganisationRepository] Loaded 4 organisations from /tmp/junit-13140895117201968875/organisations.json
2026-05-02 15:01:13 [INFO ] [VerificationService] Share code verification requested by org=ORG003
2026-05-02 15:01:13 [WARN ] [VerificationService] Rejected SHARE_CODE_VERIFICATION reason=Share code has already been used org=ORG003
2026-05-02 15:01:13 [INFO ] [PersonRepository] Loaded 3 persons from /tmp/junit-11613541793788952733/persons.json
2026-05-02 15:01:13 [INFO ] [VisaRepository] Loaded 3 visas from /tmp/junit-11613541793788952733/visas.json
2026-05-02 15:01:13 [INFO ] [ShareCodeRepository] Loaded 5 share codes from /tmp/junit-11613541793788952733/share_codes.json
2026-05-02 15:01:13 [INFO ] [OrganisationRepository] Loaded 4 organisations from /tmp/junit-11613541793788952733/organisations.json
2026-05-02 15:01:13 [INFO ] [VerificationService] Document verification requested by org=ORG006 docType=PASSPORT
2026-05-02 15:01:13 [INFO ] [VerificationService] Document verification outcome=Visa type: WORK, valid: true, expires: 2027-06-30 org=ORG006
2026-05-02 15:01:13 [INFO ] [PersonRepository] Loaded 3 persons from /tmp/junit-14533617655923387034/persons.json
2026-05-02 15:01:13 [INFO ] [VisaRepository] Loaded 3 visas from /tmp/junit-14533617655923387034/visas.json
2026-05-02 15:01:13 [INFO ] [ShareCodeRepository] Loaded 5 share codes from /tmp/junit-14533617655923387034/share_codes.json
2026-05-02 15:01:13 [INFO ] [OrganisationRepository] Loaded 4 organisations from /tmp/junit-14533617655923387034/organisations.json
2026-05-02 15:01:13 [INFO ] [VerificationService] Share code verification requested by org=ORG001
2026-05-02 15:01:13 [INFO ] [ShareCodeRepository] Updated share code ABC123XY1, used=true
2026-05-02 15:01:13 [INFO ] [VerificationService] Share code verification outcome=Right to work: true, expires: 2027-06-30 org=ORG001
2026-05-02 15:01:13 [INFO ] [PersonRepository] Loaded 3 persons from /tmp/junit-16394838564907706584/persons.json
2026-05-02 15:01:13 [INFO ] [VisaRepository] Loaded 3 visas from /tmp/junit-16394838564907706584/visas.json
2026-05-02 15:01:13 [INFO ] [ShareCodeRepository] Loaded 5 share codes from /tmp/junit-16394838564907706584/share_codes.json
2026-05-02 15:01:13 [INFO ] [OrganisationRepository] Loaded 4 organisations from /tmp/junit-16394838564907706584/organisations.json
2026-05-02 15:01:13 [INFO ] [VerificationService] Share code verification requested by org=ORG001
2026-05-02 15:01:13 [WARN ] [VerificationService] Rejected SHARE_CODE_VERIFICATION reason=Share code must be 9 uppercase alphanumeric characters org=ORG001
2026-05-02 15:01:13 [INFO ] [PersonRepository] Loaded 3 persons from /tmp/junit-13112179435898877196/persons.json
2026-05-02 15:01:13 [INFO ] [VisaRepository] Loaded 3 visas from /tmp/junit-13112179435898877196/visas.json
2026-05-02 15:01:13 [INFO ] [ShareCodeRepository] Loaded 5 share codes from /tmp/junit-13112179435898877196/share_codes.json
2026-05-02 15:01:13 [INFO ] [OrganisationRepository] Loaded 4 organisations from /tmp/junit-13112179435898877196/organisations.json
2026-05-02 15:01:13 [INFO ] [VerificationService] Document verification requested by org=ORG005 docType=PASSPORT
2026-05-02 15:01:13 [WARN ] [VerificationService] Rejected DOCUMENT_VERIFICATION reason=Person not found for document org=ORG005
2026-05-02 15:01:13 [INFO ] [PersonRepository] Loaded 3 persons from /tmp/junit-15754641724806971417/persons.json
2026-05-02 15:01:13 [INFO ] [VisaRepository] Loaded 3 visas from /tmp/junit-15754641724806971417/visas.json
2026-05-02 15:01:13 [INFO ] [ShareCodeRepository] Loaded 5 share codes from /tmp/junit-15754641724806971417/share_codes.json
2026-05-02 15:01:13 [INFO ] [OrganisationRepository] Loaded 4 organisations from /tmp/junit-15754641724806971417/organisations.json
2026-05-02 15:01:13 [INFO ] [VerificationService] Document verification requested by org=ORG005 docType=PASSPORT
2026-05-02 15:01:13 [WARN ] [VerificationService] Rejected DOCUMENT_VERIFICATION reason=Passport number must be 9 uppercase alphanumeric characters org=ORG005
2026-05-02 15:01:13 [INFO ] [PersonRepository] Loaded 3 persons from /tmp/junit-8470772687372806282/persons.json
2026-05-02 15:01:13 [INFO ] [VisaRepository] Loaded 3 visas from /tmp/junit-8470772687372806282/visas.json
2026-05-02 15:01:13 [INFO ] [ShareCodeRepository] Loaded 5 share codes from /tmp/junit-8470772687372806282/share_codes.json
2026-05-02 15:01:13 [INFO ] [OrganisationRepository] Loaded 4 organisations from /tmp/junit-8470772687372806282/organisations.json
2026-05-02 15:01:13 [INFO ] [VerificationService] Document verification requested by org=ORG001 docType=PASSPORT
2026-05-02 15:01:13 [WARN ] [VerificationService] Rejected DOCUMENT_VERIFICATION reason=Organisation role 'EMPLOYER' is not authorised for the document route org=ORG001
2026-05-02 15:01:13 [INFO ] [PersonRepository] Loaded 3 persons from /tmp/junit-154954884225879077/persons.json
2026-05-02 15:01:13 [INFO ] [VisaRepository] Loaded 3 visas from /tmp/junit-154954884225879077/visas.json
2026-05-02 15:01:13 [INFO ] [ShareCodeRepository] Loaded 5 share codes from /tmp/junit-154954884225879077/share_codes.json
2026-05-02 15:01:13 [INFO ] [OrganisationRepository] Loaded 4 organisations from /tmp/junit-154954884225879077/organisations.json
2026-05-02 15:01:13 [INFO ] [VerificationService] Share code verification requested by org=ORG999
2026-05-02 15:01:13 [WARN ] [VerificationService] Rejected SHARE_CODE_VERIFICATION reason=Organisation not recognised org=ORG999
2026-05-02 15:01:13 [INFO ] [PersonRepository] Loaded 3 persons from /tmp/junit-1278468372534569977/persons.json
2026-05-02 15:01:13 [INFO ] [VisaRepository] Loaded 3 visas from /tmp/junit-1278468372534569977/visas.json
2026-05-02 15:01:13 [INFO ] [ShareCodeRepository] Loaded 5 share codes from /tmp/junit-1278468372534569977/share_codes.json
2026-05-02 15:01:13 [INFO ] [OrganisationRepository] Loaded 4 organisations from /tmp/junit-1278468372534569977/organisations.json
2026-05-02 15:01:13 [INFO ] [VerificationService] Share code verification requested by org=ORG005
2026-05-02 15:01:13 [WARN ] [VerificationService] Rejected SHARE_CODE_VERIFICATION reason=Organisation role 'BORDER_CONTROL' is not authorised for the share code route org=ORG005
2026-05-02 15:01:26 [INFO ] [PersonRepository] Loaded 3 persons from /tmp/junit-9400917858827233442/persons.json
2026-05-02 15:01:26 [INFO ] [VisaRepository] Loaded 3 visas from /tmp/junit-9400917858827233442/visas.json
2026-05-02 15:01:26 [INFO ] [ShareCodeRepository] Loaded 5 share codes from /tmp/junit-9400917858827233442/share_codes.json
2026-05-02 15:01:26 [INFO ] [OrganisationRepository] Loaded 4 organisations from /tmp/junit-9400917858827233442/organisations.json
2026-05-02 15:01:26 [INFO ] [ShareCodeRepository] Persisted new share code for person P001
2026-05-02 15:01:26 [INFO ] [ShareCodeService] Generated share code for person=P001**** purpose=EMPLOYMENT
2026-05-02 15:01:26 [INFO ] [VerificationService] Share code verification requested by org=ORG001
2026-05-02 15:01:26 [INFO ] [ShareCodeRepository] Updated share code PEHVTWLNS, used=true
2026-05-02 15:01:26 [INFO ] [VerificationService] Share code verification outcome=Right to work: true, expires: 2027-06-30 org=ORG001
2026-05-02 15:01:26 [INFO ] [PersonRepository] Loaded 3 persons from /tmp/junit-3533611623694969142/persons.json
2026-05-02 15:01:26 [INFO ] [VisaRepository] Loaded 3 visas from /tmp/junit-3533611623694969142/visas.json
2026-05-02 15:01:26 [INFO ] [ShareCodeRepository] Loaded 5 share codes from /tmp/junit-3533611623694969142/share_codes.json
2026-05-02 15:01:26 [INFO ] [OrganisationRepository] Loaded 4 organisations from /tmp/junit-3533611623694969142/organisations.json
2026-05-02 15:01:26 [INFO ] [VerificationService] Share code verification requested by org=ORG001
2026-05-02 15:01:26 [INFO ] [ShareCodeRepository] Updated share code ABC123XY1, used=true
2026-05-02 15:01:26 [INFO ] [VerificationService] Share code verification outcome=Right to work: true, expires: 2027-06-30 org=ORG001
2026-05-02 15:01:26 [INFO ] [PersonRepository] Loaded 3 persons from /tmp/junit-8990446380020182186/persons.json
2026-05-02 15:01:26 [INFO ] [VisaRepository] Loaded 3 visas from /tmp/junit-8990446380020182186/visas.json
2026-05-02 15:01:26 [INFO ] [ShareCodeRepository] Loaded 5 share codes from /tmp/junit-8990446380020182186/share_codes.json
2026-05-02 15:01:26 [INFO ] [OrganisationRepository] Loaded 4 organisations from /tmp/junit-8990446380020182186/organisations.json
2026-05-02 15:01:26 [INFO ] [ShareCodeRepository] Persisted new share code for person P001
2026-05-02 15:01:26 [INFO ] [ShareCodeService] Generated share code for person=P001**** purpose=EMPLOYMENT
2026-05-02 15:01:26 [INFO ] [VerificationService] Share code verification requested by org=ORG001
2026-05-02 15:01:26 [INFO ] [ShareCodeRepository] Updated share code KZH82AGAD, used=true
2026-05-02 15:01:26 [INFO ] [VerificationService] Share code verification outcome=Right to work: true, expires: 2027-06-30 org=ORG001
2026-05-02 15:01:26 [INFO ] [PersonRepository] Loaded 3 persons from /tmp/junit-11584768159126183570/persons.json
2026-05-02 15:01:26 [INFO ] [VisaRepository] Loaded 3 visas from /tmp/junit-11584768159126183570/visas.json
2026-05-02 15:01:26 [INFO ] [ShareCodeRepository] Loaded 5 share codes from /tmp/junit-11584768159126183570/share_codes.json
2026-05-02 15:01:26 [INFO ] [OrganisationRepository] Loaded 4 organisations from /tmp/junit-11584768159126183570/organisations.json
2026-05-02 15:01:26 [INFO ] [ShareCodeRepository] Persisted new share code for person P001
2026-05-02 15:01:26 [INFO ] [ShareCodeService] Generated share code for person=P001**** purpose=EMPLOYMENT
2026-05-02 15:01:26 [INFO ] [VerificationService] Share code verification requested by org=ORG001
2026-05-02 15:01:26 [INFO ] [ShareCodeRepository] Updated share code T5689FAW7, used=true
2026-05-02 15:01:26 [INFO ] [VerificationService] Share code verification outcome=Right to work: true, expires: 2027-06-30 org=ORG001
2026-05-02 15:01:26 [INFO ] [VerificationService] Share code verification requested by org=ORG001
2026-05-02 15:01:26 [WARN ] [VerificationService] Rejected SHARE_CODE_VERIFICATION reason=Share code has already been used org=ORG001
2026-05-02 15:01:26 [INFO ] [PersonRepository] Loaded 3 persons from /tmp/junit-11950330700032494503/persons.json
2026-05-02 15:01:26 [INFO ] [VisaRepository] Loaded 3 visas from /tmp/junit-11950330700032494503/visas.json
2026-05-02 15:01:26 [INFO ] [ShareCodeRepository] Loaded 5 share codes from /tmp/junit-11950330700032494503/share_codes.json
2026-05-02 15:01:26 [INFO ] [OrganisationRepository] Loaded 4 organisations from /tmp/junit-11950330700032494503/organisations.json
2026-05-02 15:01:26 [WARN ] [VerificationService] Confirmation refused by org=ORG005
2026-05-02 15:01:26 [INFO ] [PersonRepository] Loaded 3 persons from /tmp/junit-10286926404974558292/persons.json
2026-05-02 15:01:26 [INFO ] [VisaRepository] Loaded 3 visas from /tmp/junit-10286926404974558292/visas.json
2026-05-02 15:01:26 [INFO ] [ShareCodeRepository] Loaded 5 share codes from /tmp/junit-10286926404974558292/share_codes.json
2026-05-02 15:01:26 [INFO ] [OrganisationRepository] Loaded 4 organisations from /tmp/junit-10286926404974558292/organisations.json
2026-05-02 15:01:26 [INFO ] [VerificationService] Document verification requested by org=ORG001 docType=PASSPORT
2026-05-02 15:01:26 [WARN ] [VerificationService] Rejected DOCUMENT_VERIFICATION reason=Organisation role 'EMPLOYER' is not authorised for the document route org=ORG001
2026-05-02 15:01:26 [INFO ] [PersonRepository] Loaded 3 persons from /tmp/junit-16690180976945272218/persons.json
2026-05-02 15:01:26 [INFO ] [VisaRepository] Loaded 3 visas from /tmp/junit-16690180976945272218/visas.json
2026-05-02 15:01:26 [INFO ] [ShareCodeRepository] Loaded 5 share codes from /tmp/junit-16690180976945272218/share_codes.json
2026-05-02 15:01:26 [INFO ] [OrganisationRepository] Loaded 4 organisations from /tmp/junit-16690180976945272218/organisations.json
2026-05-02 15:01:26 [INFO ] [VerificationService] Document verification requested by org=ORG005 docType=PASSPORT
2026-05-02 15:01:26 [INFO ] [VerificationService] Document verification outcome=Entry permitted: true, conditions: [] org=ORG005
2026-05-02 15:01:26 [INFO ] [PersonRepository] Loaded 3 persons from /tmp/junit-7870839779464738410/persons.json
2026-05-02 15:01:26 [INFO ] [VisaRepository] Loaded 3 visas from /tmp/junit-7870839779464738410/visas.json
2026-05-02 15:01:26 [INFO ] [ShareCodeRepository] Loaded 5 share codes from /tmp/junit-7870839779464738410/share_codes.json
2026-05-02 15:01:26 [INFO ] [OrganisationRepository] Loaded 4 organisations from /tmp/junit-7870839779464738410/organisations.json
2026-05-02 15:01:26 [INFO ] [VerificationService] Document verification requested by org=ORG006 docType=PASSPORT
2026-05-02 15:01:26 [INFO ] [VerificationService] Document verification outcome=Visa type: WORK, valid: true, expires: 2027-06-30 org=ORG006
2026-05-02 15:01:26 [INFO ] [PersonRepository] Loaded 3 persons from /tmp/junit-4770320438113552563/persons.json
2026-05-02 15:01:26 [INFO ] [VisaRepository] Loaded 3 visas from /tmp/junit-4770320438113552563/visas.json
2026-05-02 15:01:26 [INFO ] [ShareCodeRepository] Loaded 5 share codes from /tmp/junit-4770320438113552563/share_codes.json
2026-05-02 15:01:26 [INFO ] [OrganisationRepository] Loaded 4 organisations from /tmp/junit-4770320438113552563/organisations.json
2026-05-02 15:01:26 [INFO ] [PersonRepository] Loaded 3 persons from /tmp/junit-3901883225536621522/persons.json
2026-05-02 15:01:26 [INFO ] [VisaRepository] Loaded 3 visas from /tmp/junit-3901883225536621522/visas.json
2026-05-02 15:01:26 [INFO ] [ShareCodeRepository] Loaded 5 share codes from /tmp/junit-3901883225536621522/share_codes.json
2026-05-02 15:01:26 [INFO ] [OrganisationRepository] Loaded 4 organisations from /tmp/junit-3901883225536621522/organisations.json
2026-05-02 15:01:26 [INFO ] [VerificationService] Document verification requested by org=ORG005 docType=PASSPORT
2026-05-02 15:01:26 [WARN ] [VerificationService] Rejected DOCUMENT_VERIFICATION reason=Person not found for document org=ORG005
2026-05-02 15:01:26 [INFO ] [PersonRepository] Loaded 3 persons from /tmp/junit-16784553578437928180/persons.json
2026-05-02 15:01:26 [INFO ] [VisaRepository] Loaded 3 visas from /tmp/junit-16784553578437928180/visas.json
2026-05-02 15:01:26 [INFO ] [ShareCodeRepository] Loaded 5 share codes from /tmp/junit-16784553578437928180/share_codes.json
2026-05-02 15:01:26 [INFO ] [OrganisationRepository] Loaded 4 organisations from /tmp/junit-16784553578437928180/organisations.json
2026-05-02 15:01:26 [INFO ] [VerificationService] Document verification requested by org=ORG006 docType=PASSPORT
2026-05-02 15:01:26 [INFO ] [VerificationService] Document verification outcome=Visa type: WORK, valid: true, expires: 2027-06-30 org=ORG006
2026-05-02 15:01:26 [INFO ] [PersonRepository] Loaded 3 persons from /tmp/junit-1646065665754358128/persons.json
2026-05-02 15:01:26 [INFO ] [VisaRepository] Loaded 3 visas from /tmp/junit-1646065665754358128/visas.json
2026-05-02 15:01:26 [INFO ] [ShareCodeRepository] Loaded 5 share codes from /tmp/junit-1646065665754358128/share_codes.json
2026-05-02 15:01:26 [INFO ] [OrganisationRepository] Loaded 4 organisations from /tmp/junit-1646065665754358128/organisations.json
2026-05-02 15:01:26 [INFO ] [VerificationService] Document verification requested by org=ORG005 docType=PASSPORT
2026-05-02 15:01:26 [INFO ] [VerificationService] Document verification outcome=Entry permitted: true, conditions: [] org=ORG005
2026-05-02 15:01:26 [INFO ] [PersonRepository] Loaded 3 persons from /tmp/junit-4367676289356159417/persons.json
2026-05-02 15:01:26 [INFO ] [VisaRepository] Loaded 3 visas from /tmp/junit-4367676289356159417/visas.json
2026-05-02 15:01:26 [INFO ] [ShareCodeRepository] Loaded 5 share codes from /tmp/junit-4367676289356159417/share_codes.json
2026-05-02 15:01:26 [INFO ] [OrganisationRepository] Loaded 4 organisations from /tmp/junit-4367676289356159417/organisations.json
2026-05-02 15:01:26 [INFO ] [VerificationService] Document verification requested by org=ORG005 docType=PASSPORT
2026-05-02 15:01:26 [INFO ] [VerificationService] Document verification outcome=Entry permitted: true, conditions: [] org=ORG005
2026-05-02 15:01:26 [INFO ] [PersonRepository] Loaded 3 persons from /tmp/junit-1034936119503743583/persons.json
2026-05-02 15:01:26 [INFO ] [VisaRepository] Loaded 3 visas from /tmp/junit-1034936119503743583/visas.json
2026-05-02 15:01:26 [INFO ] [ShareCodeRepository] Loaded 5 share codes from /tmp/junit-1034936119503743583/share_codes.json
2026-05-02 15:01:26 [INFO ] [OrganisationRepository] Loaded 4 organisations from /tmp/junit-1034936119503743583/organisations.json
2026-05-02 15:01:26 [WARN ] [VerificationService] Confirmation refused by org=ORG005
2026-05-02 15:01:26 [INFO ] [PersonRepository] Loaded 3 persons from /tmp/junit-10497359741579520136/persons.json
2026-05-02 15:01:26 [INFO ] [VisaRepository] Loaded 3 visas from /tmp/junit-10497359741579520136/visas.json
2026-05-02 15:01:26 [INFO ] [ShareCodeRepository] Loaded 5 share codes from /tmp/junit-10497359741579520136/share_codes.json
2026-05-02 15:01:26 [INFO ] [OrganisationRepository] Loaded 4 organisations from /tmp/junit-10497359741579520136/organisations.json
2026-05-02 15:01:26 [WARN ] [VerificationService] Confirmation refused by org=ORG001
2026-05-02 15:01:26 [INFO ] [PersonRepository] Loaded 3 persons from /tmp/junit-16411157680100643316/persons.json
2026-05-02 15:01:26 [INFO ] [VisaRepository] Loaded 3 visas from /tmp/junit-16411157680100643316/visas.json
2026-05-02 15:01:26 [INFO ] [ShareCodeRepository] Loaded 5 share codes from /tmp/junit-16411157680100643316/share_codes.json
2026-05-02 15:01:26 [INFO ] [OrganisationRepository] Loaded 4 organisations from /tmp/junit-16411157680100643316/organisations.json
2026-05-02 15:01:26 [INFO ] [VerificationService] Share code verification requested by org=ORG001
2026-05-02 15:01:26 [INFO ] [ShareCodeRepository] Updated share code ABC123XY1, used=true
2026-05-02 15:01:26 [INFO ] [VerificationService] Share code verification outcome=Right to work: true, expires: 2027-06-30 org=ORG001
2026-05-02 15:01:26 [INFO ] [PersonRepository] Loaded 3 persons from /tmp/junit-16089049054689700672/persons.json
2026-05-02 15:01:26 [INFO ] [VisaRepository] Loaded 3 visas from /tmp/junit-16089049054689700672/visas.json
2026-05-02 15:01:26 [INFO ] [ShareCodeRepository] Loaded 5 share codes from /tmp/junit-16089049054689700672/share_codes.json
2026-05-02 15:01:26 [INFO ] [OrganisationRepository] Loaded 4 organisations from /tmp/junit-16089049054689700672/organisations.json
2026-05-02 15:01:26 [INFO ] [VerificationService] Share code verification requested by org=ORG001
2026-05-02 15:01:26 [INFO ] [ShareCodeRepository] Updated share code ABC123XY1, used=true
2026-05-02 15:01:26 [INFO ] [VerificationService] Share code verification outcome=Right to work: true, expires: 2027-06-30 org=ORG001
2026-05-02 15:01:26 [INFO ] [PersonRepository] Loaded 3 persons from /tmp/junit-4843039466662999602/persons.json
2026-05-02 15:01:26 [INFO ] [VisaRepository] Loaded 3 visas from /tmp/junit-4843039466662999602/visas.json
2026-05-02 15:01:26 [INFO ] [ShareCodeRepository] Loaded 5 share codes from /tmp/junit-4843039466662999602/share_codes.json
2026-05-02 15:01:26 [INFO ] [OrganisationRepository] Loaded 4 organisations from /tmp/junit-4843039466662999602/organisations.json
2026-05-02 15:01:26 [INFO ] [VerificationService] Share code verification requested by org=ORG001
2026-05-02 15:01:26 [WARN ] [VerificationService] Rejected SHARE_CODE_VERIFICATION reason=Purpose 'ACCOMMODATION' is not permitted for role 'EMPLOYER' org=ORG001
2026-05-02 15:01:26 [INFO ] [PersonRepository] Loaded 3 persons from /tmp/junit-13344162526374468963/persons.json
2026-05-02 15:01:26 [INFO ] [VisaRepository] Loaded 3 visas from /tmp/junit-13344162526374468963/visas.json
2026-05-02 15:01:26 [INFO ] [ShareCodeRepository] Loaded 5 share codes from /tmp/junit-13344162526374468963/share_codes.json
2026-05-02 15:01:26 [INFO ] [OrganisationRepository] Loaded 4 organisations from /tmp/junit-13344162526374468963/organisations.json
2026-05-02 15:01:26 [WARN ] [VerificationService] Confirmation refused by org=ORG001
2026-05-02 15:01:26 [INFO ] [PersonRepository] Loaded 3 persons from /tmp/junit-13972787353463888983/persons.json
2026-05-02 15:01:26 [INFO ] [VisaRepository] Loaded 3 visas from /tmp/junit-13972787353463888983/visas.json
2026-05-02 15:01:26 [INFO ] [ShareCodeRepository] Loaded 5 share codes from /tmp/junit-13972787353463888983/share_codes.json
2026-05-02 15:01:26 [INFO ] [OrganisationRepository] Loaded 4 organisations from /tmp/junit-13972787353463888983/organisations.json
2026-05-02 15:01:26 [INFO ] [VerificationService] Share code verification requested by org=ORG001
2026-05-02 15:01:26 [INFO ] [ShareCodeRepository] Updated share code ABC123XY1, used=true
2026-05-02 15:01:26 [INFO ] [VerificationService] Share code verification outcome=Right to work: true, expires: 2027-06-30 org=ORG001
2026-05-02 15:01:26 [INFO ] [PersonRepository] Loaded 3 persons from /tmp/junit-1773395748395887820/persons.json
2026-05-02 15:01:26 [INFO ] [VisaRepository] Loaded 3 visas from /tmp/junit-1773395748395887820/visas.json
2026-05-02 15:01:26 [INFO ] [ShareCodeRepository] Loaded 5 share codes from /tmp/junit-1773395748395887820/share_codes.json
2026-05-02 15:01:26 [INFO ] [OrganisationRepository] Loaded 4 organisations from /tmp/junit-1773395748395887820/organisations.json
2026-05-02 15:01:26 [INFO ] [VerificationService] Share code verification requested by org=ORG001
2026-05-02 15:01:26 [WARN ] [VerificationService] Rejected SHARE_CODE_VERIFICATION reason=Date of birth does not match org=ORG001
2026-05-02 15:01:26 [INFO ] [PersonRepository] Loaded 3 persons from /tmp/junit-14093132324084199457/persons.json
2026-05-02 15:01:26 [INFO ] [VisaRepository] Loaded 3 visas from /tmp/junit-14093132324084199457/visas.json
2026-05-02 15:01:26 [INFO ] [ShareCodeRepository] Loaded 5 share codes from /tmp/junit-14093132324084199457/share_codes.json
2026-05-02 15:01:26 [INFO ] [OrganisationRepository] Loaded 4 organisations from /tmp/junit-14093132324084199457/organisations.json
2026-05-02 15:01:26 [INFO ] [VerificationService] Share code verification requested by org=ORG003
2026-05-02 15:01:26 [WARN ] [VerificationService] Rejected SHARE_CODE_VERIFICATION reason=Share code has already been used org=ORG003
2026-05-02 15:01:26 [INFO ] [PersonRepository] Loaded 3 persons from /tmp/junit-1595809915417917129/persons.json
2026-05-02 15:01:26 [INFO ] [VisaRepository] Loaded 3 visas from /tmp/junit-1595809915417917129/visas.json
2026-05-02 15:01:26 [INFO ] [ShareCodeRepository] Loaded 5 share codes from /tmp/junit-1595809915417917129/share_codes.json
2026-05-02 15:01:26 [INFO ] [OrganisationRepository] Loaded 4 organisations from /tmp/junit-1595809915417917129/organisations.json
2026-05-02 15:01:26 [INFO ] [VerificationService] Share code verification requested by org=ORG003
2026-05-02 15:01:26 [INFO ] [ShareCodeRepository] Updated share code DEF456YZ2, used=true
2026-05-02 15:01:26 [INFO ] [VerificationService] Share code verification outcome=Right to rent: true org=ORG003
2026-05-02 15:01:26 [INFO ] [PersonRepository] Loaded 3 persons from /tmp/junit-5381497947228257731/persons.json
2026-05-02 15:01:26 [INFO ] [VisaRepository] Loaded 3 visas from /tmp/junit-5381497947228257731/visas.json
2026-05-02 15:01:26 [INFO ] [ShareCodeRepository] Loaded 5 share codes from /tmp/junit-5381497947228257731/share_codes.json
2026-05-02 15:01:26 [INFO ] [OrganisationRepository] Loaded 4 organisations from /tmp/junit-5381497947228257731/organisations.json
2026-05-02 15:01:26 [INFO ] [VerificationService] Share code verification requested by org=ORG001
2026-05-02 15:01:26 [INFO ] [ShareCodeRepository] Updated share code ABC123XY1, used=true
2026-05-02 15:01:26 [INFO ] [VerificationService] Share code verification outcome=Right to work: true, expires: 2027-06-30 org=ORG001
2026-05-02 15:01:27 [INFO ] [PersonRepository] Loaded 3 persons from /tmp/junit-3523367725450950603/persons.json
2026-05-02 15:01:27 [INFO ] [VisaRepository] Loaded 3 visas from /tmp/junit-3523367725450950603/visas.json
2026-05-02 15:01:27 [INFO ] [ShareCodeRepository] Loaded 5 share codes from /tmp/junit-3523367725450950603/share_codes.json
2026-05-02 15:01:27 [INFO ] [OrganisationRepository] Loaded 4 organisations from /tmp/junit-3523367725450950603/organisations.json
2026-05-02 15:01:27 [WARN ] [VerificationService] Confirmation refused by org=ORG001
2026-05-02 15:01:27 [INFO ] [PersonRepository] Loaded 3 persons from /tmp/junit-5632224215199187305/persons.json
2026-05-02 15:01:27 [INFO ] [VisaRepository] Loaded 3 visas from /tmp/junit-5632224215199187305/visas.json
2026-05-02 15:01:27 [INFO ] [ShareCodeRepository] Loaded 5 share codes from /tmp/junit-5632224215199187305/share_codes.json
2026-05-02 15:01:27 [INFO ] [OrganisationRepository] Loaded 4 organisations from /tmp/junit-5632224215199187305/organisations.json
2026-05-02 15:01:27 [INFO ] [VerificationService] Share code verification requested by org=ORG001
2026-05-02 15:01:27 [INFO ] [ShareCodeRepository] Updated share code QRS678FG6, used=true
2026-05-02 15:01:27 [INFO ] [VerificationService] Share code verification outcome=Right to work: false, expires: 2026-10-25 org=ORG001
2026-05-02 15:01:27 [INFO ] [PersonRepository] Loaded 3 persons from /tmp/junit-14715441094665342902/persons.json
2026-05-02 15:01:27 [INFO ] [VisaRepository] Loaded 3 visas from /tmp/junit-14715441094665342902/visas.json
2026-05-02 15:01:27 [INFO ] [ShareCodeRepository] Loaded 5 share codes from /tmp/junit-14715441094665342902/share_codes.json
2026-05-02 15:01:27 [INFO ] [OrganisationRepository] Loaded 4 organisations from /tmp/junit-14715441094665342902/organisations.json
2026-05-02 15:01:27 [INFO ] [VerificationService] Share code verification requested by org=ORG001
2026-05-02 15:01:27 [WARN ] [VerificationService] Rejected SHARE_CODE_VERIFICATION reason=Share code has expired org=ORG001
2026-05-02 15:01:27 [INFO ] [PersonRepository] Loaded 3 persons from /tmp/junit-16589376492364189711/persons.json
2026-05-02 15:01:27 [INFO ] [VisaRepository] Loaded 3 visas from /tmp/junit-16589376492364189711/visas.json
2026-05-02 15:01:27 [INFO ] [ShareCodeRepository] Loaded 5 share codes from /tmp/junit-16589376492364189711/share_codes.json
2026-05-02 15:01:27 [INFO ] [OrganisationRepository] Loaded 4 organisations from /tmp/junit-16589376492364189711/organisations.json
2026-05-02 15:01:27 [WARN ] [VerificationService] Confirmation refused by org=ORG001
2026-05-02 15:01:27 [INFO ] [PersonRepository] Loaded 3 persons from /tmp/junit-15238667415411989553/persons.json
2026-05-02 15:01:27 [INFO ] [VisaRepository] Loaded 3 visas from /tmp/junit-15238667415411989553/visas.json
2026-05-02 15:01:27 [INFO ] [ShareCodeRepository] Loaded 5 share codes from /tmp/junit-15238667415411989553/share_codes.json
2026-05-02 15:01:27 [INFO ] [OrganisationRepository] Loaded 4 organisations from /tmp/junit-15238667415411989553/organisations.json
2026-05-02 15:01:27 [INFO ] [ShareCodeRepository] Persisted new share code for person P001
2026-05-02 15:01:27 [INFO ] [ShareCodeService] Generated share code for person=P001**** purpose=EMPLOYMENT
2026-05-02 15:01:27 [INFO ] [PersonRepository] Loaded 3 persons from /tmp/junit-15653670674235065038/persons.json
2026-05-02 15:01:27 [INFO ] [VisaRepository] Loaded 3 visas from /tmp/junit-15653670674235065038/visas.json
2026-05-02 15:01:27 [INFO ] [ShareCodeRepository] Loaded 5 share codes from /tmp/junit-15653670674235065038/share_codes.json
2026-05-02 15:01:27 [INFO ] [OrganisationRepository] Loaded 4 organisations from /tmp/junit-15653670674235065038/organisations.json
2026-05-02 15:01:27 [INFO ] [ShareCodeRepository] Persisted new share code for person P001
2026-05-02 15:01:27 [INFO ] [ShareCodeService] Generated share code for person=P001**** purpose=EMPLOYMENT
2026-05-02 15:01:27 [INFO ] [PersonRepository] Loaded 3 persons from /tmp/junit-7444852015241610727/persons.json
2026-05-02 15:01:27 [INFO ] [VisaRepository] Loaded 3 visas from /tmp/junit-7444852015241610727/visas.json
2026-05-02 15:01:27 [INFO ] [ShareCodeRepository] Loaded 5 share codes from /tmp/junit-7444852015241610727/share_codes.json
2026-05-02 15:01:27 [INFO ] [OrganisationRepository] Loaded 4 organisations from /tmp/junit-7444852015241610727/organisations.json
2026-05-02 15:01:27 [INFO ] [ShareCodeRepository] Persisted new share code for person P001
2026-05-02 15:01:27 [INFO ] [ShareCodeService] Generated share code for person=P001**** purpose=EMPLOYMENT
2026-05-02 15:01:27 [INFO ] [PersonRepository] Loaded 3 persons from /tmp/junit-11263258486097047408/persons.json
2026-05-02 15:01:27 [INFO ] [VisaRepository] Loaded 3 visas from /tmp/junit-11263258486097047408/visas.json
2026-05-02 15:01:27 [INFO ] [ShareCodeRepository] Loaded 5 share codes from /tmp/junit-11263258486097047408/share_codes.json
2026-05-02 15:01:27 [INFO ] [OrganisationRepository] Loaded 4 organisations from /tmp/junit-11263258486097047408/organisations.json
2026-05-02 15:01:27 [INFO ] [ShareCodeRepository] Persisted new share code for person P001
2026-05-02 15:01:27 [INFO ] [ShareCodeService] Generated share code for person=P001**** purpose=EMPLOYMENT
2026-05-02 15:01:27 [INFO ] [PersonRepository] Loaded 3 persons from /tmp/junit-16260882293986527996/persons.json
2026-05-02 15:01:27 [INFO ] [VisaRepository] Loaded 3 visas from /tmp/junit-16260882293986527996/visas.json
2026-05-02 15:01:27 [INFO ] [ShareCodeRepository] Loaded 5 share codes from /tmp/junit-16260882293986527996/share_codes.json
2026-05-02 15:01:27 [INFO ] [OrganisationRepository] Loaded 4 organisations from /tmp/junit-16260882293986527996/organisations.json
2026-05-02 15:01:27 [INFO ] [PersonRepository] Loaded 3 persons from /tmp/junit-12710827691727218198/persons.json
2026-05-02 15:01:27 [INFO ] [VisaRepository] Loaded 3 visas from /tmp/junit-12710827691727218198/visas.json
2026-05-02 15:01:27 [INFO ] [ShareCodeRepository] Loaded 5 share codes from /tmp/junit-12710827691727218198/share_codes.json
2026-05-02 15:01:27 [INFO ] [OrganisationRepository] Loaded 4 organisations from /tmp/junit-12710827691727218198/organisations.json
2026-05-02 15:01:27 [INFO ] [ShareCodeRepository] Persisted new share code for person P001
2026-05-02 15:01:27 [INFO ] [ShareCodeService] Generated share code for person=P001**** purpose=EMPLOYMENT
2026-05-02 15:01:27 [INFO ] [PersonRepository] Loaded 3 persons from /tmp/junit-15673370050666603813/persons.json
2026-05-02 15:01:27 [INFO ] [VisaRepository] Loaded 3 visas from /tmp/junit-15673370050666603813/visas.json
2026-05-02 15:01:27 [INFO ] [ShareCodeRepository] Loaded 5 share codes from /tmp/junit-15673370050666603813/share_codes.json
2026-05-02 15:01:27 [INFO ] [OrganisationRepository] Loaded 4 organisations from /tmp/junit-15673370050666603813/organisations.json
2026-05-02 15:01:27 [INFO ] [ShareCodeRepository] Persisted new share code for person P001
2026-05-02 15:01:27 [INFO ] [ShareCodeService] Generated share code for person=P001**** purpose=EMPLOYMENT
2026-05-02 15:01:27 [INFO ] [PersonRepository] Loaded 3 persons from /tmp/junit-9159618120121692981/persons.json
2026-05-02 15:01:27 [INFO ] [VisaRepository] Loaded 3 visas from /tmp/junit-9159618120121692981/visas.json
2026-05-02 15:01:27 [INFO ] [ShareCodeRepository] Loaded 5 share codes from /tmp/junit-9159618120121692981/share_codes.json
2026-05-02 15:01:27 [INFO ] [OrganisationRepository] Loaded 4 organisations from /tmp/junit-9159618120121692981/organisations.json
2026-05-02 15:01:27 [INFO ] [PersonRepository] Loaded 3 persons from /tmp/junit-7386398051752301396/persons.json
2026-05-02 15:01:27 [INFO ] [VisaRepository] Loaded 3 visas from /tmp/junit-7386398051752301396/visas.json
2026-05-02 15:01:27 [INFO ] [ShareCodeRepository] Loaded 5 share codes from /tmp/junit-7386398051752301396/share_codes.json
2026-05-02 15:01:27 [INFO ] [OrganisationRepository] Loaded 4 organisations from /tmp/junit-7386398051752301396/organisations.json
2026-05-02 15:01:27 [INFO ] [PersonRepository] Loaded 3 persons from /tmp/junit-12030290411877024739/persons.json
2026-05-02 15:01:27 [INFO ] [VisaRepository] Loaded 3 visas from /tmp/junit-12030290411877024739/visas.json
2026-05-02 15:01:27 [INFO ] [ShareCodeRepository] Loaded 5 share codes from /tmp/junit-12030290411877024739/share_codes.json
2026-05-02 15:01:27 [INFO ] [OrganisationRepository] Loaded 4 organisations from /tmp/junit-12030290411877024739/organisations.json
2026-05-02 15:01:27 [INFO ] [ShareCodeRepository] Persisted new share code for person P001
2026-05-02 15:01:27 [INFO ] [ShareCodeService] Generated share code for person=P001**** purpose=EMPLOYMENT
2026-05-02 15:01:27 [INFO ] [PersonRepository] Loaded 3 persons from /tmp/junit-15597585023582517490/persons.json
2026-05-02 15:01:27 [INFO ] [VisaRepository] Loaded 3 visas from /tmp/junit-15597585023582517490/visas.json
2026-05-02 15:01:27 [INFO ] [ShareCodeRepository] Loaded 5 share codes from /tmp/junit-15597585023582517490/share_codes.json
2026-05-02 15:01:27 [INFO ] [OrganisationRepository] Loaded 4 organisations from /tmp/junit-15597585023582517490/organisations.json
2026-05-02 15:01:27 [INFO ] [PersonRepository] Loaded 3 persons from /tmp/junit-15597585023582517490/persons.json
2026-05-02 15:01:27 [INFO ] [VisaRepository] Loaded 3 visas from /tmp/junit-15597585023582517490/visas.json
2026-05-02 15:01:27 [INFO ] [ShareCodeRepository] Loaded 5 share codes from /tmp/junit-15597585023582517490/share_codes.json
2026-05-02 15:01:27 [INFO ] [OrganisationRepository] Loaded 4 organisations from /tmp/junit-15597585023582517490/organisations.json
2026-05-02 15:01:27 [INFO ] [PersonRepository] Loaded 3 persons from /tmp/junit-7271445893086996899/persons.json
2026-05-02 15:01:27 [INFO ] [VisaRepository] Loaded 3 visas from /tmp/junit-7271445893086996899/visas.json
2026-05-02 15:01:27 [INFO ] [ShareCodeRepository] Loaded 5 share codes from /tmp/junit-7271445893086996899/share_codes.json
2026-05-02 15:01:27 [INFO ] [OrganisationRepository] Loaded 4 organisations from /tmp/junit-7271445893086996899/organisations.json
2026-05-02 15:01:27 [INFO ] [PersonRepository] Loaded 3 persons from /tmp/junit-7271445893086996899/persons.json
2026-05-02 15:01:27 [INFO ] [VisaRepository] Loaded 3 visas from /tmp/junit-7271445893086996899/visas.json
2026-05-02 15:01:27 [INFO ] [ShareCodeRepository] Loaded 5 share codes from /tmp/junit-7271445893086996899/share_codes.json
2026-05-02 15:01:27 [INFO ] [OrganisationRepository] Loaded 4 organisations from /tmp/junit-7271445893086996899/organisations.json
2026-05-02 15:01:27 [INFO ] [PersonRepository] Loaded 3 persons from /tmp/junit-1449341316612576426/persons.json
2026-05-02 15:01:27 [INFO ] [VisaRepository] Loaded 3 visas from /tmp/junit-1449341316612576426/visas.json
2026-05-02 15:01:27 [INFO ] [ShareCodeRepository] Loaded 5 share codes from /tmp/junit-1449341316612576426/share_codes.json
2026-05-02 15:01:27 [INFO ] [OrganisationRepository] Loaded 4 organisations from /tmp/junit-1449341316612576426/organisations.json
2026-05-02 15:01:27 [INFO ] [PersonRepository] Loaded 3 persons from /tmp/junit-1449341316612576426/persons.json
2026-05-02 15:01:27 [INFO ] [VisaRepository] Loaded 3 visas from /tmp/junit-1449341316612576426/visas.json
2026-05-02 15:01:27 [INFO ] [ShareCodeRepository] Loaded 5 share codes from /tmp/junit-1449341316612576426/share_codes.json
2026-05-02 15:01:27 [INFO ] [OrganisationRepository] Loaded 4 organisations from /tmp/junit-1449341316612576426/organisations.json
2026-05-02 15:01:27 [INFO ] [PersonRepository] Loaded 3 persons from /tmp/junit-1166535647582762602/persons.json
2026-05-02 15:01:27 [INFO ] [VisaRepository] Loaded 3 visas from /tmp/junit-1166535647582762602/visas.json
2026-05-02 15:01:27 [INFO ] [ShareCodeRepository] Loaded 5 share codes from /tmp/junit-1166535647582762602/share_codes.json
2026-05-02 15:01:27 [INFO ] [OrganisationRepository] Loaded 4 organisations from /tmp/junit-1166535647582762602/organisations.json
2026-05-02 15:01:27 [INFO ] [PersonRepository] Loaded 3 persons from /tmp/junit-1166535647582762602/persons.json
2026-05-02 15:01:27 [INFO ] [VisaRepository] Loaded 3 visas from /tmp/junit-1166535647582762602/visas.json
2026-05-02 15:01:27 [INFO ] [ShareCodeRepository] Loaded 5 share codes from /tmp/junit-1166535647582762602/share_codes.json
2026-05-02 15:01:27 [INFO ] [OrganisationRepository] Loaded 4 organisations from /tmp/junit-1166535647582762602/organisations.json
2026-05-02 15:01:27 [WARN ] [VerificationService] Confirmation refused by org=ORG005
2026-05-02 15:01:27 [INFO ] [PersonRepository] Loaded 3 persons from /tmp/junit-202131424638113821/persons.json
2026-05-02 15:01:27 [INFO ] [VisaRepository] Loaded 3 visas from /tmp/junit-202131424638113821/visas.json
2026-05-02 15:01:27 [INFO ] [ShareCodeRepository] Loaded 5 share codes from /tmp/junit-202131424638113821/share_codes.json
2026-05-02 15:01:27 [INFO ] [OrganisationRepository] Loaded 4 organisations from /tmp/junit-202131424638113821/organisations.json
2026-05-02 15:01:27 [INFO ] [PersonRepository] Loaded 3 persons from /tmp/junit-202131424638113821/persons.json
2026-05-02 15:01:27 [INFO ] [VisaRepository] Loaded 3 visas from /tmp/junit-202131424638113821/visas.json
2026-05-02 15:01:27 [INFO ] [ShareCodeRepository] Loaded 5 share codes from /tmp/junit-202131424638113821/share_codes.json
2026-05-02 15:01:27 [INFO ] [OrganisationRepository] Loaded 4 organisations from /tmp/junit-202131424638113821/organisations.json
2026-05-02 15:01:27 [WARN ] [VerificationService] Confirmation refused by org=ORG001
2026-05-02 15:01:27 [INFO ] [PersonRepository] Loaded 3 persons from /tmp/junit-718835973747864583/persons.json
2026-05-02 15:01:27 [INFO ] [VisaRepository] Loaded 3 visas from /tmp/junit-718835973747864583/visas.json
2026-05-02 15:01:27 [INFO ] [ShareCodeRepository] Loaded 5 share codes from /tmp/junit-718835973747864583/share_codes.json
2026-05-02 15:01:27 [INFO ] [OrganisationRepository] Loaded 4 organisations from /tmp/junit-718835973747864583/organisations.json
2026-05-02 15:01:27 [INFO ] [PersonRepository] Loaded 3 persons from /tmp/junit-718835973747864583/persons.json
2026-05-02 15:01:27 [INFO ] [VisaRepository] Loaded 3 visas from /tmp/junit-718835973747864583/visas.json
2026-05-02 15:01:27 [INFO ] [ShareCodeRepository] Loaded 5 share codes from /tmp/junit-718835973747864583/share_codes.json
2026-05-02 15:01:27 [INFO ] [OrganisationRepository] Loaded 4 organisations from /tmp/junit-718835973747864583/organisations.json
2026-05-02 15:01:27 [INFO ] [ShareCodeRepository] Loaded 0 share codes from /tmp/junit-9644394477208066219/share_codes.json
2026-05-02 15:01:27 [INFO ] [ShareCodeRepository] Persisted new share code for person P003
2026-05-02 15:01:27 [INFO ] [ShareCodeService] Generated share code for person=P003**** purpose=ACCOMMODATION
2026-05-02 15:01:27 [INFO ] [ShareCodeRepository] Loaded 0 share codes from /tmp/junit-4462244934823138844/share_codes.json
2026-05-02 15:01:27 [INFO ] [ShareCodeRepository] Persisted new share code for person P001
2026-05-02 15:01:27 [INFO ] [ShareCodeService] Generated share code for person=P001**** purpose=EMPLOYMENT
2026-05-02 15:01:27 [INFO ] [ShareCodeRepository] Loaded 0 share codes from /tmp/junit-17779380777752870145/share_codes.json
2026-05-02 15:01:27 [INFO ] [ShareCodeRepository] Persisted new share code for person P002
2026-05-02 15:01:27 [INFO ] [ShareCodeService] Generated share code for person=P002**** purpose=EDUCATION
2026-05-02 15:01:27 [INFO ] [ShareCodeRepository] Loaded 0 share codes from /tmp/junit-17212983153423158559/share_codes.json
2026-05-02 15:01:27 [INFO ] [ShareCodeRepository] Persisted new share code for person P001
2026-05-02 15:01:27 [INFO ] [ShareCodeService] Generated share code for person=P001**** purpose=EMPLOYMENT
2026-05-02 15:01:27 [INFO ] [ShareCodeRepository] Loaded 0 share codes from /tmp/junit-13905375188740283175/share_codes.json
2026-05-02 15:01:27 [INFO ] [ShareCodeRepository] Persisted new share code for person P001
2026-05-02 15:01:27 [INFO ] [ShareCodeService] Generated share code for person=P001**** purpose=EMPLOYMENT
2026-05-02 15:01:27 [INFO ] [ShareCodeRepository] Loaded 0 share codes from /tmp/junit-13674973949494915885/share_codes.json
2026-05-02 15:01:27 [INFO ] [ShareCodeRepository] Persisted new share code for person P001
2026-05-02 15:01:27 [INFO ] [ShareCodeService] Generated share code for person=P001**** purpose=EMPLOYMENT
2026-05-02 15:01:27 [INFO ] [ShareCodeRepository] Persisted new share code for person P001
2026-05-02 15:01:27 [INFO ] [ShareCodeService] Generated share code for person=P001**** purpose=EMPLOYMENT
2026-05-02 15:01:27 [INFO ] [PersonRepository] Loaded 3 persons from /tmp/junit-16966165295599774587/persons.json
2026-05-02 15:01:27 [INFO ] [VisaRepository] Loaded 3 visas from /tmp/junit-16966165295599774587/visas.json
2026-05-02 15:01:27 [INFO ] [ShareCodeRepository] Loaded 5 share codes from /tmp/junit-16966165295599774587/share_codes.json
2026-05-02 15:01:27 [INFO ] [OrganisationRepository] Loaded 4 organisations from /tmp/junit-16966165295599774587/organisations.json
2026-05-02 15:01:27 [INFO ] [VerificationService] Share code verification requested by org=ORG001
2026-05-02 15:01:27 [WARN ] [VerificationService] Rejected SHARE_CODE_VERIFICATION reason=Share code has expired org=ORG001
2026-05-02 15:01:27 [INFO ] [PersonRepository] Loaded 3 persons from /tmp/junit-1810008431774725395/persons.json
2026-05-02 15:01:27 [INFO ] [VisaRepository] Loaded 3 visas from /tmp/junit-1810008431774725395/visas.json
2026-05-02 15:01:27 [INFO ] [ShareCodeRepository] Loaded 5 share codes from /tmp/junit-1810008431774725395/share_codes.json
2026-05-02 15:01:27 [INFO ] [OrganisationRepository] Loaded 4 organisations from /tmp/junit-1810008431774725395/organisations.json
2026-05-02 15:01:27 [INFO ] [VerificationService] Share code verification requested by org=ORG003
2026-05-02 15:01:27 [INFO ] [ShareCodeRepository] Updated share code DEF456YZ2, used=true
2026-05-02 15:01:27 [INFO ] [VerificationService] Share code verification outcome=Right to rent: true org=ORG003
2026-05-02 15:01:27 [INFO ] [PersonRepository] Loaded 3 persons from /tmp/junit-15649920635534962054/persons.json
2026-05-02 15:01:27 [INFO ] [VisaRepository] Loaded 3 visas from /tmp/junit-15649920635534962054/visas.json
2026-05-02 15:01:27 [INFO ] [ShareCodeRepository] Loaded 5 share codes from /tmp/junit-15649920635534962054/share_codes.json
2026-05-02 15:01:27 [INFO ] [OrganisationRepository] Loaded 4 organisations from /tmp/junit-15649920635534962054/organisations.json
2026-05-02 15:01:27 [INFO ] [VerificationService] Document verification requested by org=ORG005 docType=PASSPORT
2026-05-02 15:01:27 [INFO ] [VerificationService] Document verification outcome=Entry permitted: true, conditions: [] org=ORG005
2026-05-02 15:01:27 [INFO ] [PersonRepository] Loaded 3 persons from /tmp/junit-1608871168272447908/persons.json
2026-05-02 15:01:27 [INFO ] [VisaRepository] Loaded 3 visas from /tmp/junit-1608871168272447908/visas.json
2026-05-02 15:01:27 [INFO ] [ShareCodeRepository] Loaded 5 share codes from /tmp/junit-1608871168272447908/share_codes.json
2026-05-02 15:01:27 [INFO ] [OrganisationRepository] Loaded 4 organisations from /tmp/junit-1608871168272447908/organisations.json
2026-05-02 15:01:27 [INFO ] [VerificationService] Share code verification requested by org=ORG001
2026-05-02 15:01:27 [WARN ] [VerificationService] Rejected SHARE_CODE_VERIFICATION reason=Purpose 'ACCOMMODATION' is not permitted for role 'EMPLOYER' org=ORG001
2026-05-02 15:01:27 [INFO ] [PersonRepository] Loaded 3 persons from /tmp/junit-14304442261168216677/persons.json
2026-05-02 15:01:27 [INFO ] [VisaRepository] Loaded 3 visas from /tmp/junit-14304442261168216677/visas.json
2026-05-02 15:01:27 [INFO ] [ShareCodeRepository] Loaded 5 share codes from /tmp/junit-14304442261168216677/share_codes.json
2026-05-02 15:01:27 [INFO ] [OrganisationRepository] Loaded 4 organisations from /tmp/junit-14304442261168216677/organisations.json
2026-05-02 15:01:27 [INFO ] [VerificationService] Share code verification requested by org=ORG001
2026-05-02 15:01:27 [WARN ] [VerificationService] Rejected SHARE_CODE_VERIFICATION reason=Date of birth does not match org=ORG001
2026-05-02 15:01:27 [INFO ] [PersonRepository] Loaded 3 persons from /tmp/junit-6688625202461720656/persons.json
2026-05-02 15:01:27 [INFO ] [VisaRepository] Loaded 3 visas from /tmp/junit-6688625202461720656/visas.json
2026-05-02 15:01:27 [INFO ] [ShareCodeRepository] Loaded 5 share codes from /tmp/junit-6688625202461720656/share_codes.json
2026-05-02 15:01:27 [INFO ] [OrganisationRepository] Loaded 4 organisations from /tmp/junit-6688625202461720656/organisations.json
2026-05-02 15:01:27 [INFO ] [VerificationService] Share code verification requested by org=ORG001
2026-05-02 15:01:27 [INFO ] [ShareCodeRepository] Updated share code ABC123XY1, used=true
2026-05-02 15:01:27 [INFO ] [VerificationService] Share code verification outcome=Right to work: true, expires: 2027-06-30 org=ORG001
2026-05-02 15:01:27 [INFO ] [VerificationService] Share code verification requested by org=ORG001
2026-05-02 15:01:27 [WARN ] [VerificationService] Rejected SHARE_CODE_VERIFICATION reason=Share code has already been used org=ORG001
2026-05-02 15:01:27 [INFO ] [PersonRepository] Loaded 3 persons from /tmp/junit-1906708095493875817/persons.json
2026-05-02 15:01:27 [INFO ] [VisaRepository] Loaded 3 visas from /tmp/junit-1906708095493875817/visas.json
2026-05-02 15:01:27 [INFO ] [ShareCodeRepository] Loaded 5 share codes from /tmp/junit-1906708095493875817/share_codes.json
2026-05-02 15:01:27 [INFO ] [OrganisationRepository] Loaded 4 organisations from /tmp/junit-1906708095493875817/organisations.json
2026-05-02 15:01:27 [INFO ] [VerificationService] Share code verification requested by org=ORG001
2026-05-02 15:01:27 [INFO ] [ShareCodeRepository] Updated share code QRS678FG6, used=true
2026-05-02 15:01:27 [INFO ] [VerificationService] Share code verification outcome=Right to work: false, expires: 2026-10-25 org=ORG001
2026-05-02 15:01:27 [INFO ] [PersonRepository] Loaded 3 persons from /tmp/junit-8983938007684819958/persons.json
2026-05-02 15:01:27 [INFO ] [VisaRepository] Loaded 3 visas from /tmp/junit-8983938007684819958/visas.json
2026-05-02 15:01:27 [INFO ] [ShareCodeRepository] Loaded 5 share codes from /tmp/junit-8983938007684819958/share_codes.json
2026-05-02 15:01:27 [INFO ] [OrganisationRepository] Loaded 4 organisations from /tmp/junit-8983938007684819958/organisations.json
2026-05-02 15:01:27 [INFO ] [VerificationService] Share code verification requested by org=ORG003
2026-05-02 15:01:27 [WARN ] [VerificationService] Rejected SHARE_CODE_VERIFICATION reason=Share code has already been used org=ORG003
2026-05-02 15:01:27 [INFO ] [PersonRepository] Loaded 3 persons from /tmp/junit-8978273782378061046/persons.json
2026-05-02 15:01:27 [INFO ] [VisaRepository] Loaded 3 visas from /tmp/junit-8978273782378061046/visas.json
2026-05-02 15:01:27 [INFO ] [ShareCodeRepository] Loaded 5 share codes from /tmp/junit-8978273782378061046/share_codes.json
2026-05-02 15:01:27 [INFO ] [OrganisationRepository] Loaded 4 organisations from /tmp/junit-8978273782378061046/organisations.json
2026-05-02 15:01:27 [INFO ] [VerificationService] Document verification requested by org=ORG006 docType=PASSPORT
2026-05-02 15:01:27 [INFO ] [VerificationService] Document verification outcome=Visa type: WORK, valid: true, expires: 2027-06-30 org=ORG006
2026-05-02 15:01:27 [INFO ] [PersonRepository] Loaded 3 persons from /tmp/junit-11141921643655804822/persons.json
2026-05-02 15:01:27 [INFO ] [VisaRepository] Loaded 3 visas from /tmp/junit-11141921643655804822/visas.json
2026-05-02 15:01:27 [INFO ] [ShareCodeRepository] Loaded 5 share codes from /tmp/junit-11141921643655804822/share_codes.json
2026-05-02 15:01:27 [INFO ] [OrganisationRepository] Loaded 4 organisations from /tmp/junit-11141921643655804822/organisations.json
2026-05-02 15:01:27 [INFO ] [VerificationService] Share code verification requested by org=ORG001
2026-05-02 15:01:27 [INFO ] [ShareCodeRepository] Updated share code ABC123XY1, used=true
2026-05-02 15:01:27 [INFO ] [VerificationService] Share code verification outcome=Right to work: true, expires: 2027-06-30 org=ORG001
2026-05-02 15:01:27 [INFO ] [PersonRepository] Loaded 3 persons from /tmp/junit-11271240296031378122/persons.json
2026-05-02 15:01:27 [INFO ] [VisaRepository] Loaded 3 visas from /tmp/junit-11271240296031378122/visas.json
2026-05-02 15:01:27 [INFO ] [ShareCodeRepository] Loaded 5 share codes from /tmp/junit-11271240296031378122/share_codes.json
2026-05-02 15:01:27 [INFO ] [OrganisationRepository] Loaded 4 organisations from /tmp/junit-11271240296031378122/organisations.json
2026-05-02 15:01:27 [INFO ] [VerificationService] Share code verification requested by org=ORG001
2026-05-02 15:01:27 [WARN ] [VerificationService] Rejected SHARE_CODE_VERIFICATION reason=Share code must be 9 uppercase alphanumeric characters org=ORG001
2026-05-02 15:01:27 [INFO ] [PersonRepository] Loaded 3 persons from /tmp/junit-1750341214348892909/persons.json
2026-05-02 15:01:27 [INFO ] [VisaRepository] Loaded 3 visas from /tmp/junit-1750341214348892909/visas.json
2026-05-02 15:01:27 [INFO ] [ShareCodeRepository] Loaded 5 share codes from /tmp/junit-1750341214348892909/share_codes.json
2026-05-02 15:01:27 [INFO ] [OrganisationRepository] Loaded 4 organisations from /tmp/junit-1750341214348892909/organisations.json
2026-05-02 15:01:27 [INFO ] [VerificationService] Document verification requested by org=ORG005 docType=PASSPORT
2026-05-02 15:01:27 [WARN ] [VerificationService] Rejected DOCUMENT_VERIFICATION reason=Person not found for document org=ORG005
2026-05-02 15:01:27 [INFO ] [PersonRepository] Loaded 3 persons from /tmp/junit-5087033738819421921/persons.json
2026-05-02 15:01:27 [INFO ] [VisaRepository] Loaded 3 visas from /tmp/junit-5087033738819421921/visas.json
2026-05-02 15:01:27 [INFO ] [ShareCodeRepository] Loaded 5 share codes from /tmp/junit-5087033738819421921/share_codes.json
2026-05-02 15:01:27 [INFO ] [OrganisationRepository] Loaded 4 organisations from /tmp/junit-5087033738819421921/organisations.json
2026-05-02 15:01:27 [INFO ] [VerificationService] Document verification requested by org=ORG005 docType=PASSPORT
2026-05-02 15:01:27 [WARN ] [VerificationService] Rejected DOCUMENT_VERIFICATION reason=Passport number must be 9 uppercase alphanumeric characters org=ORG005
2026-05-02 15:01:27 [INFO ] [PersonRepository] Loaded 3 persons from /tmp/junit-1818317741610842307/persons.json
2026-05-02 15:01:27 [INFO ] [VisaRepository] Loaded 3 visas from /tmp/junit-1818317741610842307/visas.json
2026-05-02 15:01:27 [INFO ] [ShareCodeRepository] Loaded 5 share codes from /tmp/junit-1818317741610842307/share_codes.json
2026-05-02 15:01:27 [INFO ] [OrganisationRepository] Loaded 4 organisations from /tmp/junit-1818317741610842307/organisations.json
2026-05-02 15:01:27 [INFO ] [VerificationService] Document verification requested by org=ORG001 docType=PASSPORT
2026-05-02 15:01:27 [WARN ] [VerificationService] Rejected DOCUMENT_VERIFICATION reason=Organisation role 'EMPLOYER' is not authorised for the document route org=ORG001
2026-05-02 15:01:27 [INFO ] [PersonRepository] Loaded 3 persons from /tmp/junit-13121128512332425969/persons.json
2026-05-02 15:01:27 [INFO ] [VisaRepository] Loaded 3 visas from /tmp/junit-13121128512332425969/visas.json
2026-05-02 15:01:27 [INFO ] [ShareCodeRepository] Loaded 5 share codes from /tmp/junit-13121128512332425969/share_codes.json
2026-05-02 15:01:27 [INFO ] [OrganisationRepository] Loaded 4 organisations from /tmp/junit-13121128512332425969/organisations.json
2026-05-02 15:01:27 [INFO ] [VerificationService] Share code verification requested by org=ORG999
2026-05-02 15:01:27 [WARN ] [VerificationService] Rejected SHARE_CODE_VERIFICATION reason=Organisation not recognised org=ORG999
2026-05-02 15:01:27 [INFO ] [PersonRepository] Loaded 3 persons from /tmp/junit-13746053506569215241/persons.json
2026-05-02 15:01:27 [INFO ] [VisaRepository] Loaded 3 visas from /tmp/junit-13746053506569215241/visas.json
2026-05-02 15:01:27 [INFO ] [ShareCodeRepository] Loaded 5 share codes from /tmp/junit-13746053506569215241/share_codes.json
2026-05-02 15:01:27 [INFO ] [OrganisationRepository] Loaded 4 organisations from /tmp/junit-13746053506569215241/organisations.json
2026-05-02 15:01:27 [INFO ] [VerificationService] Share code verification requested by org=ORG005
2026-05-02 15:01:27 [WARN ] [VerificationService] Rejected SHARE_CODE_VERIFICATION reason=Organisation role 'BORDER_CONTROL' is not authorised for the share code route org=ORG005
2026-05-02 16:07:30 [INFO ] [Main] Immigration Status Verification System starting
2026-05-02 16:07:30 [INFO ] [PersonRepository] Loaded 5 persons from data/persons.json
2026-05-02 16:07:30 [INFO ] [VisaRepository] Loaded 5 visas from data/visas.json
2026-05-02 16:07:30 [INFO ] [ShareCodeRepository] Loaded 8 share codes from data/share_codes.json
2026-05-02 16:07:30 [INFO ] [OrganisationRepository] Loaded 6 organisations from data/organisations.json
2026-05-02 16:07:31 [INFO ] [Javalin] Starting Javalin ...
2026-05-02 16:07:31 [INFO ] [Server] jetty-11.0.24; built: 2024-08-26T18:11:22.448Z; git: 5dfc59a691b748796f922208956bd1f2794bcd16; jvm 25.0.2+10-69
2026-05-02 16:07:31 [INFO ] [DefaultSessionIdManager] Session workerName=node0
2026-05-02 16:07:31 [INFO ] [ContextHandler] Started o.e.j.s.ServletContextHandler@47feb184{/,null,AVAILABLE}
2026-05-02 16:07:31 [INFO ] [AbstractConnector] Started ServerConnector@51254cd0{HTTP/1.1, (http/1.1)}{0.0.0.0:7070}
2026-05-02 16:07:31 [INFO ] [Server] Started Server@a828587{STARTING}[11.0.24,sto=0] @4836ms
2026-05-02 16:07:31 [INFO ] [Javalin] 
       __                  ___           _____
      / /___ __   ______ _/ (_)___      / ___/
 __  / / __ `/ | / / __ `/ / / __ \    / __ \
/ /_/ / /_/ /| |/ / /_/ / / / / / /   / /_/ /
\____/\__,_/ |___/\__,_/_/_/_/ /_/    \____/

       https://javalin.io/documentation

2026-05-02 16:07:31 [INFO ] [Javalin] Javalin started in 503ms \o/
2026-05-02 16:07:31 [INFO ] [Javalin] Listening on http://localhost:7070/
2026-05-02 16:07:31 [INFO ] [Javalin] You are running Javalin 6.4.0 (released December 17, 2024. Your Javalin version is 500 days old. Consider checking for a newer version.).
2026-05-02 16:07:31 [INFO ] [ApiServer] API server started on port 7070
2026-05-02 16:13:11 [INFO ] [Main] Immigration Status Verification System starting
2026-05-02 16:13:11 [INFO ] [PersonRepository] Loaded 5 persons from data/persons.json
2026-05-02 16:13:11 [INFO ] [VisaRepository] Loaded 5 visas from data/visas.json
2026-05-02 16:13:11 [INFO ] [ShareCodeRepository] Loaded 8 share codes from data/share_codes.json
2026-05-02 16:13:11 [INFO ] [OrganisationRepository] Loaded 6 organisations from data/organisations.json
2026-05-02 16:13:12 [INFO ] [Javalin] Starting Javalin ...
2026-05-02 16:13:12 [INFO ] [Server] jetty-11.0.24; built: 2024-08-26T18:11:22.448Z; git: 5dfc59a691b748796f922208956bd1f2794bcd16; jvm 25.0.2+10-69
2026-05-02 16:13:12 [ERROR] [Javalin] Failed to start Javalin
2026-05-02 16:13:12 [INFO ] [Server] Stopped Server@5ecde932{STOPPING}[11.0.24,sto=0]
2026-05-02 16:13:49 [WARN ] [VerificationService] Confirmation refused by org=ORG001
2026-05-02 16:13:49 [INFO ] [VerificationService] Share code verification requested by org=ORG001
2026-05-02 16:13:49 [WARN ] [VerificationService] Rejected SHARE_CODE_VERIFICATION reason=Share code not found org=ORG001
2026-05-02 16:13:49 [INFO ] [VerificationService] Document verification requested by org=ORG005 docType=PASSPORT
2026-05-02 16:13:49 [INFO ] [VerificationService] Document verification outcome=Entry permitted: true, conditions: [] org=ORG005
2026-05-02 16:13:49 [INFO ] [ShareCodeRepository] Persisted new share code for person P001
2026-05-02 16:13:49 [INFO ] [ShareCodeService] Generated share code for person=P001**** purpose=EMPLOYMENT
2026-05-02 16:17:35 [INFO ] [Main] Shutdown signal received — stopping API server
2026-05-02 16:17:35 [INFO ] [Javalin] Stopping Javalin ...
2026-05-02 16:17:35 [INFO ] [Server] Stopped Server@a828587{STOPPING}[11.0.24,sto=0]
2026-05-02 16:17:35 [INFO ] [AbstractConnector] Stopped ServerConnector@51254cd0{HTTP/1.1, (http/1.1)}{0.0.0.0:7070}
2026-05-02 16:17:35 [INFO ] [ContextHandler] Stopped o.e.j.s.ServletContextHandler@47feb184{/,null,STOPPED}
2026-05-02 16:17:35 [INFO ] [Javalin] Javalin has stopped
2026-05-03 13:51:19 [INFO ] [Main] Immigration Status Verification System starting
2026-05-03 13:51:19 [INFO ] [PersonRepository] Loaded 5 persons from data/persons.json
2026-05-03 13:51:19 [INFO ] [VisaRepository] Loaded 5 visas from data/visas.json
2026-05-03 13:51:19 [INFO ] [ShareCodeRepository] Loaded 9 share codes from data/share_codes.json
2026-05-03 13:51:19 [INFO ] [OrganisationRepository] Loaded 6 organisations from data/organisations.json
2026-05-03 13:56:38 [INFO ] [ShareCodeRepository] Persisted new share code for person P002
2026-05-03 13:56:38 [INFO ] [ShareCodeService] Generated share code for person=P002**** purpose=ACCOMMODATION
2026-05-03 13:57:42 [INFO ] [VerificationService] Share code verification requested by org=ORG002
2026-05-03 13:57:42 [WARN ] [VerificationService] Rejected SHARE_CODE_VERIFICATION reason=Purpose 'ACCOMMODATION' is not permitted for role 'EMPLOYER' org=ORG002
2026-05-13 18:12:33 [INFO ] [PersonRepository] Loaded 3 persons from /tmp/junit-7169025682845579170/persons.json
2026-05-13 18:12:33 [INFO ] [VisaRepository] Loaded 3 visas from /tmp/junit-7169025682845579170/visas.json
2026-05-13 18:12:33 [INFO ] [ShareCodeRepository] Loaded 5 share codes from /tmp/junit-7169025682845579170/share_codes.json
2026-05-13 18:12:33 [INFO ] [OrganisationRepository] Loaded 4 organisations from /tmp/junit-7169025682845579170/organisations.json
2026-05-13 18:12:33 [INFO ] [ShareCodeRepository] Persisted new share code for person P001
2026-05-13 18:12:33 [INFO ] [ShareCodeService] Generated share code for person=P001**** purpose=EMPLOYMENT
2026-05-13 18:12:33 [INFO ] [VerificationService] Share code verification requested by org=ORG001
2026-05-13 18:12:33 [INFO ] [ShareCodeRepository] Updated share code KHFRNXY9C, used=true
2026-05-13 18:12:33 [INFO ] [VerificationService] Share code verification outcome=Right to work: true, expires: 2027-06-30 org=ORG001
2026-05-13 18:12:33 [INFO ] [PersonRepository] Loaded 3 persons from /tmp/junit-4235119245228233687/persons.json
2026-05-13 18:12:33 [INFO ] [VisaRepository] Loaded 3 visas from /tmp/junit-4235119245228233687/visas.json
2026-05-13 18:12:33 [INFO ] [ShareCodeRepository] Loaded 5 share codes from /tmp/junit-4235119245228233687/share_codes.json
2026-05-13 18:12:33 [INFO ] [OrganisationRepository] Loaded 4 organisations from /tmp/junit-4235119245228233687/organisations.json
2026-05-13 18:12:33 [INFO ] [VerificationService] Share code verification requested by org=ORG001
2026-05-13 18:12:33 [INFO ] [ShareCodeRepository] Updated share code ABC123XY1, used=true
2026-05-13 18:12:33 [INFO ] [VerificationService] Share code verification outcome=Right to work: true, expires: 2027-06-30 org=ORG001
2026-05-13 18:12:33 [INFO ] [PersonRepository] Loaded 3 persons from /tmp/junit-8872983584250774189/persons.json
2026-05-13 18:12:33 [INFO ] [VisaRepository] Loaded 3 visas from /tmp/junit-8872983584250774189/visas.json
2026-05-13 18:12:33 [INFO ] [ShareCodeRepository] Loaded 5 share codes from /tmp/junit-8872983584250774189/share_codes.json
2026-05-13 18:12:33 [INFO ] [OrganisationRepository] Loaded 4 organisations from /tmp/junit-8872983584250774189/organisations.json
2026-05-13 18:12:33 [INFO ] [ShareCodeRepository] Persisted new share code for person P001
2026-05-13 18:12:33 [INFO ] [ShareCodeService] Generated share code for person=P001**** purpose=EMPLOYMENT
2026-05-13 18:12:33 [INFO ] [VerificationService] Share code verification requested by org=ORG001
2026-05-13 18:12:33 [INFO ] [ShareCodeRepository] Updated share code K9U8AW4KH, used=true
2026-05-13 18:12:33 [INFO ] [VerificationService] Share code verification outcome=Right to work: true, expires: 2027-06-30 org=ORG001
2026-05-13 18:12:33 [INFO ] [PersonRepository] Loaded 3 persons from /tmp/junit-1358698563596107339/persons.json
2026-05-13 18:12:33 [INFO ] [VisaRepository] Loaded 3 visas from /tmp/junit-1358698563596107339/visas.json
2026-05-13 18:12:33 [INFO ] [ShareCodeRepository] Loaded 5 share codes from /tmp/junit-1358698563596107339/share_codes.json
2026-05-13 18:12:33 [INFO ] [OrganisationRepository] Loaded 4 organisations from /tmp/junit-1358698563596107339/organisations.json
2026-05-13 18:12:33 [INFO ] [ShareCodeRepository] Persisted new share code for person P001
2026-05-13 18:12:33 [INFO ] [ShareCodeService] Generated share code for person=P001**** purpose=EMPLOYMENT
2026-05-13 18:12:33 [INFO ] [VerificationService] Share code verification requested by org=ORG001
2026-05-13 18:12:33 [INFO ] [ShareCodeRepository] Updated share code ZR3A7DNC7, used=true
2026-05-13 18:12:33 [INFO ] [VerificationService] Share code verification outcome=Right to work: true, expires: 2027-06-30 org=ORG001
2026-05-13 18:12:33 [INFO ] [VerificationService] Share code verification requested by org=ORG001
2026-05-13 18:12:33 [WARN ] [VerificationService] Rejected SHARE_CODE_VERIFICATION reason=Share code has already been used org=ORG001
2026-05-13 18:12:33 [INFO ] [PersonRepository] Loaded 3 persons from /tmp/junit-16352969758362710020/persons.json
2026-05-13 18:12:33 [INFO ] [VisaRepository] Loaded 3 visas from /tmp/junit-16352969758362710020/visas.json
2026-05-13 18:12:33 [INFO ] [ShareCodeRepository] Loaded 5 share codes from /tmp/junit-16352969758362710020/share_codes.json
2026-05-13 18:12:33 [INFO ] [OrganisationRepository] Loaded 4 organisations from /tmp/junit-16352969758362710020/organisations.json
2026-05-13 18:12:33 [WARN ] [VerificationService] Confirmation refused by org=ORG005
2026-05-13 18:12:33 [INFO ] [PersonRepository] Loaded 3 persons from /tmp/junit-16869566165694001113/persons.json
2026-05-13 18:12:33 [INFO ] [VisaRepository] Loaded 3 visas from /tmp/junit-16869566165694001113/visas.json
2026-05-13 18:12:33 [INFO ] [ShareCodeRepository] Loaded 5 share codes from /tmp/junit-16869566165694001113/share_codes.json
2026-05-13 18:12:33 [INFO ] [OrganisationRepository] Loaded 4 organisations from /tmp/junit-16869566165694001113/organisations.json
2026-05-13 18:12:33 [INFO ] [VerificationService] Document verification requested by org=ORG001 docType=PASSPORT
2026-05-13 18:12:33 [WARN ] [VerificationService] Rejected DOCUMENT_VERIFICATION reason=Organisation role 'EMPLOYER' is not authorised for the document route org=ORG001
2026-05-13 18:12:33 [INFO ] [PersonRepository] Loaded 3 persons from /tmp/junit-6355241002885220464/persons.json
2026-05-13 18:12:33 [INFO ] [VisaRepository] Loaded 3 visas from /tmp/junit-6355241002885220464/visas.json
2026-05-13 18:12:33 [INFO ] [ShareCodeRepository] Loaded 5 share codes from /tmp/junit-6355241002885220464/share_codes.json
2026-05-13 18:12:33 [INFO ] [OrganisationRepository] Loaded 4 organisations from /tmp/junit-6355241002885220464/organisations.json
2026-05-13 18:12:33 [INFO ] [VerificationService] Document verification requested by org=ORG005 docType=PASSPORT
2026-05-13 18:12:33 [INFO ] [VerificationService] Document verification outcome=Entry permitted: true, conditions: [] org=ORG005
2026-05-13 18:12:33 [INFO ] [PersonRepository] Loaded 3 persons from /tmp/junit-1485928878979080552/persons.json
2026-05-13 18:12:33 [INFO ] [VisaRepository] Loaded 3 visas from /tmp/junit-1485928878979080552/visas.json
2026-05-13 18:12:33 [INFO ] [ShareCodeRepository] Loaded 5 share codes from /tmp/junit-1485928878979080552/share_codes.json
2026-05-13 18:12:33 [INFO ] [OrganisationRepository] Loaded 4 organisations from /tmp/junit-1485928878979080552/organisations.json
2026-05-13 18:12:33 [INFO ] [VerificationService] Document verification requested by org=ORG006 docType=PASSPORT
2026-05-13 18:12:33 [INFO ] [VerificationService] Document verification outcome=Visa type: WORK, valid: true, expires: 2027-06-30 org=ORG006
2026-05-13 18:12:33 [INFO ] [PersonRepository] Loaded 3 persons from /tmp/junit-4864034665175528956/persons.json
2026-05-13 18:12:33 [INFO ] [VisaRepository] Loaded 3 visas from /tmp/junit-4864034665175528956/visas.json
2026-05-13 18:12:33 [INFO ] [ShareCodeRepository] Loaded 5 share codes from /tmp/junit-4864034665175528956/share_codes.json
2026-05-13 18:12:33 [INFO ] [OrganisationRepository] Loaded 4 organisations from /tmp/junit-4864034665175528956/organisations.json
2026-05-13 18:12:33 [INFO ] [PersonRepository] Loaded 3 persons from /tmp/junit-1897975536404075136/persons.json
2026-05-13 18:12:33 [INFO ] [VisaRepository] Loaded 3 visas from /tmp/junit-1897975536404075136/visas.json
2026-05-13 18:12:33 [INFO ] [ShareCodeRepository] Loaded 5 share codes from /tmp/junit-1897975536404075136/share_codes.json
2026-05-13 18:12:33 [INFO ] [OrganisationRepository] Loaded 4 organisations from /tmp/junit-1897975536404075136/organisations.json
2026-05-13 18:12:33 [INFO ] [VerificationService] Document verification requested by org=ORG005 docType=PASSPORT
2026-05-13 18:12:33 [WARN ] [VerificationService] Rejected DOCUMENT_VERIFICATION reason=Person not found for document org=ORG005
2026-05-13 18:12:34 [INFO ] [PersonRepository] Loaded 3 persons from /tmp/junit-16013340830486217021/persons.json
2026-05-13 18:12:34 [INFO ] [VisaRepository] Loaded 3 visas from /tmp/junit-16013340830486217021/visas.json
2026-05-13 18:12:34 [INFO ] [ShareCodeRepository] Loaded 5 share codes from /tmp/junit-16013340830486217021/share_codes.json
2026-05-13 18:12:34 [INFO ] [OrganisationRepository] Loaded 4 organisations from /tmp/junit-16013340830486217021/organisations.json
2026-05-13 18:12:34 [INFO ] [VerificationService] Document verification requested by org=ORG006 docType=PASSPORT
2026-05-13 18:12:34 [INFO ] [VerificationService] Document verification outcome=Visa type: WORK, valid: true, expires: 2027-06-30 org=ORG006
2026-05-13 18:12:34 [INFO ] [PersonRepository] Loaded 3 persons from /tmp/junit-2040644680842916758/persons.json
2026-05-13 18:12:34 [INFO ] [VisaRepository] Loaded 3 visas from /tmp/junit-2040644680842916758/visas.json
2026-05-13 18:12:34 [INFO ] [ShareCodeRepository] Loaded 5 share codes from /tmp/junit-2040644680842916758/share_codes.json
2026-05-13 18:12:34 [INFO ] [OrganisationRepository] Loaded 4 organisations from /tmp/junit-2040644680842916758/organisations.json
2026-05-13 18:12:34 [INFO ] [VerificationService] Document verification requested by org=ORG005 docType=PASSPORT
2026-05-13 18:12:34 [INFO ] [VerificationService] Document verification outcome=Entry permitted: true, conditions: [] org=ORG005
2026-05-13 18:12:34 [INFO ] [PersonRepository] Loaded 3 persons from /tmp/junit-13421871956549484598/persons.json
2026-05-13 18:12:34 [INFO ] [VisaRepository] Loaded 3 visas from /tmp/junit-13421871956549484598/visas.json
2026-05-13 18:12:34 [INFO ] [ShareCodeRepository] Loaded 5 share codes from /tmp/junit-13421871956549484598/share_codes.json
2026-05-13 18:12:34 [INFO ] [OrganisationRepository] Loaded 4 organisations from /tmp/junit-13421871956549484598/organisations.json
2026-05-13 18:12:34 [INFO ] [VerificationService] Document verification requested by org=ORG005 docType=PASSPORT
2026-05-13 18:12:34 [INFO ] [VerificationService] Document verification outcome=Entry permitted: true, conditions: [] org=ORG005
2026-05-13 18:12:34 [INFO ] [PersonRepository] Loaded 3 persons from /tmp/junit-11448970145845525682/persons.json
2026-05-13 18:12:34 [INFO ] [VisaRepository] Loaded 3 visas from /tmp/junit-11448970145845525682/visas.json
2026-05-13 18:12:34 [INFO ] [ShareCodeRepository] Loaded 5 share codes from /tmp/junit-11448970145845525682/share_codes.json
2026-05-13 18:12:34 [INFO ] [OrganisationRepository] Loaded 4 organisations from /tmp/junit-11448970145845525682/organisations.json
2026-05-13 18:12:34 [WARN ] [VerificationService] Confirmation refused by org=ORG005
2026-05-13 18:12:34 [INFO ] [PersonRepository] Loaded 3 persons from /tmp/junit-13262625502678795002/persons.json
2026-05-13 18:12:34 [INFO ] [VisaRepository] Loaded 3 visas from /tmp/junit-13262625502678795002/visas.json
2026-05-13 18:12:34 [INFO ] [ShareCodeRepository] Loaded 5 share codes from /tmp/junit-13262625502678795002/share_codes.json
2026-05-13 18:12:34 [INFO ] [OrganisationRepository] Loaded 4 organisations from /tmp/junit-13262625502678795002/organisations.json
2026-05-13 18:12:34 [WARN ] [VerificationService] Confirmation refused by org=ORG001
2026-05-13 18:12:34 [INFO ] [PersonRepository] Loaded 3 persons from /tmp/junit-7152695945570238723/persons.json
2026-05-13 18:12:34 [INFO ] [VisaRepository] Loaded 3 visas from /tmp/junit-7152695945570238723/visas.json
2026-05-13 18:12:34 [INFO ] [ShareCodeRepository] Loaded 5 share codes from /tmp/junit-7152695945570238723/share_codes.json
2026-05-13 18:12:34 [INFO ] [OrganisationRepository] Loaded 4 organisations from /tmp/junit-7152695945570238723/organisations.json
2026-05-13 18:12:34 [INFO ] [VerificationService] Share code verification requested by org=ORG001
2026-05-13 18:12:34 [INFO ] [ShareCodeRepository] Updated share code ABC123XY1, used=true
2026-05-13 18:12:34 [INFO ] [VerificationService] Share code verification outcome=Right to work: true, expires: 2027-06-30 org=ORG001
2026-05-13 18:12:34 [INFO ] [PersonRepository] Loaded 3 persons from /tmp/junit-4085611775295352989/persons.json
2026-05-13 18:12:34 [INFO ] [VisaRepository] Loaded 3 visas from /tmp/junit-4085611775295352989/visas.json
2026-05-13 18:12:34 [INFO ] [ShareCodeRepository] Loaded 5 share codes from /tmp/junit-4085611775295352989/share_codes.json
2026-05-13 18:12:34 [INFO ] [OrganisationRepository] Loaded 4 organisations from /tmp/junit-4085611775295352989/organisations.json
2026-05-13 18:12:34 [INFO ] [VerificationService] Share code verification requested by org=ORG001
2026-05-13 18:12:34 [INFO ] [ShareCodeRepository] Updated share code ABC123XY1, used=true
2026-05-13 18:12:34 [INFO ] [VerificationService] Share code verification outcome=Right to work: true, expires: 2027-06-30 org=ORG001
2026-05-13 18:12:34 [INFO ] [PersonRepository] Loaded 3 persons from /tmp/junit-8874432816230295834/persons.json
2026-05-13 18:12:34 [INFO ] [VisaRepository] Loaded 3 visas from /tmp/junit-8874432816230295834/visas.json
2026-05-13 18:12:34 [INFO ] [ShareCodeRepository] Loaded 5 share codes from /tmp/junit-8874432816230295834/share_codes.json
2026-05-13 18:12:34 [INFO ] [OrganisationRepository] Loaded 4 organisations from /tmp/junit-8874432816230295834/organisations.json
2026-05-13 18:12:34 [INFO ] [VerificationService] Share code verification requested by org=ORG001
2026-05-13 18:12:34 [WARN ] [VerificationService] Rejected SHARE_CODE_VERIFICATION reason=Purpose 'ACCOMMODATION' is not permitted for role 'EMPLOYER' org=ORG001
2026-05-13 18:12:34 [INFO ] [PersonRepository] Loaded 3 persons from /tmp/junit-17377178500486352855/persons.json
2026-05-13 18:12:34 [INFO ] [VisaRepository] Loaded 3 visas from /tmp/junit-17377178500486352855/visas.json
2026-05-13 18:12:34 [INFO ] [ShareCodeRepository] Loaded 5 share codes from /tmp/junit-17377178500486352855/share_codes.json
2026-05-13 18:12:34 [INFO ] [OrganisationRepository] Loaded 4 organisations from /tmp/junit-17377178500486352855/organisations.json
2026-05-13 18:12:34 [WARN ] [VerificationService] Confirmation refused by org=ORG001
2026-05-13 18:12:34 [INFO ] [PersonRepository] Loaded 3 persons from /tmp/junit-3279185356975078359/persons.json
2026-05-13 18:12:34 [INFO ] [VisaRepository] Loaded 3 visas from /tmp/junit-3279185356975078359/visas.json
2026-05-13 18:12:34 [INFO ] [ShareCodeRepository] Loaded 5 share codes from /tmp/junit-3279185356975078359/share_codes.json
2026-05-13 18:12:34 [INFO ] [OrganisationRepository] Loaded 4 organisations from /tmp/junit-3279185356975078359/organisations.json
2026-05-13 18:12:34 [INFO ] [VerificationService] Share code verification requested by org=ORG001
2026-05-13 18:12:34 [INFO ] [ShareCodeRepository] Updated share code ABC123XY1, used=true
2026-05-13 18:12:34 [INFO ] [VerificationService] Share code verification outcome=Right to work: true, expires: 2027-06-30 org=ORG001
2026-05-13 18:12:34 [INFO ] [PersonRepository] Loaded 3 persons from /tmp/junit-9715920650388042383/persons.json
2026-05-13 18:12:34 [INFO ] [VisaRepository] Loaded 3 visas from /tmp/junit-9715920650388042383/visas.json
2026-05-13 18:12:34 [INFO ] [ShareCodeRepository] Loaded 5 share codes from /tmp/junit-9715920650388042383/share_codes.json
2026-05-13 18:12:34 [INFO ] [OrganisationRepository] Loaded 4 organisations from /tmp/junit-9715920650388042383/organisations.json
2026-05-13 18:12:34 [INFO ] [VerificationService] Share code verification requested by org=ORG001
2026-05-13 18:12:34 [WARN ] [VerificationService] Rejected SHARE_CODE_VERIFICATION reason=Date of birth does not match org=ORG001
2026-05-13 18:12:34 [INFO ] [PersonRepository] Loaded 3 persons from /tmp/junit-9613511501698908916/persons.json
2026-05-13 18:12:34 [INFO ] [VisaRepository] Loaded 3 visas from /tmp/junit-9613511501698908916/visas.json
2026-05-13 18:12:34 [INFO ] [ShareCodeRepository] Loaded 5 share codes from /tmp/junit-9613511501698908916/share_codes.json
2026-05-13 18:12:34 [INFO ] [OrganisationRepository] Loaded 4 organisations from /tmp/junit-9613511501698908916/organisations.json
2026-05-13 18:12:34 [INFO ] [VerificationService] Share code verification requested by org=ORG003
2026-05-13 18:12:34 [WARN ] [VerificationService] Rejected SHARE_CODE_VERIFICATION reason=Share code has already been used org=ORG003
2026-05-13 18:12:34 [INFO ] [PersonRepository] Loaded 3 persons from /tmp/junit-11905221469672250038/persons.json
2026-05-13 18:12:34 [INFO ] [VisaRepository] Loaded 3 visas from /tmp/junit-11905221469672250038/visas.json
2026-05-13 18:12:34 [INFO ] [ShareCodeRepository] Loaded 5 share codes from /tmp/junit-11905221469672250038/share_codes.json
2026-05-13 18:12:34 [INFO ] [OrganisationRepository] Loaded 4 organisations from /tmp/junit-11905221469672250038/organisations.json
2026-05-13 18:12:34 [INFO ] [VerificationService] Share code verification requested by org=ORG003
2026-05-13 18:12:34 [INFO ] [ShareCodeRepository] Updated share code DEF456YZ2, used=true
2026-05-13 18:12:34 [INFO ] [VerificationService] Share code verification outcome=Right to rent: true org=ORG003
2026-05-13 18:12:34 [INFO ] [PersonRepository] Loaded 3 persons from /tmp/junit-6502889360113452122/persons.json
2026-05-13 18:12:34 [INFO ] [VisaRepository] Loaded 3 visas from /tmp/junit-6502889360113452122/visas.json
2026-05-13 18:12:34 [INFO ] [ShareCodeRepository] Loaded 5 share codes from /tmp/junit-6502889360113452122/share_codes.json
2026-05-13 18:12:34 [INFO ] [OrganisationRepository] Loaded 4 organisations from /tmp/junit-6502889360113452122/organisations.json
2026-05-13 18:12:34 [INFO ] [VerificationService] Share code verification requested by org=ORG001
2026-05-13 18:12:34 [INFO ] [ShareCodeRepository] Updated share code ABC123XY1, used=true
2026-05-13 18:12:34 [INFO ] [VerificationService] Share code verification outcome=Right to work: true, expires: 2027-06-30 org=ORG001
2026-05-13 18:12:34 [INFO ] [PersonRepository] Loaded 3 persons from /tmp/junit-592186933398602188/persons.json
2026-05-13 18:12:34 [INFO ] [VisaRepository] Loaded 3 visas from /tmp/junit-592186933398602188/visas.json
2026-05-13 18:12:34 [INFO ] [ShareCodeRepository] Loaded 5 share codes from /tmp/junit-592186933398602188/share_codes.json
2026-05-13 18:12:34 [INFO ] [OrganisationRepository] Loaded 4 organisations from /tmp/junit-592186933398602188/organisations.json
2026-05-13 18:12:34 [WARN ] [VerificationService] Confirmation refused by org=ORG001
2026-05-13 18:12:34 [INFO ] [PersonRepository] Loaded 3 persons from /tmp/junit-11638486808712174756/persons.json
2026-05-13 18:12:34 [INFO ] [VisaRepository] Loaded 3 visas from /tmp/junit-11638486808712174756/visas.json
2026-05-13 18:12:34 [INFO ] [ShareCodeRepository] Loaded 5 share codes from /tmp/junit-11638486808712174756/share_codes.json
2026-05-13 18:12:34 [INFO ] [OrganisationRepository] Loaded 4 organisations from /tmp/junit-11638486808712174756/organisations.json
2026-05-13 18:12:34 [INFO ] [VerificationService] Share code verification requested by org=ORG001
2026-05-13 18:12:34 [INFO ] [ShareCodeRepository] Updated share code QRS678FG6, used=true
2026-05-13 18:12:34 [INFO ] [VerificationService] Share code verification outcome=Right to work: false, expires: 2026-10-25 org=ORG001
2026-05-13 18:12:34 [INFO ] [PersonRepository] Loaded 3 persons from /tmp/junit-12834740091155799041/persons.json
2026-05-13 18:12:34 [INFO ] [VisaRepository] Loaded 3 visas from /tmp/junit-12834740091155799041/visas.json
2026-05-13 18:12:34 [INFO ] [ShareCodeRepository] Loaded 5 share codes from /tmp/junit-12834740091155799041/share_codes.json
2026-05-13 18:12:34 [INFO ] [OrganisationRepository] Loaded 4 organisations from /tmp/junit-12834740091155799041/organisations.json
2026-05-13 18:12:34 [INFO ] [VerificationService] Share code verification requested by org=ORG001
2026-05-13 18:12:34 [WARN ] [VerificationService] Rejected SHARE_CODE_VERIFICATION reason=Share code has expired org=ORG001
2026-05-13 18:12:34 [INFO ] [PersonRepository] Loaded 3 persons from /tmp/junit-15856475440457888196/persons.json
2026-05-13 18:12:34 [INFO ] [VisaRepository] Loaded 3 visas from /tmp/junit-15856475440457888196/visas.json
2026-05-13 18:12:34 [INFO ] [ShareCodeRepository] Loaded 5 share codes from /tmp/junit-15856475440457888196/share_codes.json
2026-05-13 18:12:34 [INFO ] [OrganisationRepository] Loaded 4 organisations from /tmp/junit-15856475440457888196/organisations.json
2026-05-13 18:12:34 [WARN ] [VerificationService] Confirmation refused by org=ORG001
2026-05-13 18:12:34 [INFO ] [PersonRepository] Loaded 3 persons from /tmp/junit-12316843816099260534/persons.json
2026-05-13 18:12:34 [INFO ] [VisaRepository] Loaded 3 visas from /tmp/junit-12316843816099260534/visas.json
2026-05-13 18:12:34 [INFO ] [ShareCodeRepository] Loaded 5 share codes from /tmp/junit-12316843816099260534/share_codes.json
2026-05-13 18:12:34 [INFO ] [OrganisationRepository] Loaded 4 organisations from /tmp/junit-12316843816099260534/organisations.json
2026-05-13 18:12:34 [INFO ] [ShareCodeRepository] Persisted new share code for person P001
2026-05-13 18:12:34 [INFO ] [ShareCodeService] Generated share code for person=P001**** purpose=EMPLOYMENT
2026-05-13 18:12:34 [INFO ] [PersonRepository] Loaded 3 persons from /tmp/junit-7781753352710441362/persons.json
2026-05-13 18:12:34 [INFO ] [VisaRepository] Loaded 3 visas from /tmp/junit-7781753352710441362/visas.json
2026-05-13 18:12:34 [INFO ] [ShareCodeRepository] Loaded 5 share codes from /tmp/junit-7781753352710441362/share_codes.json
2026-05-13 18:12:34 [INFO ] [OrganisationRepository] Loaded 4 organisations from /tmp/junit-7781753352710441362/organisations.json
2026-05-13 18:12:34 [INFO ] [ShareCodeRepository] Persisted new share code for person P001
2026-05-13 18:12:34 [INFO ] [ShareCodeService] Generated share code for person=P001**** purpose=EMPLOYMENT
2026-05-13 18:12:34 [INFO ] [PersonRepository] Loaded 3 persons from /tmp/junit-4767474949156756730/persons.json
2026-05-13 18:12:34 [INFO ] [VisaRepository] Loaded 3 visas from /tmp/junit-4767474949156756730/visas.json
2026-05-13 18:12:34 [INFO ] [ShareCodeRepository] Loaded 5 share codes from /tmp/junit-4767474949156756730/share_codes.json
2026-05-13 18:12:34 [INFO ] [OrganisationRepository] Loaded 4 organisations from /tmp/junit-4767474949156756730/organisations.json
2026-05-13 18:12:34 [INFO ] [ShareCodeRepository] Persisted new share code for person P001
2026-05-13 18:12:34 [INFO ] [ShareCodeService] Generated share code for person=P001**** purpose=EMPLOYMENT
2026-05-13 18:12:34 [INFO ] [PersonRepository] Loaded 3 persons from /tmp/junit-9183235725212838972/persons.json
2026-05-13 18:12:34 [INFO ] [VisaRepository] Loaded 3 visas from /tmp/junit-9183235725212838972/visas.json
2026-05-13 18:12:34 [INFO ] [ShareCodeRepository] Loaded 5 share codes from /tmp/junit-9183235725212838972/share_codes.json
2026-05-13 18:12:34 [INFO ] [OrganisationRepository] Loaded 4 organisations from /tmp/junit-9183235725212838972/organisations.json
2026-05-13 18:12:34 [INFO ] [ShareCodeRepository] Persisted new share code for person P001
2026-05-13 18:12:34 [INFO ] [ShareCodeService] Generated share code for person=P001**** purpose=EMPLOYMENT
2026-05-13 18:12:34 [INFO ] [PersonRepository] Loaded 3 persons from /tmp/junit-5298633163728047024/persons.json
2026-05-13 18:12:34 [INFO ] [VisaRepository] Loaded 3 visas from /tmp/junit-5298633163728047024/visas.json
2026-05-13 18:12:34 [INFO ] [ShareCodeRepository] Loaded 5 share codes from /tmp/junit-5298633163728047024/share_codes.json
2026-05-13 18:12:34 [INFO ] [OrganisationRepository] Loaded 4 organisations from /tmp/junit-5298633163728047024/organisations.json
2026-05-13 18:12:34 [INFO ] [PersonRepository] Loaded 3 persons from /tmp/junit-6713898093749823266/persons.json
2026-05-13 18:12:34 [INFO ] [VisaRepository] Loaded 3 visas from /tmp/junit-6713898093749823266/visas.json
2026-05-13 18:12:34 [INFO ] [ShareCodeRepository] Loaded 5 share codes from /tmp/junit-6713898093749823266/share_codes.json
2026-05-13 18:12:34 [INFO ] [OrganisationRepository] Loaded 4 organisations from /tmp/junit-6713898093749823266/organisations.json
2026-05-13 18:12:34 [INFO ] [ShareCodeRepository] Persisted new share code for person P001
2026-05-13 18:12:34 [INFO ] [ShareCodeService] Generated share code for person=P001**** purpose=EMPLOYMENT
2026-05-13 18:12:34 [INFO ] [PersonRepository] Loaded 3 persons from /tmp/junit-16069170949072400213/persons.json
2026-05-13 18:12:34 [INFO ] [VisaRepository] Loaded 3 visas from /tmp/junit-16069170949072400213/visas.json
2026-05-13 18:12:34 [INFO ] [ShareCodeRepository] Loaded 5 share codes from /tmp/junit-16069170949072400213/share_codes.json
2026-05-13 18:12:34 [INFO ] [OrganisationRepository] Loaded 4 organisations from /tmp/junit-16069170949072400213/organisations.json
2026-05-13 18:12:34 [INFO ] [ShareCodeRepository] Persisted new share code for person P001
2026-05-13 18:12:34 [INFO ] [ShareCodeService] Generated share code for person=P001**** purpose=EMPLOYMENT
2026-05-13 18:12:34 [INFO ] [PersonRepository] Loaded 3 persons from /tmp/junit-7625780785715431217/persons.json
2026-05-13 18:12:34 [INFO ] [VisaRepository] Loaded 3 visas from /tmp/junit-7625780785715431217/visas.json
2026-05-13 18:12:34 [INFO ] [ShareCodeRepository] Loaded 5 share codes from /tmp/junit-7625780785715431217/share_codes.json
2026-05-13 18:12:34 [INFO ] [OrganisationRepository] Loaded 4 organisations from /tmp/junit-7625780785715431217/organisations.json
2026-05-13 18:12:34 [INFO ] [PersonRepository] Loaded 3 persons from /tmp/junit-10555033872954592125/persons.json
2026-05-13 18:12:34 [INFO ] [VisaRepository] Loaded 3 visas from /tmp/junit-10555033872954592125/visas.json
2026-05-13 18:12:34 [INFO ] [ShareCodeRepository] Loaded 5 share codes from /tmp/junit-10555033872954592125/share_codes.json
2026-05-13 18:12:34 [INFO ] [OrganisationRepository] Loaded 4 organisations from /tmp/junit-10555033872954592125/organisations.json
2026-05-13 18:12:34 [INFO ] [PersonRepository] Loaded 3 persons from /tmp/junit-8163411036114991838/persons.json
2026-05-13 18:12:34 [INFO ] [VisaRepository] Loaded 3 visas from /tmp/junit-8163411036114991838/visas.json
2026-05-13 18:12:34 [INFO ] [ShareCodeRepository] Loaded 5 share codes from /tmp/junit-8163411036114991838/share_codes.json
2026-05-13 18:12:34 [INFO ] [OrganisationRepository] Loaded 4 organisations from /tmp/junit-8163411036114991838/organisations.json
2026-05-13 18:12:34 [INFO ] [ShareCodeRepository] Persisted new share code for person P001
2026-05-13 18:12:34 [INFO ] [ShareCodeService] Generated share code for person=P001**** purpose=EMPLOYMENT
2026-05-13 18:12:34 [INFO ] [PersonRepository] Loaded 3 persons from /tmp/junit-14936897416449033615/persons.json
2026-05-13 18:12:34 [INFO ] [VisaRepository] Loaded 3 visas from /tmp/junit-14936897416449033615/visas.json
2026-05-13 18:12:34 [INFO ] [ShareCodeRepository] Loaded 5 share codes from /tmp/junit-14936897416449033615/share_codes.json
2026-05-13 18:12:34 [INFO ] [OrganisationRepository] Loaded 4 organisations from /tmp/junit-14936897416449033615/organisations.json
2026-05-13 18:12:34 [INFO ] [PersonRepository] Loaded 3 persons from /tmp/junit-14936897416449033615/persons.json
2026-05-13 18:12:34 [INFO ] [VisaRepository] Loaded 3 visas from /tmp/junit-14936897416449033615/visas.json
2026-05-13 18:12:34 [INFO ] [ShareCodeRepository] Loaded 5 share codes from /tmp/junit-14936897416449033615/share_codes.json
2026-05-13 18:12:34 [INFO ] [OrganisationRepository] Loaded 4 organisations from /tmp/junit-14936897416449033615/organisations.json
2026-05-13 18:12:34 [INFO ] [PersonRepository] Loaded 3 persons from /tmp/junit-8081085968169322867/persons.json
2026-05-13 18:12:34 [INFO ] [VisaRepository] Loaded 3 visas from /tmp/junit-8081085968169322867/visas.json
2026-05-13 18:12:34 [INFO ] [ShareCodeRepository] Loaded 5 share codes from /tmp/junit-8081085968169322867/share_codes.json
2026-05-13 18:12:34 [INFO ] [OrganisationRepository] Loaded 4 organisations from /tmp/junit-8081085968169322867/organisations.json
2026-05-13 18:12:34 [INFO ] [PersonRepository] Loaded 3 persons from /tmp/junit-8081085968169322867/persons.json
2026-05-13 18:12:34 [INFO ] [VisaRepository] Loaded 3 visas from /tmp/junit-8081085968169322867/visas.json
2026-05-13 18:12:34 [INFO ] [ShareCodeRepository] Loaded 5 share codes from /tmp/junit-8081085968169322867/share_codes.json
2026-05-13 18:12:34 [INFO ] [OrganisationRepository] Loaded 4 organisations from /tmp/junit-8081085968169322867/organisations.json
2026-05-13 18:12:34 [INFO ] [PersonRepository] Loaded 3 persons from /tmp/junit-4106305606987866562/persons.json
2026-05-13 18:12:34 [INFO ] [VisaRepository] Loaded 3 visas from /tmp/junit-4106305606987866562/visas.json
2026-05-13 18:12:34 [INFO ] [ShareCodeRepository] Loaded 5 share codes from /tmp/junit-4106305606987866562/share_codes.json
2026-05-13 18:12:34 [INFO ] [OrganisationRepository] Loaded 4 organisations from /tmp/junit-4106305606987866562/organisations.json
2026-05-13 18:12:34 [INFO ] [PersonRepository] Loaded 3 persons from /tmp/junit-4106305606987866562/persons.json
2026-05-13 18:12:34 [INFO ] [VisaRepository] Loaded 3 visas from /tmp/junit-4106305606987866562/visas.json
2026-05-13 18:12:34 [INFO ] [ShareCodeRepository] Loaded 5 share codes from /tmp/junit-4106305606987866562/share_codes.json
2026-05-13 18:12:34 [INFO ] [OrganisationRepository] Loaded 4 organisations from /tmp/junit-4106305606987866562/organisations.json
2026-05-13 18:12:34 [INFO ] [PersonRepository] Loaded 3 persons from /tmp/junit-1148066722754131398/persons.json
2026-05-13 18:12:34 [INFO ] [VisaRepository] Loaded 3 visas from /tmp/junit-1148066722754131398/visas.json
2026-05-13 18:12:34 [INFO ] [ShareCodeRepository] Loaded 5 share codes from /tmp/junit-1148066722754131398/share_codes.json
2026-05-13 18:12:34 [INFO ] [OrganisationRepository] Loaded 4 organisations from /tmp/junit-1148066722754131398/organisations.json
2026-05-13 18:12:34 [INFO ] [PersonRepository] Loaded 3 persons from /tmp/junit-1148066722754131398/persons.json
2026-05-13 18:12:34 [INFO ] [VisaRepository] Loaded 3 visas from /tmp/junit-1148066722754131398/visas.json
2026-05-13 18:12:34 [INFO ] [ShareCodeRepository] Loaded 5 share codes from /tmp/junit-1148066722754131398/share_codes.json
2026-05-13 18:12:34 [INFO ] [OrganisationRepository] Loaded 4 organisations from /tmp/junit-1148066722754131398/organisations.json
2026-05-13 18:12:34 [WARN ] [VerificationService] Confirmation refused by org=ORG005
2026-05-13 18:12:34 [INFO ] [PersonRepository] Loaded 3 persons from /tmp/junit-7606050099710496080/persons.json
2026-05-13 18:12:34 [INFO ] [VisaRepository] Loaded 3 visas from /tmp/junit-7606050099710496080/visas.json
2026-05-13 18:12:34 [INFO ] [ShareCodeRepository] Loaded 5 share codes from /tmp/junit-7606050099710496080/share_codes.json
2026-05-13 18:12:34 [INFO ] [OrganisationRepository] Loaded 4 organisations from /tmp/junit-7606050099710496080/organisations.json
2026-05-13 18:12:34 [INFO ] [PersonRepository] Loaded 3 persons from /tmp/junit-7606050099710496080/persons.json
2026-05-13 18:12:34 [INFO ] [VisaRepository] Loaded 3 visas from /tmp/junit-7606050099710496080/visas.json
2026-05-13 18:12:34 [INFO ] [ShareCodeRepository] Loaded 5 share codes from /tmp/junit-7606050099710496080/share_codes.json
2026-05-13 18:12:34 [INFO ] [OrganisationRepository] Loaded 4 organisations from /tmp/junit-7606050099710496080/organisations.json
2026-05-13 18:12:34 [WARN ] [VerificationService] Confirmation refused by org=ORG001
2026-05-13 18:12:34 [INFO ] [PersonRepository] Loaded 3 persons from /tmp/junit-13839014518374001631/persons.json
2026-05-13 18:12:34 [INFO ] [VisaRepository] Loaded 3 visas from /tmp/junit-13839014518374001631/visas.json
2026-05-13 18:12:34 [INFO ] [ShareCodeRepository] Loaded 5 share codes from /tmp/junit-13839014518374001631/share_codes.json
2026-05-13 18:12:34 [INFO ] [OrganisationRepository] Loaded 4 organisations from /tmp/junit-13839014518374001631/organisations.json
2026-05-13 18:12:34 [INFO ] [PersonRepository] Loaded 3 persons from /tmp/junit-13839014518374001631/persons.json
2026-05-13 18:12:34 [INFO ] [VisaRepository] Loaded 3 visas from /tmp/junit-13839014518374001631/visas.json
2026-05-13 18:12:34 [INFO ] [ShareCodeRepository] Loaded 5 share codes from /tmp/junit-13839014518374001631/share_codes.json
2026-05-13 18:12:34 [INFO ] [OrganisationRepository] Loaded 4 organisations from /tmp/junit-13839014518374001631/organisations.json
2026-05-13 18:12:34 [INFO ] [ShareCodeRepository] Loaded 0 share codes from /tmp/junit-500479029760848735/share_codes.json
2026-05-13 18:12:34 [INFO ] [ShareCodeRepository] Persisted new share code for person P003
2026-05-13 18:12:34 [INFO ] [ShareCodeService] Generated share code for person=P003**** purpose=ACCOMMODATION
2026-05-13 18:12:34 [INFO ] [ShareCodeRepository] Loaded 0 share codes from /tmp/junit-47094785391686942/share_codes.json
2026-05-13 18:12:34 [INFO ] [ShareCodeRepository] Persisted new share code for person P001
2026-05-13 18:12:34 [INFO ] [ShareCodeService] Generated share code for person=P001**** purpose=EMPLOYMENT
2026-05-13 18:12:34 [INFO ] [ShareCodeRepository] Loaded 0 share codes from /tmp/junit-686201740913198558/share_codes.json
2026-05-13 18:12:34 [INFO ] [ShareCodeRepository] Persisted new share code for person P002
2026-05-13 18:12:34 [INFO ] [ShareCodeService] Generated share code for person=P002**** purpose=EDUCATION
2026-05-13 18:12:34 [INFO ] [ShareCodeRepository] Loaded 0 share codes from /tmp/junit-4214143162961670218/share_codes.json
2026-05-13 18:12:34 [INFO ] [ShareCodeRepository] Persisted new share code for person P001
2026-05-13 18:12:34 [INFO ] [ShareCodeService] Generated share code for person=P001**** purpose=EMPLOYMENT
2026-05-13 18:12:34 [INFO ] [ShareCodeRepository] Loaded 0 share codes from /tmp/junit-17334619063672026200/share_codes.json
2026-05-13 18:12:34 [INFO ] [ShareCodeRepository] Persisted new share code for person P001
2026-05-13 18:12:34 [INFO ] [ShareCodeService] Generated share code for person=P001**** purpose=EMPLOYMENT
2026-05-13 18:12:34 [INFO ] [ShareCodeRepository] Loaded 0 share codes from /tmp/junit-10023265522402753485/share_codes.json
2026-05-13 18:12:34 [INFO ] [ShareCodeRepository] Persisted new share code for person P001
2026-05-13 18:12:34 [INFO ] [ShareCodeService] Generated share code for person=P001**** purpose=EMPLOYMENT
2026-05-13 18:12:34 [INFO ] [ShareCodeRepository] Persisted new share code for person P001
2026-05-13 18:12:34 [INFO ] [ShareCodeService] Generated share code for person=P001**** purpose=EMPLOYMENT
2026-05-13 18:12:34 [INFO ] [PersonRepository] Loaded 3 persons from /tmp/junit-9550649683166398467/persons.json
2026-05-13 18:12:34 [INFO ] [VisaRepository] Loaded 3 visas from /tmp/junit-9550649683166398467/visas.json
2026-05-13 18:12:34 [INFO ] [ShareCodeRepository] Loaded 5 share codes from /tmp/junit-9550649683166398467/share_codes.json
2026-05-13 18:12:34 [INFO ] [OrganisationRepository] Loaded 4 organisations from /tmp/junit-9550649683166398467/organisations.json
2026-05-13 18:12:34 [INFO ] [VerificationService] Share code verification requested by org=ORG001
2026-05-13 18:12:34 [WARN ] [VerificationService] Rejected SHARE_CODE_VERIFICATION reason=Share code has expired org=ORG001
2026-05-13 18:12:34 [INFO ] [PersonRepository] Loaded 3 persons from /tmp/junit-8190507938155224870/persons.json
2026-05-13 18:12:34 [INFO ] [VisaRepository] Loaded 3 visas from /tmp/junit-8190507938155224870/visas.json
2026-05-13 18:12:34 [INFO ] [ShareCodeRepository] Loaded 5 share codes from /tmp/junit-8190507938155224870/share_codes.json
2026-05-13 18:12:34 [INFO ] [OrganisationRepository] Loaded 4 organisations from /tmp/junit-8190507938155224870/organisations.json
2026-05-13 18:12:34 [INFO ] [VerificationService] Share code verification requested by org=ORG003
2026-05-13 18:12:34 [INFO ] [ShareCodeRepository] Updated share code DEF456YZ2, used=true
2026-05-13 18:12:34 [INFO ] [VerificationService] Share code verification outcome=Right to rent: true org=ORG003
2026-05-13 18:12:34 [INFO ] [PersonRepository] Loaded 3 persons from /tmp/junit-3877378503538847028/persons.json
2026-05-13 18:12:34 [INFO ] [VisaRepository] Loaded 3 visas from /tmp/junit-3877378503538847028/visas.json
2026-05-13 18:12:34 [INFO ] [ShareCodeRepository] Loaded 5 share codes from /tmp/junit-3877378503538847028/share_codes.json
2026-05-13 18:12:34 [INFO ] [OrganisationRepository] Loaded 4 organisations from /tmp/junit-3877378503538847028/organisations.json
2026-05-13 18:12:34 [INFO ] [VerificationService] Document verification requested by org=ORG005 docType=PASSPORT
2026-05-13 18:12:34 [INFO ] [VerificationService] Document verification outcome=Entry permitted: true, conditions: [] org=ORG005
2026-05-13 18:12:34 [INFO ] [PersonRepository] Loaded 3 persons from /tmp/junit-8563138066260542151/persons.json
2026-05-13 18:12:34 [INFO ] [VisaRepository] Loaded 3 visas from /tmp/junit-8563138066260542151/visas.json
2026-05-13 18:12:34 [INFO ] [ShareCodeRepository] Loaded 5 share codes from /tmp/junit-8563138066260542151/share_codes.json
2026-05-13 18:12:34 [INFO ] [OrganisationRepository] Loaded 4 organisations from /tmp/junit-8563138066260542151/organisations.json
2026-05-13 18:12:34 [INFO ] [VerificationService] Share code verification requested by org=ORG001
2026-05-13 18:12:34 [WARN ] [VerificationService] Rejected SHARE_CODE_VERIFICATION reason=Purpose 'ACCOMMODATION' is not permitted for role 'EMPLOYER' org=ORG001
2026-05-13 18:12:34 [INFO ] [PersonRepository] Loaded 3 persons from /tmp/junit-4908687509294954677/persons.json
2026-05-13 18:12:34 [INFO ] [VisaRepository] Loaded 3 visas from /tmp/junit-4908687509294954677/visas.json
2026-05-13 18:12:34 [INFO ] [ShareCodeRepository] Loaded 5 share codes from /tmp/junit-4908687509294954677/share_codes.json
2026-05-13 18:12:34 [INFO ] [OrganisationRepository] Loaded 4 organisations from /tmp/junit-4908687509294954677/organisations.json
2026-05-13 18:12:34 [INFO ] [VerificationService] Share code verification requested by org=ORG001
2026-05-13 18:12:34 [WARN ] [VerificationService] Rejected SHARE_CODE_VERIFICATION reason=Date of birth does not match org=ORG001
2026-05-13 18:12:34 [INFO ] [PersonRepository] Loaded 3 persons from /tmp/junit-1475500438266559096/persons.json
2026-05-13 18:12:34 [INFO ] [VisaRepository] Loaded 3 visas from /tmp/junit-1475500438266559096/visas.json
2026-05-13 18:12:34 [INFO ] [ShareCodeRepository] Loaded 5 share codes from /tmp/junit-1475500438266559096/share_codes.json
2026-05-13 18:12:34 [INFO ] [OrganisationRepository] Loaded 4 organisations from /tmp/junit-1475500438266559096/organisations.json
2026-05-13 18:12:34 [INFO ] [VerificationService] Share code verification requested by org=ORG001
2026-05-13 18:12:34 [INFO ] [ShareCodeRepository] Updated share code ABC123XY1, used=true
2026-05-13 18:12:34 [INFO ] [VerificationService] Share code verification outcome=Right to work: true, expires: 2027-06-30 org=ORG001
2026-05-13 18:12:34 [INFO ] [VerificationService] Share code verification requested by org=ORG001
2026-05-13 18:12:34 [WARN ] [VerificationService] Rejected SHARE_CODE_VERIFICATION reason=Share code has already been used org=ORG001
2026-05-13 18:12:34 [INFO ] [PersonRepository] Loaded 3 persons from /tmp/junit-1148767682756308309/persons.json
2026-05-13 18:12:34 [INFO ] [VisaRepository] Loaded 3 visas from /tmp/junit-1148767682756308309/visas.json
2026-05-13 18:12:34 [INFO ] [ShareCodeRepository] Loaded 5 share codes from /tmp/junit-1148767682756308309/share_codes.json
2026-05-13 18:12:34 [INFO ] [OrganisationRepository] Loaded 4 organisations from /tmp/junit-1148767682756308309/organisations.json
2026-05-13 18:12:34 [INFO ] [VerificationService] Share code verification requested by org=ORG001
2026-05-13 18:12:34 [INFO ] [ShareCodeRepository] Updated share code QRS678FG6, used=true
2026-05-13 18:12:34 [INFO ] [VerificationService] Share code verification outcome=Right to work: false, expires: 2026-10-25 org=ORG001
2026-05-13 18:12:34 [INFO ] [PersonRepository] Loaded 3 persons from /tmp/junit-13762213122275050291/persons.json
2026-05-13 18:12:34 [INFO ] [VisaRepository] Loaded 3 visas from /tmp/junit-13762213122275050291/visas.json
2026-05-13 18:12:34 [INFO ] [ShareCodeRepository] Loaded 5 share codes from /tmp/junit-13762213122275050291/share_codes.json
2026-05-13 18:12:34 [INFO ] [OrganisationRepository] Loaded 4 organisations from /tmp/junit-13762213122275050291/organisations.json
2026-05-13 18:12:34 [INFO ] [VerificationService] Share code verification requested by org=ORG003
2026-05-13 18:12:34 [WARN ] [VerificationService] Rejected SHARE_CODE_VERIFICATION reason=Share code has already been used org=ORG003
2026-05-13 18:12:34 [INFO ] [PersonRepository] Loaded 3 persons from /tmp/junit-4546168337078495812/persons.json
2026-05-13 18:12:34 [INFO ] [VisaRepository] Loaded 3 visas from /tmp/junit-4546168337078495812/visas.json
2026-05-13 18:12:34 [INFO ] [ShareCodeRepository] Loaded 5 share codes from /tmp/junit-4546168337078495812/share_codes.json
2026-05-13 18:12:34 [INFO ] [OrganisationRepository] Loaded 4 organisations from /tmp/junit-4546168337078495812/organisations.json
2026-05-13 18:12:34 [INFO ] [VerificationService] Document verification requested by org=ORG006 docType=PASSPORT
2026-05-13 18:12:34 [INFO ] [VerificationService] Document verification outcome=Visa type: WORK, valid: true, expires: 2027-06-30 org=ORG006
2026-05-13 18:12:34 [INFO ] [PersonRepository] Loaded 3 persons from /tmp/junit-17289177185689855103/persons.json
2026-05-13 18:12:34 [INFO ] [VisaRepository] Loaded 3 visas from /tmp/junit-17289177185689855103/visas.json
2026-05-13 18:12:34 [INFO ] [ShareCodeRepository] Loaded 5 share codes from /tmp/junit-17289177185689855103/share_codes.json
2026-05-13 18:12:34 [INFO ] [OrganisationRepository] Loaded 4 organisations from /tmp/junit-17289177185689855103/organisations.json
2026-05-13 18:12:34 [INFO ] [VerificationService] Share code verification requested by org=ORG001
2026-05-13 18:12:34 [INFO ] [ShareCodeRepository] Updated share code ABC123XY1, used=true
2026-05-13 18:12:34 [INFO ] [VerificationService] Share code verification outcome=Right to work: true, expires: 2027-06-30 org=ORG001
2026-05-13 18:12:34 [INFO ] [PersonRepository] Loaded 3 persons from /tmp/junit-1821939025839683080/persons.json
2026-05-13 18:12:34 [INFO ] [VisaRepository] Loaded 3 visas from /tmp/junit-1821939025839683080/visas.json
2026-05-13 18:12:34 [INFO ] [ShareCodeRepository] Loaded 5 share codes from /tmp/junit-1821939025839683080/share_codes.json
2026-05-13 18:12:34 [INFO ] [OrganisationRepository] Loaded 4 organisations from /tmp/junit-1821939025839683080/organisations.json
2026-05-13 18:12:34 [INFO ] [VerificationService] Share code verification requested by org=ORG001
2026-05-13 18:12:34 [WARN ] [VerificationService] Rejected SHARE_CODE_VERIFICATION reason=Share code must be 9 uppercase alphanumeric characters org=ORG001
2026-05-13 18:12:34 [INFO ] [PersonRepository] Loaded 3 persons from /tmp/junit-2157158987753353235/persons.json
2026-05-13 18:12:34 [INFO ] [VisaRepository] Loaded 3 visas from /tmp/junit-2157158987753353235/visas.json
2026-05-13 18:12:34 [INFO ] [ShareCodeRepository] Loaded 5 share codes from /tmp/junit-2157158987753353235/share_codes.json
2026-05-13 18:12:34 [INFO ] [OrganisationRepository] Loaded 4 organisations from /tmp/junit-2157158987753353235/organisations.json
2026-05-13 18:12:34 [INFO ] [VerificationService] Document verification requested by org=ORG005 docType=PASSPORT
2026-05-13 18:12:34 [WARN ] [VerificationService] Rejected DOCUMENT_VERIFICATION reason=Person not found for document org=ORG005
2026-05-13 18:12:34 [INFO ] [PersonRepository] Loaded 3 persons from /tmp/junit-8304657060627537711/persons.json
2026-05-13 18:12:34 [INFO ] [VisaRepository] Loaded 3 visas from /tmp/junit-8304657060627537711/visas.json
2026-05-13 18:12:34 [INFO ] [ShareCodeRepository] Loaded 5 share codes from /tmp/junit-8304657060627537711/share_codes.json
2026-05-13 18:12:34 [INFO ] [OrganisationRepository] Loaded 4 organisations from /tmp/junit-8304657060627537711/organisations.json
2026-05-13 18:12:34 [INFO ] [VerificationService] Document verification requested by org=ORG005 docType=PASSPORT
2026-05-13 18:12:34 [WARN ] [VerificationService] Rejected DOCUMENT_VERIFICATION reason=Passport number must be 9 uppercase alphanumeric characters org=ORG005
2026-05-13 18:12:34 [INFO ] [PersonRepository] Loaded 3 persons from /tmp/junit-3035357706754597159/persons.json
2026-05-13 18:12:34 [INFO ] [VisaRepository] Loaded 3 visas from /tmp/junit-3035357706754597159/visas.json
2026-05-13 18:12:34 [INFO ] [ShareCodeRepository] Loaded 5 share codes from /tmp/junit-3035357706754597159/share_codes.json
2026-05-13 18:12:34 [INFO ] [OrganisationRepository] Loaded 4 organisations from /tmp/junit-3035357706754597159/organisations.json
2026-05-13 18:12:34 [INFO ] [VerificationService] Document verification requested by org=ORG001 docType=PASSPORT
2026-05-13 18:12:34 [WARN ] [VerificationService] Rejected DOCUMENT_VERIFICATION reason=Organisation role 'EMPLOYER' is not authorised for the document route org=ORG001
2026-05-13 18:12:34 [INFO ] [PersonRepository] Loaded 3 persons from /tmp/junit-18390816902766904129/persons.json
2026-05-13 18:12:34 [INFO ] [VisaRepository] Loaded 3 visas from /tmp/junit-18390816902766904129/visas.json
2026-05-13 18:12:34 [INFO ] [ShareCodeRepository] Loaded 5 share codes from /tmp/junit-18390816902766904129/share_codes.json
2026-05-13 18:12:34 [INFO ] [OrganisationRepository] Loaded 4 organisations from /tmp/junit-18390816902766904129/organisations.json
2026-05-13 18:12:34 [INFO ] [VerificationService] Share code verification requested by org=ORG999
2026-05-13 18:12:34 [WARN ] [VerificationService] Rejected SHARE_CODE_VERIFICATION reason=Organisation not recognised org=ORG999
2026-05-13 18:12:34 [INFO ] [PersonRepository] Loaded 3 persons from /tmp/junit-5283980492108754900/persons.json
2026-05-13 18:12:34 [INFO ] [VisaRepository] Loaded 3 visas from /tmp/junit-5283980492108754900/visas.json
2026-05-13 18:12:34 [INFO ] [ShareCodeRepository] Loaded 5 share codes from /tmp/junit-5283980492108754900/share_codes.json
2026-05-13 18:12:34 [INFO ] [OrganisationRepository] Loaded 4 organisations from /tmp/junit-5283980492108754900/organisations.json
2026-05-13 18:12:34 [INFO ] [VerificationService] Share code verification requested by org=ORG005
2026-05-13 18:12:34 [WARN ] [VerificationService] Rejected SHARE_CODE_VERIFICATION reason=Organisation role 'BORDER_CONTROL' is not authorised for the share code route org=ORG005
2026-05-14 18:03:17 [INFO ] [ShareCodeRepository] Loaded 0 share codes from /tmp/junit-9379562030019128711/share_codes.json
2026-05-14 18:03:17 [INFO ] [ShareCodeRepository] Persisted new share code for person P003
2026-05-14 18:03:17 [INFO ] [ShareCodeService] Generated share code for person=P003**** purpose=ACCOMMODATION
2026-05-14 18:03:17 [INFO ] [ShareCodeRepository] Loaded 0 share codes from /tmp/junit-3722583356422525837/share_codes.json
2026-05-14 18:03:17 [INFO ] [ShareCodeRepository] Persisted new share code for person P001
2026-05-14 18:03:17 [INFO ] [ShareCodeService] Generated share code for person=P001**** purpose=EMPLOYMENT
2026-05-14 18:03:17 [INFO ] [ShareCodeRepository] Loaded 0 share codes from /tmp/junit-4260558137323102277/share_codes.json
2026-05-14 18:03:17 [INFO ] [ShareCodeRepository] Persisted new share code for person P001
2026-05-14 18:03:17 [INFO ] [ShareCodeService] Generated share code for person=P001**** purpose=EMPLOYMENT
2026-05-14 18:03:17 [INFO ] [ShareCodeRepository] Loaded 0 share codes from /tmp/junit-9882681208133256877/share_codes.json
2026-05-14 18:03:17 [INFO ] [ShareCodeRepository] Persisted new share code for person P001
2026-05-14 18:03:17 [INFO ] [ShareCodeService] Generated share code for person=P001**** purpose=EMPLOYMENT
2026-05-14 18:03:17 [INFO ] [ShareCodeRepository] Loaded 0 share codes from /tmp/junit-2043504143547584439/share_codes.json
2026-05-14 18:03:17 [INFO ] [ShareCodeRepository] Persisted new share code for person P001
2026-05-14 18:03:17 [INFO ] [ShareCodeService] Generated share code for person=P001**** purpose=EMPLOYMENT
2026-05-14 18:03:17 [INFO ] [ShareCodeRepository] Persisted new share code for person P001
2026-05-14 18:03:17 [INFO ] [ShareCodeService] Generated share code for person=P001**** purpose=EMPLOYMENT
2026-05-14 18:03:17 [INFO ] [PersonRepository] Loaded 3 persons from /tmp/junit-4526456042030619411/persons.json
2026-05-14 18:03:17 [INFO ] [VisaRepository] Loaded 3 visas from /tmp/junit-4526456042030619411/visas.json
2026-05-14 18:03:17 [INFO ] [ShareCodeRepository] Loaded 4 share codes from /tmp/junit-4526456042030619411/share_codes.json
2026-05-14 18:03:17 [INFO ] [OrganisationRepository] Loaded 4 organisations from /tmp/junit-4526456042030619411/organisations.json
2026-05-14 18:03:17 [INFO ] [VerificationService] Share code verification requested by org=ORG001
2026-05-14 18:03:17 [WARN ] [VerificationService] Rejected SHARE_CODE_VERIFICATION reason=Share code has expired org=ORG001
2026-05-14 18:03:17 [INFO ] [PersonRepository] Loaded 3 persons from /tmp/junit-10303594563543672432/persons.json
2026-05-14 18:03:17 [INFO ] [VisaRepository] Loaded 3 visas from /tmp/junit-10303594563543672432/visas.json
2026-05-14 18:03:17 [INFO ] [ShareCodeRepository] Loaded 4 share codes from /tmp/junit-10303594563543672432/share_codes.json
2026-05-14 18:03:17 [INFO ] [OrganisationRepository] Loaded 4 organisations from /tmp/junit-10303594563543672432/organisations.json
2026-05-14 18:03:17 [INFO ] [VerificationService] Share code verification requested by org=ORG003
2026-05-14 18:03:17 [INFO ] [VerificationService] Share code verification outcome=Right to rent: true org=ORG003
2026-05-14 18:03:17 [INFO ] [PersonRepository] Loaded 3 persons from /tmp/junit-8627980383024611600/persons.json
2026-05-14 18:03:17 [INFO ] [VisaRepository] Loaded 3 visas from /tmp/junit-8627980383024611600/visas.json
2026-05-14 18:03:17 [INFO ] [ShareCodeRepository] Loaded 4 share codes from /tmp/junit-8627980383024611600/share_codes.json
2026-05-14 18:03:17 [INFO ] [OrganisationRepository] Loaded 4 organisations from /tmp/junit-8627980383024611600/organisations.json
2026-05-14 18:03:17 [INFO ] [VerificationService] Document verification requested by org=ORG005 docType=PASSPORT
2026-05-14 18:03:17 [INFO ] [VerificationService] Document verification outcome=Entry permitted: true, conditions: [] org=ORG005
2026-05-14 18:03:17 [INFO ] [PersonRepository] Loaded 3 persons from /tmp/junit-237070747832054246/persons.json
2026-05-14 18:03:17 [INFO ] [VisaRepository] Loaded 3 visas from /tmp/junit-237070747832054246/visas.json
2026-05-14 18:03:17 [INFO ] [ShareCodeRepository] Loaded 4 share codes from /tmp/junit-237070747832054246/share_codes.json
2026-05-14 18:03:17 [INFO ] [OrganisationRepository] Loaded 4 organisations from /tmp/junit-237070747832054246/organisations.json
2026-05-14 18:03:17 [INFO ] [VerificationService] Share code verification requested by org=ORG001
2026-05-14 18:03:17 [WARN ] [VerificationService] Rejected SHARE_CODE_VERIFICATION reason=Purpose 'ACCOMMODATION' is not permitted for role 'EMPLOYER' org=ORG001
2026-05-14 18:03:17 [INFO ] [PersonRepository] Loaded 3 persons from /tmp/junit-14871268300149353174/persons.json
2026-05-14 18:03:17 [INFO ] [VisaRepository] Loaded 3 visas from /tmp/junit-14871268300149353174/visas.json
2026-05-14 18:03:17 [INFO ] [ShareCodeRepository] Loaded 4 share codes from /tmp/junit-14871268300149353174/share_codes.json
2026-05-14 18:03:17 [INFO ] [OrganisationRepository] Loaded 4 organisations from /tmp/junit-14871268300149353174/organisations.json
2026-05-14 18:03:17 [INFO ] [VerificationService] Share code verification requested by org=ORG001
2026-05-14 18:03:17 [WARN ] [VerificationService] Rejected SHARE_CODE_VERIFICATION reason=Date of birth does not match org=ORG001
2026-05-14 18:03:17 [INFO ] [PersonRepository] Loaded 3 persons from /tmp/junit-4399828500329672568/persons.json
2026-05-14 18:03:17 [INFO ] [VisaRepository] Loaded 3 visas from /tmp/junit-4399828500329672568/visas.json
2026-05-14 18:03:17 [INFO ] [ShareCodeRepository] Loaded 4 share codes from /tmp/junit-4399828500329672568/share_codes.json
2026-05-14 18:03:17 [INFO ] [OrganisationRepository] Loaded 4 organisations from /tmp/junit-4399828500329672568/organisations.json
2026-05-14 18:03:17 [INFO ] [VerificationService] Share code verification requested by org=ORG001
2026-05-14 18:03:17 [INFO ] [VerificationService] Share code verification outcome=Right to work: false, expires: 2026-10-25 org=ORG001
2026-05-14 18:03:17 [INFO ] [PersonRepository] Loaded 3 persons from /tmp/junit-9514939316247180216/persons.json
2026-05-14 18:03:17 [INFO ] [VisaRepository] Loaded 3 visas from /tmp/junit-9514939316247180216/visas.json
2026-05-14 18:03:17 [INFO ] [ShareCodeRepository] Loaded 4 share codes from /tmp/junit-9514939316247180216/share_codes.json
2026-05-14 18:03:17 [INFO ] [OrganisationRepository] Loaded 4 organisations from /tmp/junit-9514939316247180216/organisations.json
2026-05-14 18:03:17 [INFO ] [VerificationService] Document verification requested by org=ORG006 docType=PASSPORT
2026-05-14 18:03:17 [INFO ] [VerificationService] Document verification outcome=Visa type: WORK, valid: true, expires: 2027-06-30 org=ORG006
2026-05-14 18:03:17 [INFO ] [PersonRepository] Loaded 3 persons from /tmp/junit-3513811776207605830/persons.json
2026-05-14 18:03:17 [INFO ] [VisaRepository] Loaded 3 visas from /tmp/junit-3513811776207605830/visas.json
2026-05-14 18:03:17 [INFO ] [ShareCodeRepository] Loaded 4 share codes from /tmp/junit-3513811776207605830/share_codes.json
2026-05-14 18:03:17 [INFO ] [OrganisationRepository] Loaded 4 organisations from /tmp/junit-3513811776207605830/organisations.json
2026-05-14 18:03:17 [INFO ] [VerificationService] Share code verification requested by org=ORG001
2026-05-14 18:03:17 [INFO ] [VerificationService] Share code verification outcome=Right to work: true, expires: 2027-06-30 org=ORG001
2026-05-14 18:03:17 [INFO ] [PersonRepository] Loaded 3 persons from /tmp/junit-8648506926692492723/persons.json
2026-05-14 18:03:17 [INFO ] [VisaRepository] Loaded 3 visas from /tmp/junit-8648506926692492723/visas.json
2026-05-14 18:03:17 [INFO ] [ShareCodeRepository] Loaded 4 share codes from /tmp/junit-8648506926692492723/share_codes.json
2026-05-14 18:03:17 [INFO ] [OrganisationRepository] Loaded 4 organisations from /tmp/junit-8648506926692492723/organisations.json
2026-05-14 18:03:17 [INFO ] [VerificationService] Share code verification requested by org=ORG001
2026-05-14 18:03:17 [WARN ] [VerificationService] Rejected SHARE_CODE_VERIFICATION reason=Share code must be 9 uppercase alphanumeric characters org=ORG001
2026-05-14 18:03:17 [INFO ] [PersonRepository] Loaded 3 persons from /tmp/junit-15114878213705908040/persons.json
2026-05-14 18:03:17 [INFO ] [VisaRepository] Loaded 3 visas from /tmp/junit-15114878213705908040/visas.json
2026-05-14 18:03:17 [INFO ] [ShareCodeRepository] Loaded 4 share codes from /tmp/junit-15114878213705908040/share_codes.json
2026-05-14 18:03:17 [INFO ] [OrganisationRepository] Loaded 4 organisations from /tmp/junit-15114878213705908040/organisations.json
2026-05-14 18:03:17 [INFO ] [VerificationService] Document verification requested by org=ORG005 docType=PASSPORT
2026-05-14 18:03:17 [WARN ] [VerificationService] Rejected DOCUMENT_VERIFICATION reason=Person not found for document org=ORG005
2026-05-14 18:03:17 [INFO ] [PersonRepository] Loaded 3 persons from /tmp/junit-12582847399808146583/persons.json
2026-05-14 18:03:17 [INFO ] [VisaRepository] Loaded 3 visas from /tmp/junit-12582847399808146583/visas.json
2026-05-14 18:03:17 [INFO ] [ShareCodeRepository] Loaded 4 share codes from /tmp/junit-12582847399808146583/share_codes.json
2026-05-14 18:03:17 [INFO ] [OrganisationRepository] Loaded 4 organisations from /tmp/junit-12582847399808146583/organisations.json
2026-05-14 18:03:17 [INFO ] [VerificationService] Document verification requested by org=ORG005 docType=PASSPORT
2026-05-14 18:03:17 [WARN ] [VerificationService] Rejected DOCUMENT_VERIFICATION reason=Passport number must be 9 uppercase alphanumeric characters org=ORG005
2026-05-14 18:03:17 [INFO ] [PersonRepository] Loaded 3 persons from /tmp/junit-14612369126251071470/persons.json
2026-05-14 18:03:17 [INFO ] [VisaRepository] Loaded 3 visas from /tmp/junit-14612369126251071470/visas.json
2026-05-14 18:03:17 [INFO ] [ShareCodeRepository] Loaded 4 share codes from /tmp/junit-14612369126251071470/share_codes.json
2026-05-14 18:03:17 [INFO ] [OrganisationRepository] Loaded 4 organisations from /tmp/junit-14612369126251071470/organisations.json
2026-05-14 18:03:17 [INFO ] [VerificationService] Document verification requested by org=ORG001 docType=PASSPORT
2026-05-14 18:03:17 [WARN ] [VerificationService] Rejected DOCUMENT_VERIFICATION reason=Organisation role 'EMPLOYER' is not authorised for the document route org=ORG001
2026-05-14 18:03:17 [INFO ] [PersonRepository] Loaded 3 persons from /tmp/junit-8546620401819686625/persons.json
2026-05-14 18:03:17 [INFO ] [VisaRepository] Loaded 3 visas from /tmp/junit-8546620401819686625/visas.json
2026-05-14 18:03:17 [INFO ] [ShareCodeRepository] Loaded 4 share codes from /tmp/junit-8546620401819686625/share_codes.json
2026-05-14 18:03:17 [INFO ] [OrganisationRepository] Loaded 4 organisations from /tmp/junit-8546620401819686625/organisations.json
2026-05-14 18:03:17 [INFO ] [VerificationService] Share code verification requested by org=ORG999
2026-05-14 18:03:17 [WARN ] [VerificationService] Rejected SHARE_CODE_VERIFICATION reason=Organisation not recognised org=ORG999
2026-05-14 18:03:17 [INFO ] [PersonRepository] Loaded 3 persons from /tmp/junit-1752702629711586588/persons.json
2026-05-14 18:03:17 [INFO ] [VisaRepository] Loaded 3 visas from /tmp/junit-1752702629711586588/visas.json
2026-05-14 18:03:17 [INFO ] [ShareCodeRepository] Loaded 4 share codes from /tmp/junit-1752702629711586588/share_codes.json
2026-05-14 18:03:17 [INFO ] [OrganisationRepository] Loaded 4 organisations from /tmp/junit-1752702629711586588/organisations.json
2026-05-14 18:03:17 [INFO ] [VerificationService] Share code verification requested by org=ORG005
2026-05-14 18:03:17 [WARN ] [VerificationService] Rejected SHARE_CODE_VERIFICATION reason=Organisation role 'BORDER_CONTROL' is not authorised for the share code route org=ORG005
2026-05-14 18:03:17 [INFO ] [PersonRepository] Loaded 3 persons from /tmp/junit-7483204474357951762/persons.json
2026-05-14 18:03:17 [INFO ] [VisaRepository] Loaded 3 visas from /tmp/junit-7483204474357951762/visas.json
2026-05-14 18:03:17 [INFO ] [ShareCodeRepository] Loaded 4 share codes from /tmp/junit-7483204474357951762/share_codes.json
2026-05-14 18:03:17 [INFO ] [OrganisationRepository] Loaded 4 organisations from /tmp/junit-7483204474357951762/organisations.json
2026-05-14 18:03:17 [INFO ] [VerificationService] Share code verification requested by org=ORG001
2026-05-14 18:03:17 [INFO ] [VerificationService] Share code verification outcome=Right to work: true, expires: 2027-06-30 org=ORG001
2026-05-14 18:03:17 [INFO ] [VerificationService] Share code verification requested by org=ORG001
2026-05-14 18:03:17 [INFO ] [VerificationService] Share code verification outcome=Right to work: true, expires: 2027-06-30 org=ORG001
2026-05-14 18:04:08 [INFO ] [PersonRepository] Loaded 3 persons from /tmp/junit-10306927700231713957/persons.json
2026-05-14 18:04:08 [INFO ] [VisaRepository] Loaded 3 visas from /tmp/junit-10306927700231713957/visas.json
2026-05-14 18:04:08 [INFO ] [ShareCodeRepository] Loaded 4 share codes from /tmp/junit-10306927700231713957/share_codes.json
2026-05-14 18:04:08 [INFO ] [OrganisationRepository] Loaded 4 organisations from /tmp/junit-10306927700231713957/organisations.json
2026-05-14 18:04:09 [INFO ] [Javalin] Starting Javalin ...
2026-05-14 18:04:09 [INFO ] [Server] jetty-11.0.24; built: 2024-08-26T18:11:22.448Z; git: 5dfc59a691b748796f922208956bd1f2794bcd16; jvm 25.0.2+10-69
2026-05-14 18:04:09 [INFO ] [DefaultSessionIdManager] Session workerName=node0
2026-05-14 18:04:09 [INFO ] [ContextHandler] Started o.e.j.s.ServletContextHandler@2b9b7f1f{/,null,AVAILABLE}
2026-05-14 18:04:09 [INFO ] [AbstractConnector] Started ServerConnector@1adb7478{HTTP/1.1, (http/1.1)}{0.0.0.0:43821}
2026-05-14 18:04:09 [INFO ] [Server] Started Server@452c8a40{STARTING}[11.0.24,sto=0] @1943ms
2026-05-14 18:04:09 [INFO ] [Javalin] 
       __                  ___           _____
      / /___ __   ______ _/ (_)___      / ___/
 __  / / __ `/ | / / __ `/ / / __ \    / __ \
/ /_/ / /_/ /| |/ / /_/ / / / / / /   / /_/ /
\____/\__,_/ |___/\__,_/_/_/_/ /_/    \____/

       https://javalin.io/documentation

2026-05-14 18:04:09 [INFO ] [Javalin] Javalin started in 244ms \o/
2026-05-14 18:04:09 [INFO ] [Javalin] Listening on http://localhost:43821/
2026-05-14 18:04:09 [INFO ] [Javalin] You are running Javalin 6.4.0 (released December 17, 2024. Your Javalin version is 512 days old. Consider checking for a newer version.).
2026-05-14 18:04:09 [INFO ] [ApiServer] API server started on port 43821
2026-05-14 18:04:09 [INFO ] [ShareCodeRepository] Persisted new share code for person P001
2026-05-14 18:04:09 [INFO ] [ShareCodeService] Generated share code for person=P001**** purpose=EMPLOYMENT
2026-05-14 18:04:09 [INFO ] [VerificationService] Share code verification requested by org=ORG001
2026-05-14 18:04:09 [INFO ] [VerificationService] Share code verification outcome=Right to work: true, expires: 2027-06-30 org=ORG001
2026-05-14 18:04:10 [INFO ] [VerificationService] Share code verification requested by org=ORG001
2026-05-14 18:04:10 [INFO ] [VerificationService] Share code verification outcome=Right to work: true, expires: 2027-06-30 org=ORG001
2026-05-14 18:04:10 [INFO ] [ShareCodeRepository] Persisted new share code for person P001
2026-05-14 18:04:10 [INFO ] [ShareCodeService] Generated share code for person=P001**** purpose=EMPLOYMENT
2026-05-14 18:04:10 [INFO ] [VerificationService] Share code verification requested by org=ORG001
2026-05-14 18:04:10 [INFO ] [VerificationService] Share code verification outcome=Right to work: true, expires: 2027-06-30 org=ORG001
2026-05-14 18:04:10 [INFO ] [ShareCodeRepository] Persisted new share code for person P001
2026-05-14 18:04:10 [INFO ] [ShareCodeService] Generated share code for person=P001**** purpose=EMPLOYMENT
2026-05-14 18:04:10 [INFO ] [VerificationService] Share code verification requested by org=ORG001
2026-05-14 18:04:10 [INFO ] [VerificationService] Share code verification outcome=Right to work: true, expires: 2027-06-30 org=ORG001
2026-05-14 18:04:10 [INFO ] [VerificationService] Share code verification requested by org=ORG001
2026-05-14 18:04:10 [INFO ] [VerificationService] Share code verification outcome=Right to work: true, expires: 2027-06-30 org=ORG001
2026-05-14 18:04:10 [INFO ] [Javalin] Stopping Javalin ...
2026-05-14 18:04:10 [INFO ] [Server] Stopped Server@452c8a40{STOPPING}[11.0.24,sto=0]
2026-05-14 18:04:10 [INFO ] [AbstractConnector] Stopped ServerConnector@1adb7478{HTTP/1.1, (http/1.1)}{0.0.0.0:0}
2026-05-14 18:04:10 [INFO ] [ContextHandler] Stopped o.e.j.s.ServletContextHandler@2b9b7f1f{/,null,STOPPED}
2026-05-14 18:04:10 [INFO ] [Javalin] Javalin has stopped
2026-05-14 18:04:10 [INFO ] [PersonRepository] Loaded 3 persons from /tmp/junit-12797292684041055818/persons.json
2026-05-14 18:04:10 [INFO ] [VisaRepository] Loaded 3 visas from /tmp/junit-12797292684041055818/visas.json
2026-05-14 18:04:10 [INFO ] [ShareCodeRepository] Loaded 4 share codes from /tmp/junit-12797292684041055818/share_codes.json
2026-05-14 18:04:10 [INFO ] [OrganisationRepository] Loaded 4 organisations from /tmp/junit-12797292684041055818/organisations.json
2026-05-14 18:04:10 [INFO ] [Javalin] Starting Javalin ...
2026-05-14 18:04:10 [INFO ] [Server] jetty-11.0.24; built: 2024-08-26T18:11:22.448Z; git: 5dfc59a691b748796f922208956bd1f2794bcd16; jvm 25.0.2+10-69
2026-05-14 18:04:10 [INFO ] [DefaultSessionIdManager] Session workerName=node0
2026-05-14 18:04:10 [INFO ] [ContextHandler] Started o.e.j.s.ServletContextHandler@23f72d88{/,null,AVAILABLE}
2026-05-14 18:04:10 [INFO ] [AbstractConnector] Started ServerConnector@7fd69dd{HTTP/1.1, (http/1.1)}{0.0.0.0:33097}
2026-05-14 18:04:10 [INFO ] [Server] Started Server@7c84195{STARTING}[11.0.24,sto=0] @2606ms
2026-05-14 18:04:10 [INFO ] [Javalin] 
       __                  ___           _____
      / /___ __   ______ _/ (_)___      / ___/
 __  / / __ `/ | / / __ `/ / / __ \    / __ \
/ /_/ / /_/ /| |/ / /_/ / / / / / /   / /_/ /
\____/\__,_/ |___/\__,_/_/_/_/ /_/    \____/

       https://javalin.io/documentation

2026-05-14 18:04:10 [INFO ] [Javalin] Javalin started in 6ms \o/
2026-05-14 18:04:10 [INFO ] [Javalin] Listening on http://localhost:33097/
2026-05-14 18:04:10 [INFO ] [Javalin] You are running Javalin 6.4.0 (released December 17, 2024. Your Javalin version is 512 days old. Consider checking for a newer version.).
2026-05-14 18:04:10 [INFO ] [ApiServer] API server started on port 33097
2026-05-14 18:04:10 [WARN ] [VerificationService] Confirmation refused by org=ORG005
2026-05-14 18:04:10 [INFO ] [VerificationService] Document verification requested by org=ORG001 docType=PASSPORT
2026-05-14 18:04:10 [WARN ] [VerificationService] Rejected DOCUMENT_VERIFICATION reason=Organisation role 'EMPLOYER' is not authorised for the document route org=ORG001
2026-05-14 18:04:10 [INFO ] [VerificationService] Document verification requested by org=ORG005 docType=PASSPORT
2026-05-14 18:04:10 [INFO ] [VerificationService] Document verification outcome=Entry permitted: true, conditions: [] org=ORG005
2026-05-14 18:04:10 [INFO ] [VerificationService] Document verification requested by org=ORG006 docType=PASSPORT
2026-05-14 18:04:10 [INFO ] [VerificationService] Document verification outcome=Visa type: WORK, valid: true, expires: 2027-06-30 org=ORG006
2026-05-14 18:04:10 [INFO ] [VerificationService] Document verification requested by org=ORG005 docType=PASSPORT
2026-05-14 18:04:10 [WARN ] [VerificationService] Rejected DOCUMENT_VERIFICATION reason=Person not found for document org=ORG005
2026-05-14 18:04:10 [INFO ] [VerificationService] Document verification requested by org=ORG006 docType=PASSPORT
2026-05-14 18:04:10 [INFO ] [VerificationService] Document verification outcome=Visa type: WORK, valid: true, expires: 2027-06-30 org=ORG006
2026-05-14 18:04:10 [INFO ] [VerificationService] Document verification requested by org=ORG005 docType=PASSPORT
2026-05-14 18:04:10 [INFO ] [VerificationService] Document verification outcome=Entry permitted: true, conditions: [] org=ORG005
2026-05-14 18:04:10 [INFO ] [VerificationService] Document verification requested by org=ORG005 docType=PASSPORT
2026-05-14 18:04:10 [INFO ] [VerificationService] Document verification outcome=Entry permitted: true, conditions: [] org=ORG005
2026-05-14 18:04:10 [WARN ] [VerificationService] Confirmation refused by org=ORG005
2026-05-14 18:04:10 [INFO ] [Javalin] Stopping Javalin ...
2026-05-14 18:04:10 [INFO ] [Server] Stopped Server@7c84195{STOPPING}[11.0.24,sto=0]
2026-05-14 18:04:10 [INFO ] [AbstractConnector] Stopped ServerConnector@7fd69dd{HTTP/1.1, (http/1.1)}{0.0.0.0:0}
2026-05-14 18:04:10 [INFO ] [ContextHandler] Stopped o.e.j.s.ServletContextHandler@23f72d88{/,null,STOPPED}
2026-05-14 18:04:10 [INFO ] [Javalin] Javalin has stopped
2026-05-14 18:04:10 [INFO ] [PersonRepository] Loaded 3 persons from /tmp/junit-562045247655966307/persons.json
2026-05-14 18:04:10 [INFO ] [VisaRepository] Loaded 3 visas from /tmp/junit-562045247655966307/visas.json
2026-05-14 18:04:10 [INFO ] [ShareCodeRepository] Loaded 4 share codes from /tmp/junit-562045247655966307/share_codes.json
2026-05-14 18:04:10 [INFO ] [OrganisationRepository] Loaded 4 organisations from /tmp/junit-562045247655966307/organisations.json
2026-05-14 18:04:10 [INFO ] [Javalin] Starting Javalin ...
2026-05-14 18:04:10 [INFO ] [Server] jetty-11.0.24; built: 2024-08-26T18:11:22.448Z; git: 5dfc59a691b748796f922208956bd1f2794bcd16; jvm 25.0.2+10-69
2026-05-14 18:04:10 [INFO ] [DefaultSessionIdManager] Session workerName=node0
2026-05-14 18:04:10 [INFO ] [ContextHandler] Started o.e.j.s.ServletContextHandler@19b047fe{/,null,AVAILABLE}
2026-05-14 18:04:10 [INFO ] [AbstractConnector] Started ServerConnector@69e05f61{HTTP/1.1, (http/1.1)}{0.0.0.0:41667}
2026-05-14 18:04:10 [INFO ] [Server] Started Server@730e5763{STARTING}[11.0.24,sto=0] @2724ms
2026-05-14 18:04:10 [INFO ] [Javalin] 
       __                  ___           _____
      / /___ __   ______ _/ (_)___      / ___/
 __  / / __ `/ | / / __ `/ / / __ \    / __ \
/ /_/ / /_/ /| |/ / /_/ / / / / / /   / /_/ /
\____/\__,_/ |___/\__,_/_/_/_/ /_/    \____/

       https://javalin.io/documentation

2026-05-14 18:04:10 [INFO ] [Javalin] Javalin started in 6ms \o/
2026-05-14 18:04:10 [INFO ] [Javalin] Listening on http://localhost:41667/
2026-05-14 18:04:10 [INFO ] [Javalin] You are running Javalin 6.4.0 (released December 17, 2024. Your Javalin version is 512 days old. Consider checking for a newer version.).
2026-05-14 18:04:10 [INFO ] [ApiServer] API server started on port 41667
2026-05-14 18:04:10 [INFO ] [Javalin] Stopping Javalin ...
2026-05-14 18:04:10 [INFO ] [Server] Stopped Server@730e5763{STOPPING}[11.0.24,sto=0]
2026-05-14 18:04:10 [INFO ] [AbstractConnector] Stopped ServerConnector@69e05f61{HTTP/1.1, (http/1.1)}{0.0.0.0:0}
2026-05-14 18:04:10 [INFO ] [ContextHandler] Stopped o.e.j.s.ServletContextHandler@19b047fe{/,null,STOPPED}
2026-05-14 18:04:10 [INFO ] [Javalin] Javalin has stopped
2026-05-14 18:04:10 [INFO ] [PersonRepository] Loaded 3 persons from /tmp/junit-13625066830957730210/persons.json
2026-05-14 18:04:10 [INFO ] [VisaRepository] Loaded 3 visas from /tmp/junit-13625066830957730210/visas.json
2026-05-14 18:04:10 [INFO ] [ShareCodeRepository] Loaded 4 share codes from /tmp/junit-13625066830957730210/share_codes.json
2026-05-14 18:04:10 [INFO ] [OrganisationRepository] Loaded 4 organisations from /tmp/junit-13625066830957730210/organisations.json
2026-05-14 18:04:10 [INFO ] [Javalin] Starting Javalin ...
2026-05-14 18:04:10 [INFO ] [Server] jetty-11.0.24; built: 2024-08-26T18:11:22.448Z; git: 5dfc59a691b748796f922208956bd1f2794bcd16; jvm 25.0.2+10-69
2026-05-14 18:04:10 [INFO ] [DefaultSessionIdManager] Session workerName=node0
2026-05-14 18:04:10 [INFO ] [ContextHandler] Started o.e.j.s.ServletContextHandler@e48bf9a{/,null,AVAILABLE}
2026-05-14 18:04:10 [INFO ] [AbstractConnector] Started ServerConnector@36b310aa{HTTP/1.1, (http/1.1)}{0.0.0.0:41819}
2026-05-14 18:04:10 [INFO ] [Server] Started Server@3874b815{STARTING}[11.0.24,sto=0] @2781ms
2026-05-14 18:04:10 [INFO ] [Javalin] 
       __                  ___           _____
      / /___ __   ______ _/ (_)___      / ___/
 __  / / __ `/ | / / __ `/ / / __ \    / __ \
/ /_/ / /_/ /| |/ / /_/ / / / / / /   / /_/ /
\____/\__,_/ |___/\__,_/_/_/_/ /_/    \____/

       https://javalin.io/documentation

2026-05-14 18:04:10 [INFO ] [Javalin] Javalin started in 6ms \o/
2026-05-14 18:04:10 [INFO ] [Javalin] Listening on http://localhost:41819/
2026-05-14 18:04:10 [INFO ] [Javalin] You are running Javalin 6.4.0 (released December 17, 2024. Your Javalin version is 512 days old. Consider checking for a newer version.).
2026-05-14 18:04:10 [INFO ] [ApiServer] API server started on port 41819
2026-05-14 18:04:10 [WARN ] [VerificationService] Confirmation refused by org=ORG001
2026-05-14 18:04:10 [INFO ] [VerificationService] Share code verification requested by org=ORG001
2026-05-14 18:04:10 [INFO ] [VerificationService] Share code verification outcome=Right to work: true, expires: 2027-06-30 org=ORG001
2026-05-14 18:04:10 [INFO ] [VerificationService] Share code verification requested by org=ORG001
2026-05-14 18:04:10 [WARN ] [VerificationService] Rejected SHARE_CODE_VERIFICATION reason=Purpose 'ACCOMMODATION' is not permitted for role 'EMPLOYER' org=ORG001
2026-05-14 18:04:10 [WARN ] [VerificationService] Confirmation refused by org=ORG001
2026-05-14 18:04:10 [INFO ] [VerificationService] Share code verification requested by org=ORG001
2026-05-14 18:04:10 [INFO ] [VerificationService] Share code verification outcome=Right to work: true, expires: 2027-06-30 org=ORG001
2026-05-14 18:04:10 [INFO ] [VerificationService] Share code verification requested by org=ORG001
2026-05-14 18:04:10 [WARN ] [VerificationService] Rejected SHARE_CODE_VERIFICATION reason=Date of birth does not match org=ORG001
2026-05-14 18:04:10 [INFO ] [VerificationService] Share code verification requested by org=ORG001
2026-05-14 18:04:10 [INFO ] [VerificationService] Share code verification outcome=Right to work: true, expires: 2027-06-30 org=ORG001
2026-05-14 18:04:10 [INFO ] [VerificationService] Share code verification requested by org=ORG001
2026-05-14 18:04:10 [INFO ] [VerificationService] Share code verification outcome=Right to work: true, expires: 2027-06-30 org=ORG001
2026-05-14 18:04:10 [INFO ] [VerificationService] Share code verification requested by org=ORG003
2026-05-14 18:04:10 [INFO ] [VerificationService] Share code verification outcome=Right to rent: true org=ORG003
2026-05-14 18:04:10 [INFO ] [VerificationService] Share code verification requested by org=ORG001
2026-05-14 18:04:10 [INFO ] [VerificationService] Share code verification outcome=Right to work: true, expires: 2027-06-30 org=ORG001
2026-05-14 18:04:10 [WARN ] [VerificationService] Confirmation refused by org=ORG001
2026-05-14 18:04:10 [INFO ] [VerificationService] Share code verification requested by org=ORG001
2026-05-14 18:04:10 [INFO ] [VerificationService] Share code verification outcome=Right to work: false, expires: 2026-10-25 org=ORG001
2026-05-14 18:04:10 [INFO ] [VerificationService] Share code verification requested by org=ORG001
2026-05-14 18:04:10 [WARN ] [VerificationService] Rejected SHARE_CODE_VERIFICATION reason=Share code has expired org=ORG001
2026-05-14 18:04:10 [WARN ] [VerificationService] Confirmation refused by org=ORG001
2026-05-14 18:04:10 [INFO ] [Javalin] Stopping Javalin ...
2026-05-14 18:04:10 [INFO ] [Server] Stopped Server@3874b815{STOPPING}[11.0.24,sto=0]
2026-05-14 18:04:10 [INFO ] [AbstractConnector] Stopped ServerConnector@36b310aa{HTTP/1.1, (http/1.1)}{0.0.0.0:0}
2026-05-14 18:04:10 [INFO ] [ContextHandler] Stopped o.e.j.s.ServletContextHandler@e48bf9a{/,null,STOPPED}
2026-05-14 18:04:10 [INFO ] [Javalin] Javalin has stopped
2026-05-14 18:04:10 [INFO ] [PersonRepository] Loaded 3 persons from /tmp/junit-15212714778951614924/persons.json
2026-05-14 18:04:10 [INFO ] [VisaRepository] Loaded 3 visas from /tmp/junit-15212714778951614924/visas.json
2026-05-14 18:04:10 [INFO ] [ShareCodeRepository] Loaded 4 share codes from /tmp/junit-15212714778951614924/share_codes.json
2026-05-14 18:04:10 [INFO ] [OrganisationRepository] Loaded 4 organisations from /tmp/junit-15212714778951614924/organisations.json
2026-05-14 18:04:10 [INFO ] [Javalin] Starting Javalin ...
2026-05-14 18:04:10 [INFO ] [Server] jetty-11.0.24; built: 2024-08-26T18:11:22.448Z; git: 5dfc59a691b748796f922208956bd1f2794bcd16; jvm 25.0.2+10-69
2026-05-14 18:04:10 [INFO ] [DefaultSessionIdManager] Session workerName=node0
2026-05-14 18:04:10 [INFO ] [ContextHandler] Started o.e.j.s.ServletContextHandler@1bf39d06{/,null,AVAILABLE}
2026-05-14 18:04:10 [INFO ] [AbstractConnector] Started ServerConnector@aaee2a2{HTTP/1.1, (http/1.1)}{0.0.0.0:41113}
2026-05-14 18:04:10 [INFO ] [Server] Started Server@4aaae508{STARTING}[11.0.24,sto=0] @2914ms
2026-05-14 18:04:10 [INFO ] [Javalin] 
       __                  ___           _____
      / /___ __   ______ _/ (_)___      / ___/
 __  / / __ `/ | / / __ `/ / / __ \    / __ \
/ /_/ / /_/ /| |/ / /_/ / / / / / /   / /_/ /
\____/\__,_/ |___/\__,_/_/_/_/ /_/    \____/

       https://javalin.io/documentation

2026-05-14 18:04:10 [INFO ] [Javalin] Javalin started in 7ms \o/
2026-05-14 18:04:10 [INFO ] [Javalin] Listening on http://localhost:41113/
2026-05-14 18:04:10 [INFO ] [Javalin] You are running Javalin 6.4.0 (released December 17, 2024. Your Javalin version is 512 days old. Consider checking for a newer version.).
2026-05-14 18:04:10 [INFO ] [ApiServer] API server started on port 41113
2026-05-14 18:04:10 [INFO ] [ShareCodeRepository] Persisted new share code for person P001
2026-05-14 18:04:10 [INFO ] [ShareCodeService] Generated share code for person=P001**** purpose=EMPLOYMENT
2026-05-14 18:04:10 [INFO ] [ShareCodeRepository] Persisted new share code for person P001
2026-05-14 18:04:10 [INFO ] [ShareCodeService] Generated share code for person=P001**** purpose=EMPLOYMENT
2026-05-14 18:04:10 [INFO ] [ShareCodeRepository] Persisted new share code for person P001
2026-05-14 18:04:10 [INFO ] [ShareCodeService] Generated share code for person=P001**** purpose=EMPLOYMENT
2026-05-14 18:04:10 [INFO ] [ShareCodeRepository] Persisted new share code for person P001
2026-05-14 18:04:10 [INFO ] [ShareCodeService] Generated share code for person=P001**** purpose=EMPLOYMENT
2026-05-14 18:04:10 [INFO ] [ShareCodeRepository] Persisted new share code for person P001
2026-05-14 18:04:10 [INFO ] [ShareCodeService] Generated share code for person=P001**** purpose=EMPLOYMENT
2026-05-14 18:04:10 [INFO ] [ShareCodeRepository] Persisted new share code for person P001
2026-05-14 18:04:10 [INFO ] [ShareCodeService] Generated share code for person=P001**** purpose=EMPLOYMENT
2026-05-14 18:04:10 [INFO ] [ShareCodeRepository] Persisted new share code for person P001
2026-05-14 18:04:10 [INFO ] [ShareCodeService] Generated share code for person=P001**** purpose=EMPLOYMENT
2026-05-14 18:04:10 [INFO ] [Javalin] Stopping Javalin ...
2026-05-14 18:04:10 [INFO ] [Server] Stopped Server@4aaae508{STOPPING}[11.0.24,sto=0]
2026-05-14 18:04:10 [INFO ] [AbstractConnector] Stopped ServerConnector@aaee2a2{HTTP/1.1, (http/1.1)}{0.0.0.0:0}
2026-05-14 18:04:10 [INFO ] [ContextHandler] Stopped o.e.j.s.ServletContextHandler@1bf39d06{/,null,STOPPED}
2026-05-14 18:04:10 [INFO ] [Javalin] Javalin has stopped
2026-05-14 18:04:10 [INFO ] [PersonRepository] Loaded 3 persons from /tmp/junit-3326612997127892074/persons.json
2026-05-14 18:04:10 [INFO ] [VisaRepository] Loaded 3 visas from /tmp/junit-3326612997127892074/visas.json
2026-05-14 18:04:10 [INFO ] [ShareCodeRepository] Loaded 4 share codes from /tmp/junit-3326612997127892074/share_codes.json
2026-05-14 18:04:10 [INFO ] [OrganisationRepository] Loaded 4 organisations from /tmp/junit-3326612997127892074/organisations.json
2026-05-14 18:04:10 [INFO ] [Javalin] Starting Javalin ...
2026-05-14 18:04:10 [INFO ] [Server] jetty-11.0.24; built: 2024-08-26T18:11:22.448Z; git: 5dfc59a691b748796f922208956bd1f2794bcd16; jvm 25.0.2+10-69
2026-05-14 18:04:10 [INFO ] [DefaultSessionIdManager] Session workerName=node0
2026-05-14 18:04:10 [INFO ] [ContextHandler] Started o.e.j.s.ServletContextHandler@6b0615ae{/,null,AVAILABLE}
2026-05-14 18:04:10 [INFO ] [AbstractConnector] Started ServerConnector@7c29adc8{HTTP/1.1, (http/1.1)}{0.0.0.0:34957}
2026-05-14 18:04:10 [INFO ] [Server] Started Server@4bbb49b0{STARTING}[11.0.24,sto=0] @3008ms
2026-05-14 18:04:10 [INFO ] [Javalin] 
       __                  ___           _____
      / /___ __   ______ _/ (_)___      / ___/
 __  / / __ `/ | / / __ `/ / / __ \    / __ \
/ /_/ / /_/ /| |/ / /_/ / / / / / /   / /_/ /
\____/\__,_/ |___/\__,_/_/_/_/ /_/    \____/

       https://javalin.io/documentation

2026-05-14 18:04:10 [INFO ] [Javalin] Javalin started in 7ms \o/
2026-05-14 18:04:10 [INFO ] [Javalin] Listening on http://localhost:34957/
2026-05-14 18:04:10 [INFO ] [Javalin] You are running Javalin 6.4.0 (released December 17, 2024. Your Javalin version is 512 days old. Consider checking for a newer version.).
2026-05-14 18:04:10 [INFO ] [ApiServer] API server started on port 34957
2026-05-14 18:04:10 [WARN ] [VerificationService] Confirmation refused by org=ORG005
2026-05-14 18:04:10 [WARN ] [VerificationService] Confirmation refused by org=ORG001
2026-05-14 18:04:10 [INFO ] [Javalin] Stopping Javalin ...
2026-05-14 18:04:10 [INFO ] [Server] Stopped Server@4bbb49b0{STOPPING}[11.0.24,sto=0]
2026-05-14 18:04:10 [INFO ] [AbstractConnector] Stopped ServerConnector@7c29adc8{HTTP/1.1, (http/1.1)}{0.0.0.0:0}
2026-05-14 18:04:10 [INFO ] [ContextHandler] Stopped o.e.j.s.ServletContextHandler@6b0615ae{/,null,STOPPED}
2026-05-14 18:04:10 [INFO ] [Javalin] Javalin has stopped
2026-05-14 18:04:10 [INFO ] [PersonRepository] Loaded 3 persons from /tmp/junit-3829094057675171463/persons.json
2026-05-14 18:04:10 [INFO ] [VisaRepository] Loaded 3 visas from /tmp/junit-3829094057675171463/visas.json
2026-05-14 18:04:10 [INFO ] [ShareCodeRepository] Loaded 4 share codes from /tmp/junit-3829094057675171463/share_codes.json
2026-05-14 18:04:10 [INFO ] [OrganisationRepository] Loaded 5 organisations from /tmp/junit-3829094057675171463/organisations.json
2026-05-14 18:04:10 [INFO ] [Javalin] Starting Javalin ...
2026-05-14 18:04:10 [INFO ] [Server] jetty-11.0.24; built: 2024-08-26T18:11:22.448Z; git: 5dfc59a691b748796f922208956bd1f2794bcd16; jvm 25.0.2+10-69
2026-05-14 18:04:10 [INFO ] [DefaultSessionIdManager] Session workerName=node0
2026-05-14 18:04:10 [INFO ] [ContextHandler] Started o.e.j.s.ServletContextHandler@b174a73{/,null,AVAILABLE}
2026-05-14 18:04:10 [INFO ] [AbstractConnector] Started ServerConnector@4016ccc1{HTTP/1.1, (http/1.1)}{0.0.0.0:44385}
2026-05-14 18:04:10 [INFO ] [Server] Started Server@3ffb3598{STARTING}[11.0.24,sto=0] @3093ms
2026-05-14 18:04:10 [INFO ] [Javalin] 
       __                  ___           _____
      / /___ __   ______ _/ (_)___      / ___/
 __  / / __ `/ | / / __ `/ / / __ \    / __ \
/ /_/ / /_/ /| |/ / /_/ / / / / / /   / /_/ /
\____/\__,_/ |___/\__,_/_/_/_/ /_/    \____/

       https://javalin.io/documentation

2026-05-14 18:04:10 [INFO ] [Javalin] Javalin started in 9ms \o/
2026-05-14 18:04:10 [INFO ] [Javalin] Listening on http://localhost:44385/
2026-05-14 18:04:10 [INFO ] [Javalin] You are running Javalin 6.4.0 (released December 17, 2024. Your Javalin version is 512 days old. Consider checking for a newer version.).
2026-05-14 18:04:10 [INFO ] [ApiServer] API server started on port 44385
2026-05-14 18:04:10 [INFO ] [ShareCodeRepository] Persisted new share code for person P001
2026-05-14 18:04:10 [INFO ] [ShareCodeService] Generated share code for person=P001**** purpose=EMPLOYMENT
2026-05-14 18:04:10 [INFO ] [VerificationService] Share code verification requested by org=ORG001
2026-05-14 18:04:10 [INFO ] [VerificationService] Share code verification outcome=Right to work: true, expires: 2027-06-30 org=ORG001
2026-05-14 18:04:10 [INFO ] [VerificationService] Share code verification requested by org=ORG001
2026-05-14 18:04:10 [INFO ] [VerificationService] Share code verification outcome=Right to work: true, expires: 2027-06-30 org=ORG001
2026-05-14 18:04:10 [INFO ] [Javalin] Stopping Javalin ...
2026-05-14 18:04:10 [INFO ] [Server] Stopped Server@3ffb3598{STOPPING}[11.0.24,sto=0]
2026-05-14 18:04:10 [INFO ] [AbstractConnector] Stopped ServerConnector@4016ccc1{HTTP/1.1, (http/1.1)}{0.0.0.0:0}
2026-05-14 18:04:10 [INFO ] [ContextHandler] Stopped o.e.j.s.ServletContextHandler@b174a73{/,null,STOPPED}
2026-05-14 18:04:10 [INFO ] [Javalin] Javalin has stopped
2026-05-14 18:04:10 [INFO ] [PersonRepository] Loaded 3 persons from /tmp/junit-5405672701819810742/persons.json
2026-05-14 18:04:10 [INFO ] [VisaRepository] Loaded 3 visas from /tmp/junit-5405672701819810742/visas.json
2026-05-14 18:04:10 [INFO ] [ShareCodeRepository] Loaded 4 share codes from /tmp/junit-5405672701819810742/share_codes.json
2026-05-14 18:04:10 [INFO ] [OrganisationRepository] Loaded 5 organisations from /tmp/junit-5405672701819810742/organisations.json
2026-05-14 18:04:10 [INFO ] [Javalin] Starting Javalin ...
2026-05-14 18:04:10 [INFO ] [Server] jetty-11.0.24; built: 2024-08-26T18:11:22.448Z; git: 5dfc59a691b748796f922208956bd1f2794bcd16; jvm 25.0.2+10-69
2026-05-14 18:04:10 [INFO ] [DefaultSessionIdManager] Session workerName=node0
2026-05-14 18:04:10 [INFO ] [ContextHandler] Started o.e.j.s.ServletContextHandler@211febf3{/,null,AVAILABLE}
2026-05-14 18:04:10 [INFO ] [AbstractConnector] Started ServerConnector@59c33386{HTTP/1.1, (http/1.1)}{0.0.0.0:42223}
2026-05-14 18:04:10 [INFO ] [Server] Started Server@719d35e8{STARTING}[11.0.24,sto=0] @3163ms
2026-05-14 18:04:10 [INFO ] [Javalin] 
       __                  ___           _____
      / /___ __   ______ _/ (_)___      / ___/
 __  / / __ `/ | / / __ `/ / / __ \    / __ \
/ /_/ / /_/ /| |/ / /_/ / / / / / /   / /_/ /
\____/\__,_/ |___/\__,_/_/_/_/ /_/    \____/

       https://javalin.io/documentation

2026-05-14 18:04:10 [INFO ] [Javalin] Javalin started in 8ms \o/
2026-05-14 18:04:10 [INFO ] [Javalin] Listening on http://localhost:42223/
2026-05-14 18:04:10 [INFO ] [Javalin] You are running Javalin 6.4.0 (released December 17, 2024. Your Javalin version is 512 days old. Consider checking for a newer version.).
2026-05-14 18:04:10 [INFO ] [ApiServer] API server started on port 42223
2026-05-14 18:04:10 [INFO ] [ShareCodeRepository] Persisted new share code for person P004
2026-05-14 18:04:10 [INFO ] [ShareCodeService] Generated share code for person=P004**** purpose=ACCOMMODATION
2026-05-14 18:04:10 [INFO ] [ShareCodeRepository] Persisted new share code for person P001
2026-05-14 18:04:10 [INFO ] [ShareCodeService] Generated share code for person=P001**** purpose=EMPLOYMENT
2026-05-14 18:04:10 [INFO ] [VerificationService] Share code verification requested by org=ORG001
2026-05-14 18:04:10 [INFO ] [VerificationService] Share code verification outcome=Right to work: true, expires: 2027-06-30 org=ORG001
2026-05-14 18:04:10 [INFO ] [VerificationService] Share code verification requested by org=ORG001
2026-05-14 18:04:10 [INFO ] [VerificationService] Share code verification outcome=Right to work: true, expires: 2027-06-30 org=ORG001
2026-05-14 18:04:10 [INFO ] [ShareCodeRepository] Persisted new share code for person P001
2026-05-14 18:04:10 [INFO ] [ShareCodeService] Generated share code for person=P001**** purpose=EMPLOYMENT
2026-05-14 18:04:10 [INFO ] [VerificationService] Share code verification requested by org=ORG001
2026-05-14 18:04:10 [INFO ] [VerificationService] Share code verification outcome=Right to work: true, expires: 2027-06-30 org=ORG001
2026-05-14 18:04:10 [INFO ] [VerificationService] Share code verification requested by org=ORG001
2026-05-14 18:04:10 [INFO ] [VerificationService] Share code verification outcome=Right to work: true, expires: 2027-06-30 org=ORG001
2026-05-14 18:04:10 [INFO ] [ShareCodeRepository] Persisted new share code for person P004
2026-05-14 18:04:10 [INFO ] [ShareCodeService] Generated share code for person=P004**** purpose=ACCOMMODATION
2026-05-14 18:04:10 [INFO ] [VerificationService] Share code verification requested by org=ORG003
2026-05-14 18:04:10 [INFO ] [VerificationService] Share code verification outcome=Right to rent: true org=ORG003
2026-05-14 18:04:10 [INFO ] [VerificationService] Share code verification requested by org=ORG003
2026-05-14 18:04:10 [INFO ] [VerificationService] Share code verification outcome=Right to rent: true org=ORG003
2026-05-14 18:04:10 [INFO ] [Javalin] Stopping Javalin ...
2026-05-14 18:04:10 [INFO ] [Server] Stopped Server@719d35e8{STOPPING}[11.0.24,sto=0]
2026-05-14 18:04:10 [INFO ] [AbstractConnector] Stopped ServerConnector@59c33386{HTTP/1.1, (http/1.1)}{0.0.0.0:0}
2026-05-14 18:04:10 [INFO ] [ContextHandler] Stopped o.e.j.s.ServletContextHandler@211febf3{/,null,STOPPED}
2026-05-14 18:04:10 [INFO ] [Javalin] Javalin has stopped
2026-05-14 18:04:10 [INFO ] [PersonRepository] Loaded 3 persons from /tmp/junit-17129566159605464662/persons.json
2026-05-14 18:04:10 [INFO ] [VisaRepository] Loaded 3 visas from /tmp/junit-17129566159605464662/visas.json
2026-05-14 18:04:10 [INFO ] [ShareCodeRepository] Loaded 4 share codes from /tmp/junit-17129566159605464662/share_codes.json
2026-05-14 18:04:10 [INFO ] [OrganisationRepository] Loaded 5 organisations from /tmp/junit-17129566159605464662/organisations.json
2026-05-14 18:04:10 [INFO ] [Javalin] Starting Javalin ...
2026-05-14 18:04:10 [INFO ] [Server] jetty-11.0.24; built: 2024-08-26T18:11:22.448Z; git: 5dfc59a691b748796f922208956bd1f2794bcd16; jvm 25.0.2+10-69
2026-05-14 18:04:10 [INFO ] [DefaultSessionIdManager] Session workerName=node0
2026-05-14 18:04:10 [INFO ] [ContextHandler] Started o.e.j.s.ServletContextHandler@73437222{/,null,AVAILABLE}
2026-05-14 18:04:10 [INFO ] [AbstractConnector] Started ServerConnector@2b5183ec{HTTP/1.1, (http/1.1)}{0.0.0.0:45877}
2026-05-14 18:04:10 [INFO ] [Server] Started Server@572e6fd9{STARTING}[11.0.24,sto=0] @3249ms
2026-05-14 18:04:10 [INFO ] [Javalin] 
       __                  ___           _____
      / /___ __   ______ _/ (_)___      / ___/
 __  / / __ `/ | / / __ `/ / / __ \    / __ \
/ /_/ / /_/ /| |/ / /_/ / / / / / /   / /_/ /
\____/\__,_/ |___/\__,_/_/_/_/ /_/    \____/

       https://javalin.io/documentation

2026-05-14 18:04:10 [INFO ] [Javalin] Javalin started in 8ms \o/
2026-05-14 18:04:10 [INFO ] [Javalin] Listening on http://localhost:45877/
2026-05-14 18:04:10 [INFO ] [Javalin] You are running Javalin 6.4.0 (released December 17, 2024. Your Javalin version is 512 days old. Consider checking for a newer version.).
2026-05-14 18:04:10 [INFO ] [ApiServer] API server started on port 45877
2026-05-14 18:04:10 [INFO ] [ShareCodeRepository] Persisted new share code for person P004
2026-05-14 18:04:10 [INFO ] [ShareCodeService] Generated share code for person=P004**** purpose=ACCOMMODATION
2026-05-14 18:04:10 [INFO ] [ShareCodeRepository] Persisted new share code for person P001
2026-05-14 18:04:10 [INFO ] [ShareCodeService] Generated share code for person=P001**** purpose=EMPLOYMENT
2026-05-14 18:04:10 [INFO ] [ShareCodeRepository] Persisted new share code for person P001
2026-05-14 18:04:10 [INFO ] [ShareCodeService] Generated share code for person=P001**** purpose=EDUCATION
2026-05-14 18:04:10 [INFO ] [Javalin] Stopping Javalin ...
2026-05-14 18:04:10 [INFO ] [Server] Stopped Server@572e6fd9{STOPPING}[11.0.24,sto=0]
2026-05-14 18:04:10 [INFO ] [AbstractConnector] Stopped ServerConnector@2b5183ec{HTTP/1.1, (http/1.1)}{0.0.0.0:0}
2026-05-14 18:04:10 [INFO ] [ContextHandler] Stopped o.e.j.s.ServletContextHandler@73437222{/,null,STOPPED}
2026-05-14 18:04:10 [INFO ] [Javalin] Javalin has stopped
2026-05-14 18:04:10 [INFO ] [PersonRepository] Loaded 3 persons from /tmp/junit-18344977879969227992/persons.json
2026-05-14 18:04:10 [INFO ] [VisaRepository] Loaded 3 visas from /tmp/junit-18344977879969227992/visas.json
2026-05-14 18:04:10 [INFO ] [ShareCodeRepository] Loaded 4 share codes from /tmp/junit-18344977879969227992/share_codes.json
2026-05-14 18:04:10 [INFO ] [OrganisationRepository] Loaded 5 organisations from /tmp/junit-18344977879969227992/organisations.json
2026-05-14 18:04:10 [INFO ] [Javalin] Starting Javalin ...
2026-05-14 18:04:10 [INFO ] [Server] jetty-11.0.24; built: 2024-08-26T18:11:22.448Z; git: 5dfc59a691b748796f922208956bd1f2794bcd16; jvm 25.0.2+10-69
2026-05-14 18:04:10 [INFO ] [DefaultSessionIdManager] Session workerName=node0
2026-05-14 18:04:10 [INFO ] [ContextHandler] Started o.e.j.s.ServletContextHandler@2f508f3c{/,null,AVAILABLE}
2026-05-14 18:04:10 [INFO ] [AbstractConnector] Started ServerConnector@129fed45{HTTP/1.1, (http/1.1)}{0.0.0.0:37341}
2026-05-14 18:04:10 [INFO ] [Server] Started Server@3e48d38{STARTING}[11.0.24,sto=0] @3314ms
2026-05-14 18:04:10 [INFO ] [Javalin] 
       __                  ___           _____
      / /___ __   ______ _/ (_)___      / ___/
 __  / / __ `/ | / / __ `/ / / __ \    / __ \
/ /_/ / /_/ /| |/ / /_/ / / / / / /   / /_/ /
\____/\__,_/ |___/\__,_/_/_/_/ /_/    \____/

       https://javalin.io/documentation

2026-05-14 18:04:10 [INFO ] [Javalin] Javalin started in 6ms \o/
2026-05-14 18:04:10 [INFO ] [Javalin] Listening on http://localhost:37341/
2026-05-14 18:04:10 [INFO ] [Javalin] You are running Javalin 6.4.0 (released December 17, 2024. Your Javalin version is 512 days old. Consider checking for a newer version.).
2026-05-14 18:04:10 [INFO ] [ApiServer] API server started on port 37341
2026-05-14 18:04:10 [INFO ] [Javalin] Stopping Javalin ...
2026-05-14 18:04:10 [INFO ] [Server] Stopped Server@3e48d38{STOPPING}[11.0.24,sto=0]
2026-05-14 18:04:10 [INFO ] [AbstractConnector] Stopped ServerConnector@129fed45{HTTP/1.1, (http/1.1)}{0.0.0.0:0}
2026-05-14 18:04:10 [INFO ] [ContextHandler] Stopped o.e.j.s.ServletContextHandler@2f508f3c{/,null,STOPPED}
2026-05-14 18:04:10 [INFO ] [Javalin] Javalin has stopped
2026-05-14 18:04:10 [INFO ] [PersonRepository] Loaded 3 persons from /tmp/junit-18003451340904502697/persons.json
2026-05-14 18:04:10 [INFO ] [VisaRepository] Loaded 3 visas from /tmp/junit-18003451340904502697/visas.json
2026-05-14 18:04:10 [INFO ] [ShareCodeRepository] Loaded 4 share codes from /tmp/junit-18003451340904502697/share_codes.json
2026-05-14 18:04:10 [INFO ] [OrganisationRepository] Loaded 5 organisations from /tmp/junit-18003451340904502697/organisations.json
2026-05-14 18:04:10 [INFO ] [Javalin] Starting Javalin ...
2026-05-14 18:04:10 [INFO ] [Server] jetty-11.0.24; built: 2024-08-26T18:11:22.448Z; git: 5dfc59a691b748796f922208956bd1f2794bcd16; jvm 25.0.2+10-69
2026-05-14 18:04:10 [INFO ] [DefaultSessionIdManager] Session workerName=node0
2026-05-14 18:04:10 [INFO ] [ContextHandler] Started o.e.j.s.ServletContextHandler@7a0f244f{/,null,AVAILABLE}
2026-05-14 18:04:10 [INFO ] [AbstractConnector] Started ServerConnector@73fc518f{HTTP/1.1, (http/1.1)}{0.0.0.0:43417}
2026-05-14 18:04:10 [INFO ] [Server] Started Server@ad9e63e{STARTING}[11.0.24,sto=0] @3376ms
2026-05-14 18:04:10 [INFO ] [Javalin] 
       __                  ___           _____
      / /___ __   ______ _/ (_)___      / ___/
 __  / / __ `/ | / / __ `/ / / __ \    / __ \
/ /_/ / /_/ /| |/ / /_/ / / / / / /   / /_/ /
\____/\__,_/ |___/\__,_/_/_/_/ /_/    \____/

       https://javalin.io/documentation

2026-05-14 18:04:10 [INFO ] [Javalin] Javalin started in 12ms \o/
2026-05-14 18:04:10 [INFO ] [Javalin] Listening on http://localhost:43417/
2026-05-14 18:04:10 [INFO ] [Javalin] You are running Javalin 6.4.0 (released December 17, 2024. Your Javalin version is 512 days old. Consider checking for a newer version.).
2026-05-14 18:04:10 [INFO ] [ApiServer] API server started on port 43417
2026-05-14 18:04:10 [INFO ] [VerificationService] Share code verification requested by org=ORG001
2026-05-14 18:04:10 [INFO ] [VerificationService] Share code verification outcome=Right to work: true, expires: 2027-06-30 org=ORG001
2026-05-14 18:04:10 [INFO ] [VerificationService] Document verification requested by org=ORG005 docType=PASSPORT
2026-05-14 18:04:10 [INFO ] [VerificationService] Document verification outcome=Entry permitted: true, conditions: [] org=ORG005
2026-05-14 18:04:10 [INFO ] [VerificationService] Share code verification requested by org=ORG001
2026-05-14 18:04:10 [WARN ] [VerificationService] Rejected SHARE_CODE_VERIFICATION reason=Share code has expired org=ORG001
2026-05-14 18:04:10 [INFO ] [VerificationService] Share code verification requested by org=ORG001
2026-05-14 18:04:10 [INFO ] [VerificationService] Share code verification outcome=Right to work: true, expires: 2027-06-30 org=ORG001
2026-05-14 18:04:10 [INFO ] [VerificationService] Share code verification requested by org=ORG001
2026-05-14 18:04:10 [WARN ] [VerificationService] Rejected SHARE_CODE_VERIFICATION reason=Purpose 'ACCOMMODATION' is not permitted for role 'EMPLOYER' org=ORG001
2026-05-14 18:04:10 [INFO ] [VerificationService] Share code verification requested by org=ORG001
2026-05-14 18:04:10 [WARN ] [VerificationService] Rejected SHARE_CODE_VERIFICATION reason=Share code not found org=ORG001
2026-05-14 18:04:10 [INFO ] [VerificationService] Share code verification requested by org=ORG001
2026-05-14 18:04:10 [WARN ] [VerificationService] Rejected SHARE_CODE_VERIFICATION reason=Share code must be 9 uppercase alphanumeric characters org=ORG001
2026-05-14 18:04:10 [INFO ] [VerificationService] Share code verification requested by org=ORG005
2026-05-14 18:04:10 [WARN ] [VerificationService] Rejected SHARE_CODE_VERIFICATION reason=Organisation role 'BORDER_CONTROL' is not authorised for the share code route org=ORG005
2026-05-14 18:04:10 [WARN ] [VerificationService] Confirmation refused by org=ORG001
2026-05-14 18:04:10 [INFO ] [VerificationService] Document verification requested by org=ORG005 docType=PASSPORT
2026-05-14 18:04:10 [WARN ] [VerificationService] Rejected DOCUMENT_VERIFICATION reason=Person not found for document org=ORG005
2026-05-14 18:04:10 [INFO ] [VerificationService] Share code verification requested by org=ORG003
2026-05-14 18:04:10 [INFO ] [VerificationService] Share code verification outcome=Right to rent: true org=ORG003
2026-05-14 18:04:10 [WARN ] [VerificationService] Confirmation refused by org=ORG005
2026-05-14 18:04:10 [INFO ] [VerificationService] Share code verification requested by org=ORG001
2026-05-14 18:04:10 [WARN ] [VerificationService] Rejected SHARE_CODE_VERIFICATION reason=Date of birth does not match org=ORG001
2026-05-14 18:04:10 [INFO ] [VerificationService] Document verification requested by org=ORG001 docType=PASSPORT
2026-05-14 18:04:10 [WARN ] [VerificationService] Rejected DOCUMENT_VERIFICATION reason=Organisation role 'EMPLOYER' is not authorised for the document route org=ORG001
2026-05-14 18:04:10 [INFO ] [VerificationService] Document verification requested by org=ORG005 docType=PASSPORT
2026-05-14 18:04:10 [WARN ] [VerificationService] Rejected DOCUMENT_VERIFICATION reason=Passport number must be 9 uppercase alphanumeric characters org=ORG005
2026-05-14 18:04:11 [INFO ] [VerificationService] Share code verification requested by org=ORG001
2026-05-14 18:04:11 [INFO ] [VerificationService] Share code verification outcome=Right to work: false, expires: 2026-10-25 org=ORG001
2026-05-14 18:04:11 [INFO ] [VerificationService] Share code verification requested by org=ORG001
2026-05-14 18:04:11 [INFO ] [VerificationService] Share code verification outcome=Right to work: true, expires: 2027-06-30 org=ORG001
2026-05-14 18:04:11 [INFO ] [VerificationService] Share code verification requested by org=ORG001
2026-05-14 18:04:11 [INFO ] [VerificationService] Share code verification outcome=Right to work: true, expires: 2027-06-30 org=ORG001
2026-05-14 18:04:11 [WARN ] [VerificationService] Confirmation refused by org=ORG001
2026-05-14 18:04:11 [INFO ] [VerificationService] Document verification requested by org=ORG006 docType=PASSPORT
2026-05-14 18:04:11 [INFO ] [VerificationService] Document verification outcome=Visa type: WORK, valid: true, expires: 2027-06-30 org=ORG006
2026-05-14 18:04:11 [INFO ] [Javalin] Stopping Javalin ...
2026-05-14 18:04:11 [INFO ] [Server] Stopped Server@ad9e63e{STOPPING}[11.0.24,sto=0]
2026-05-14 18:04:11 [INFO ] [AbstractConnector] Stopped ServerConnector@73fc518f{HTTP/1.1, (http/1.1)}{0.0.0.0:0}
2026-05-14 18:04:11 [INFO ] [ContextHandler] Stopped o.e.j.s.ServletContextHandler@7a0f244f{/,null,STOPPED}
2026-05-14 18:04:11 [INFO ] [Javalin] Javalin has stopped
2026-05-14 18:04:11 [INFO ] [ShareCodeRepository] Loaded 0 share codes from /tmp/junit-6536739011795731377/share_codes.json
2026-05-14 18:04:11 [INFO ] [ShareCodeRepository] Persisted new share code for person P003
2026-05-14 18:04:11 [INFO ] [ShareCodeService] Generated share code for person=P003**** purpose=ACCOMMODATION
2026-05-14 18:04:11 [INFO ] [ShareCodeRepository] Loaded 0 share codes from /tmp/junit-2906379373609641463/share_codes.json
2026-05-14 18:04:11 [INFO ] [ShareCodeRepository] Persisted new share code for person P001
2026-05-14 18:04:11 [INFO ] [ShareCodeService] Generated share code for person=P001**** purpose=EMPLOYMENT
2026-05-14 18:04:11 [INFO ] [ShareCodeRepository] Loaded 0 share codes from /tmp/junit-9588040318352056350/share_codes.json
2026-05-14 18:04:11 [INFO ] [ShareCodeRepository] Persisted new share code for person P001
2026-05-14 18:04:11 [INFO ] [ShareCodeService] Generated share code for person=P001**** purpose=EMPLOYMENT
2026-05-14 18:04:11 [INFO ] [ShareCodeRepository] Loaded 0 share codes from /tmp/junit-10509809955761495218/share_codes.json
2026-05-14 18:04:11 [INFO ] [ShareCodeRepository] Persisted new share code for person P001
2026-05-14 18:04:11 [INFO ] [ShareCodeService] Generated share code for person=P001**** purpose=EMPLOYMENT
2026-05-14 18:04:11 [INFO ] [ShareCodeRepository] Loaded 0 share codes from /tmp/junit-5138608928604071078/share_codes.json
2026-05-14 18:04:11 [INFO ] [ShareCodeRepository] Persisted new share code for person P001
2026-05-14 18:04:11 [INFO ] [ShareCodeService] Generated share code for person=P001**** purpose=EMPLOYMENT
2026-05-14 18:04:11 [INFO ] [ShareCodeRepository] Persisted new share code for person P001
2026-05-14 18:04:11 [INFO ] [ShareCodeService] Generated share code for person=P001**** purpose=EMPLOYMENT
2026-05-14 18:04:11 [INFO ] [PersonRepository] Loaded 3 persons from /tmp/junit-4705278031612644999/persons.json
2026-05-14 18:04:11 [INFO ] [VisaRepository] Loaded 3 visas from /tmp/junit-4705278031612644999/visas.json
2026-05-14 18:04:11 [INFO ] [ShareCodeRepository] Loaded 4 share codes from /tmp/junit-4705278031612644999/share_codes.json
2026-05-14 18:04:11 [INFO ] [OrganisationRepository] Loaded 4 organisations from /tmp/junit-4705278031612644999/organisations.json
2026-05-14 18:04:11 [INFO ] [VerificationService] Share code verification requested by org=ORG001
2026-05-14 18:04:11 [WARN ] [VerificationService] Rejected SHARE_CODE_VERIFICATION reason=Share code has expired org=ORG001
2026-05-14 18:04:11 [INFO ] [PersonRepository] Loaded 3 persons from /tmp/junit-11108062789338696522/persons.json
2026-05-14 18:04:11 [INFO ] [VisaRepository] Loaded 3 visas from /tmp/junit-11108062789338696522/visas.json
2026-05-14 18:04:11 [INFO ] [ShareCodeRepository] Loaded 4 share codes from /tmp/junit-11108062789338696522/share_codes.json
2026-05-14 18:04:11 [INFO ] [OrganisationRepository] Loaded 4 organisations from /tmp/junit-11108062789338696522/organisations.json
2026-05-14 18:04:11 [INFO ] [VerificationService] Share code verification requested by org=ORG003
2026-05-14 18:04:11 [INFO ] [VerificationService] Share code verification outcome=Right to rent: true org=ORG003
2026-05-14 18:04:11 [INFO ] [PersonRepository] Loaded 3 persons from /tmp/junit-5142876382317804927/persons.json
2026-05-14 18:04:11 [INFO ] [VisaRepository] Loaded 3 visas from /tmp/junit-5142876382317804927/visas.json
2026-05-14 18:04:11 [INFO ] [ShareCodeRepository] Loaded 4 share codes from /tmp/junit-5142876382317804927/share_codes.json
2026-05-14 18:04:11 [INFO ] [OrganisationRepository] Loaded 4 organisations from /tmp/junit-5142876382317804927/organisations.json
2026-05-14 18:04:11 [INFO ] [VerificationService] Document verification requested by org=ORG005 docType=PASSPORT
2026-05-14 18:04:11 [INFO ] [VerificationService] Document verification outcome=Entry permitted: true, conditions: [] org=ORG005
2026-05-14 18:04:11 [INFO ] [PersonRepository] Loaded 3 persons from /tmp/junit-11691327559301627439/persons.json
2026-05-14 18:04:11 [INFO ] [VisaRepository] Loaded 3 visas from /tmp/junit-11691327559301627439/visas.json
2026-05-14 18:04:11 [INFO ] [ShareCodeRepository] Loaded 4 share codes from /tmp/junit-11691327559301627439/share_codes.json
2026-05-14 18:04:11 [INFO ] [OrganisationRepository] Loaded 4 organisations from /tmp/junit-11691327559301627439/organisations.json
2026-05-14 18:04:11 [INFO ] [VerificationService] Share code verification requested by org=ORG001
2026-05-14 18:04:11 [WARN ] [VerificationService] Rejected SHARE_CODE_VERIFICATION reason=Purpose 'ACCOMMODATION' is not permitted for role 'EMPLOYER' org=ORG001
2026-05-14 18:04:11 [INFO ] [PersonRepository] Loaded 3 persons from /tmp/junit-15062260496875441030/persons.json
2026-05-14 18:04:11 [INFO ] [VisaRepository] Loaded 3 visas from /tmp/junit-15062260496875441030/visas.json
2026-05-14 18:04:11 [INFO ] [ShareCodeRepository] Loaded 4 share codes from /tmp/junit-15062260496875441030/share_codes.json
2026-05-14 18:04:11 [INFO ] [OrganisationRepository] Loaded 4 organisations from /tmp/junit-15062260496875441030/organisations.json
2026-05-14 18:04:11 [INFO ] [VerificationService] Share code verification requested by org=ORG001
2026-05-14 18:04:11 [WARN ] [VerificationService] Rejected SHARE_CODE_VERIFICATION reason=Date of birth does not match org=ORG001
2026-05-14 18:04:11 [INFO ] [PersonRepository] Loaded 3 persons from /tmp/junit-1995106071507317121/persons.json
2026-05-14 18:04:11 [INFO ] [VisaRepository] Loaded 3 visas from /tmp/junit-1995106071507317121/visas.json
2026-05-14 18:04:11 [INFO ] [ShareCodeRepository] Loaded 4 share codes from /tmp/junit-1995106071507317121/share_codes.json
2026-05-14 18:04:11 [INFO ] [OrganisationRepository] Loaded 4 organisations from /tmp/junit-1995106071507317121/organisations.json
2026-05-14 18:04:11 [INFO ] [VerificationService] Share code verification requested by org=ORG001
2026-05-14 18:04:11 [INFO ] [VerificationService] Share code verification outcome=Right to work: false, expires: 2026-10-25 org=ORG001
2026-05-14 18:04:11 [INFO ] [PersonRepository] Loaded 3 persons from /tmp/junit-13676839836199326728/persons.json
2026-05-14 18:04:11 [INFO ] [VisaRepository] Loaded 3 visas from /tmp/junit-13676839836199326728/visas.json
2026-05-14 18:04:11 [INFO ] [ShareCodeRepository] Loaded 4 share codes from /tmp/junit-13676839836199326728/share_codes.json
2026-05-14 18:04:11 [INFO ] [OrganisationRepository] Loaded 4 organisations from /tmp/junit-13676839836199326728/organisations.json
2026-05-14 18:04:11 [INFO ] [VerificationService] Document verification requested by org=ORG006 docType=PASSPORT
2026-05-14 18:04:11 [INFO ] [VerificationService] Document verification outcome=Visa type: WORK, valid: true, expires: 2027-06-30 org=ORG006
2026-05-14 18:04:11 [INFO ] [PersonRepository] Loaded 3 persons from /tmp/junit-6923664568988980502/persons.json
2026-05-14 18:04:11 [INFO ] [VisaRepository] Loaded 3 visas from /tmp/junit-6923664568988980502/visas.json
2026-05-14 18:04:11 [INFO ] [ShareCodeRepository] Loaded 4 share codes from /tmp/junit-6923664568988980502/share_codes.json
2026-05-14 18:04:11 [INFO ] [OrganisationRepository] Loaded 4 organisations from /tmp/junit-6923664568988980502/organisations.json
2026-05-14 18:04:11 [INFO ] [VerificationService] Share code verification requested by org=ORG001
2026-05-14 18:04:11 [INFO ] [VerificationService] Share code verification outcome=Right to work: true, expires: 2027-06-30 org=ORG001
2026-05-14 18:04:11 [INFO ] [PersonRepository] Loaded 3 persons from /tmp/junit-9053546776100039479/persons.json
2026-05-14 18:04:11 [INFO ] [VisaRepository] Loaded 3 visas from /tmp/junit-9053546776100039479/visas.json
2026-05-14 18:04:11 [INFO ] [ShareCodeRepository] Loaded 4 share codes from /tmp/junit-9053546776100039479/share_codes.json
2026-05-14 18:04:11 [INFO ] [OrganisationRepository] Loaded 4 organisations from /tmp/junit-9053546776100039479/organisations.json
2026-05-14 18:04:11 [INFO ] [VerificationService] Share code verification requested by org=ORG001
2026-05-14 18:04:11 [WARN ] [VerificationService] Rejected SHARE_CODE_VERIFICATION reason=Share code must be 9 uppercase alphanumeric characters org=ORG001
2026-05-14 18:04:11 [INFO ] [PersonRepository] Loaded 3 persons from /tmp/junit-6827231250768889816/persons.json
2026-05-14 18:04:11 [INFO ] [VisaRepository] Loaded 3 visas from /tmp/junit-6827231250768889816/visas.json
2026-05-14 18:04:11 [INFO ] [ShareCodeRepository] Loaded 4 share codes from /tmp/junit-6827231250768889816/share_codes.json
2026-05-14 18:04:11 [INFO ] [OrganisationRepository] Loaded 4 organisations from /tmp/junit-6827231250768889816/organisations.json
2026-05-14 18:04:11 [INFO ] [VerificationService] Document verification requested by org=ORG005 docType=PASSPORT
2026-05-14 18:04:11 [WARN ] [VerificationService] Rejected DOCUMENT_VERIFICATION reason=Person not found for document org=ORG005
2026-05-14 18:04:11 [INFO ] [PersonRepository] Loaded 3 persons from /tmp/junit-3977657580225678256/persons.json
2026-05-14 18:04:11 [INFO ] [VisaRepository] Loaded 3 visas from /tmp/junit-3977657580225678256/visas.json
2026-05-14 18:04:11 [INFO ] [ShareCodeRepository] Loaded 4 share codes from /tmp/junit-3977657580225678256/share_codes.json
2026-05-14 18:04:11 [INFO ] [OrganisationRepository] Loaded 4 organisations from /tmp/junit-3977657580225678256/organisations.json
2026-05-14 18:04:11 [INFO ] [VerificationService] Document verification requested by org=ORG005 docType=PASSPORT
2026-05-14 18:04:11 [WARN ] [VerificationService] Rejected DOCUMENT_VERIFICATION reason=Passport number must be 9 uppercase alphanumeric characters org=ORG005
2026-05-14 18:04:11 [INFO ] [PersonRepository] Loaded 3 persons from /tmp/junit-14030483983623306056/persons.json
2026-05-14 18:04:11 [INFO ] [VisaRepository] Loaded 3 visas from /tmp/junit-14030483983623306056/visas.json
2026-05-14 18:04:11 [INFO ] [ShareCodeRepository] Loaded 4 share codes from /tmp/junit-14030483983623306056/share_codes.json
2026-05-14 18:04:11 [INFO ] [OrganisationRepository] Loaded 4 organisations from /tmp/junit-14030483983623306056/organisations.json
2026-05-14 18:04:11 [INFO ] [VerificationService] Document verification requested by org=ORG001 docType=PASSPORT
2026-05-14 18:04:11 [WARN ] [VerificationService] Rejected DOCUMENT_VERIFICATION reason=Organisation role 'EMPLOYER' is not authorised for the document route org=ORG001
2026-05-14 18:04:11 [INFO ] [PersonRepository] Loaded 3 persons from /tmp/junit-12914164423571065046/persons.json
2026-05-14 18:04:11 [INFO ] [VisaRepository] Loaded 3 visas from /tmp/junit-12914164423571065046/visas.json
2026-05-14 18:04:11 [INFO ] [ShareCodeRepository] Loaded 4 share codes from /tmp/junit-12914164423571065046/share_codes.json
2026-05-14 18:04:11 [INFO ] [OrganisationRepository] Loaded 4 organisations from /tmp/junit-12914164423571065046/organisations.json
2026-05-14 18:04:11 [INFO ] [VerificationService] Share code verification requested by org=ORG999
2026-05-14 18:04:11 [WARN ] [VerificationService] Rejected SHARE_CODE_VERIFICATION reason=Organisation not recognised org=ORG999
2026-05-14 18:04:11 [INFO ] [PersonRepository] Loaded 3 persons from /tmp/junit-6846480586926846011/persons.json
2026-05-14 18:04:11 [INFO ] [VisaRepository] Loaded 3 visas from /tmp/junit-6846480586926846011/visas.json
2026-05-14 18:04:11 [INFO ] [ShareCodeRepository] Loaded 4 share codes from /tmp/junit-6846480586926846011/share_codes.json
2026-05-14 18:04:11 [INFO ] [OrganisationRepository] Loaded 4 organisations from /tmp/junit-6846480586926846011/organisations.json
2026-05-14 18:04:11 [INFO ] [VerificationService] Share code verification requested by org=ORG005
2026-05-14 18:04:11 [WARN ] [VerificationService] Rejected SHARE_CODE_VERIFICATION reason=Organisation role 'BORDER_CONTROL' is not authorised for the share code route org=ORG005
2026-05-14 18:04:11 [INFO ] [PersonRepository] Loaded 3 persons from /tmp/junit-13917684838465203203/persons.json
2026-05-14 18:04:11 [INFO ] [VisaRepository] Loaded 3 visas from /tmp/junit-13917684838465203203/visas.json
2026-05-14 18:04:11 [INFO ] [ShareCodeRepository] Loaded 4 share codes from /tmp/junit-13917684838465203203/share_codes.json
2026-05-14 18:04:11 [INFO ] [OrganisationRepository] Loaded 4 organisations from /tmp/junit-13917684838465203203/organisations.json
2026-05-14 18:04:11 [INFO ] [VerificationService] Share code verification requested by org=ORG001
2026-05-14 18:04:11 [INFO ] [VerificationService] Share code verification outcome=Right to work: true, expires: 2027-06-30 org=ORG001
2026-05-14 18:04:11 [INFO ] [VerificationService] Share code verification requested by org=ORG001
2026-05-14 18:04:11 [INFO ] [VerificationService] Share code verification outcome=Right to work: true, expires: 2027-06-30 org=ORG001
2026-05-14 18:04:58 [INFO ] [PersonRepository] Loaded 3 persons from /tmp/junit-12810887742851754815/persons.json
2026-05-14 18:04:58 [INFO ] [VisaRepository] Loaded 3 visas from /tmp/junit-12810887742851754815/visas.json
2026-05-14 18:04:58 [INFO ] [ShareCodeRepository] Loaded 4 share codes from /tmp/junit-12810887742851754815/share_codes.json
2026-05-14 18:04:58 [INFO ] [OrganisationRepository] Loaded 4 organisations from /tmp/junit-12810887742851754815/organisations.json
2026-05-14 18:04:59 [INFO ] [Javalin] Starting Javalin ...
2026-05-14 18:04:59 [INFO ] [Server] jetty-11.0.24; built: 2024-08-26T18:11:22.448Z; git: 5dfc59a691b748796f922208956bd1f2794bcd16; jvm 25.0.2+10-69
2026-05-14 18:04:59 [INFO ] [DefaultSessionIdManager] Session workerName=node0
2026-05-14 18:04:59 [INFO ] [ContextHandler] Started o.e.j.s.ServletContextHandler@2b9b7f1f{/,null,AVAILABLE}
2026-05-14 18:04:59 [INFO ] [AbstractConnector] Started ServerConnector@1adb7478{HTTP/1.1, (http/1.1)}{0.0.0.0:41439}
2026-05-14 18:04:59 [INFO ] [Server] Started Server@452c8a40{STARTING}[11.0.24,sto=0] @3200ms
2026-05-14 18:04:59 [INFO ] [Javalin] 
       __                  ___           _____
      / /___ __   ______ _/ (_)___      / ___/
 __  / / __ `/ | / / __ `/ / / __ \    / __ \
/ /_/ / /_/ /| |/ / /_/ / / / / / /   / /_/ /
\____/\__,_/ |___/\__,_/_/_/_/ /_/    \____/

       https://javalin.io/documentation

2026-05-14 18:04:59 [INFO ] [Javalin] Javalin started in 434ms \o/
2026-05-14 18:04:59 [INFO ] [Javalin] Listening on http://localhost:41439/
2026-05-14 18:04:59 [INFO ] [Javalin] You are running Javalin 6.4.0 (released December 17, 2024. Your Javalin version is 512 days old. Consider checking for a newer version.).
2026-05-14 18:04:59 [INFO ] [ApiServer] API server started on port 41439
2026-05-14 18:05:00 [INFO ] [ShareCodeRepository] Persisted new share code for person P001
2026-05-14 18:05:00 [INFO ] [ShareCodeService] Generated share code for person=P001**** purpose=EMPLOYMENT
2026-05-14 18:05:00 [INFO ] [VerificationService] Share code verification requested by org=ORG001
2026-05-14 18:05:00 [INFO ] [VerificationService] Share code verification outcome=Right to work: true, expires: 2027-06-30 org=ORG001
2026-05-14 18:05:00 [INFO ] [VerificationService] Share code verification requested by org=ORG001
2026-05-14 18:05:00 [INFO ] [VerificationService] Share code verification outcome=Right to work: true, expires: 2027-06-30 org=ORG001
2026-05-14 18:05:00 [INFO ] [ShareCodeRepository] Persisted new share code for person P001
2026-05-14 18:05:00 [INFO ] [ShareCodeService] Generated share code for person=P001**** purpose=EMPLOYMENT
2026-05-14 18:05:00 [INFO ] [VerificationService] Share code verification requested by org=ORG001
2026-05-14 18:05:00 [INFO ] [VerificationService] Share code verification outcome=Right to work: true, expires: 2027-06-30 org=ORG001
2026-05-14 18:05:00 [INFO ] [ShareCodeRepository] Persisted new share code for person P001
2026-05-14 18:05:00 [INFO ] [ShareCodeService] Generated share code for person=P001**** purpose=EMPLOYMENT
2026-05-14 18:05:00 [INFO ] [VerificationService] Share code verification requested by org=ORG001
2026-05-14 18:05:00 [INFO ] [VerificationService] Share code verification outcome=Right to work: true, expires: 2027-06-30 org=ORG001
2026-05-14 18:05:00 [INFO ] [VerificationService] Share code verification requested by org=ORG001
2026-05-14 18:05:00 [INFO ] [VerificationService] Share code verification outcome=Right to work: true, expires: 2027-06-30 org=ORG001
2026-05-14 18:05:00 [INFO ] [Javalin] Stopping Javalin ...
2026-05-14 18:05:00 [INFO ] [Server] Stopped Server@452c8a40{STOPPING}[11.0.24,sto=0]
2026-05-14 18:05:00 [INFO ] [AbstractConnector] Stopped ServerConnector@1adb7478{HTTP/1.1, (http/1.1)}{0.0.0.0:0}
2026-05-14 18:05:00 [INFO ] [ContextHandler] Stopped o.e.j.s.ServletContextHandler@2b9b7f1f{/,null,STOPPED}
2026-05-14 18:05:00 [INFO ] [Javalin] Javalin has stopped
2026-05-14 18:05:00 [INFO ] [PersonRepository] Loaded 3 persons from /tmp/junit-16569043924289139835/persons.json
2026-05-14 18:05:00 [INFO ] [VisaRepository] Loaded 3 visas from /tmp/junit-16569043924289139835/visas.json
2026-05-14 18:05:00 [INFO ] [ShareCodeRepository] Loaded 4 share codes from /tmp/junit-16569043924289139835/share_codes.json
2026-05-14 18:05:00 [INFO ] [OrganisationRepository] Loaded 4 organisations from /tmp/junit-16569043924289139835/organisations.json
2026-05-14 18:05:00 [INFO ] [Javalin] Starting Javalin ...
2026-05-14 18:05:00 [INFO ] [Server] jetty-11.0.24; built: 2024-08-26T18:11:22.448Z; git: 5dfc59a691b748796f922208956bd1f2794bcd16; jvm 25.0.2+10-69
2026-05-14 18:05:00 [INFO ] [DefaultSessionIdManager] Session workerName=node0
2026-05-14 18:05:00 [INFO ] [ContextHandler] Started o.e.j.s.ServletContextHandler@68c7ef83{/,null,AVAILABLE}
2026-05-14 18:05:00 [INFO ] [AbstractConnector] Started ServerConnector@563a89b5{HTTP/1.1, (http/1.1)}{0.0.0.0:36515}
2026-05-14 18:05:00 [INFO ] [Server] Started Server@270b6b5e{STARTING}[11.0.24,sto=0] @4377ms
2026-05-14 18:05:00 [INFO ] [Javalin] 
       __                  ___           _____
      / /___ __   ______ _/ (_)___      / ___/
 __  / / __ `/ | / / __ `/ / / __ \    / __ \
/ /_/ / /_/ /| |/ / /_/ / / / / / /   / /_/ /
\____/\__,_/ |___/\__,_/_/_/_/ /_/    \____/

       https://javalin.io/documentation

2026-05-14 18:05:00 [INFO ] [Javalin] Javalin started in 8ms \o/
2026-05-14 18:05:00 [INFO ] [Javalin] Listening on http://localhost:36515/
2026-05-14 18:05:00 [INFO ] [Javalin] You are running Javalin 6.4.0 (released December 17, 2024. Your Javalin version is 512 days old. Consider checking for a newer version.).
2026-05-14 18:05:00 [INFO ] [ApiServer] API server started on port 36515
2026-05-14 18:05:00 [WARN ] [VerificationService] Confirmation refused by org=ORG005
2026-05-14 18:05:00 [INFO ] [VerificationService] Document verification requested by org=ORG001 docType=PASSPORT
2026-05-14 18:05:00 [WARN ] [VerificationService] Rejected DOCUMENT_VERIFICATION reason=Organisation role 'EMPLOYER' is not authorised for the document route org=ORG001
2026-05-14 18:05:00 [INFO ] [VerificationService] Document verification requested by org=ORG005 docType=PASSPORT
2026-05-14 18:05:00 [INFO ] [VerificationService] Document verification outcome=Entry permitted: true, conditions: [] org=ORG005
2026-05-14 18:05:00 [INFO ] [VerificationService] Document verification requested by org=ORG006 docType=PASSPORT
2026-05-14 18:05:00 [INFO ] [VerificationService] Document verification outcome=Visa type: WORK, valid: true, expires: 2027-06-30 org=ORG006
2026-05-14 18:05:00 [INFO ] [VerificationService] Document verification requested by org=ORG005 docType=PASSPORT
2026-05-14 18:05:00 [WARN ] [VerificationService] Rejected DOCUMENT_VERIFICATION reason=Person not found for document org=ORG005
2026-05-14 18:05:00 [INFO ] [VerificationService] Document verification requested by org=ORG006 docType=PASSPORT
2026-05-14 18:05:00 [INFO ] [VerificationService] Document verification outcome=Visa type: WORK, valid: true, expires: 2027-06-30 org=ORG006
2026-05-14 18:05:00 [INFO ] [VerificationService] Document verification requested by org=ORG005 docType=PASSPORT
2026-05-14 18:05:00 [INFO ] [VerificationService] Document verification outcome=Entry permitted: true, conditions: [] org=ORG005
2026-05-14 18:05:00 [INFO ] [VerificationService] Document verification requested by org=ORG005 docType=PASSPORT
2026-05-14 18:05:00 [INFO ] [VerificationService] Document verification outcome=Entry permitted: true, conditions: [] org=ORG005
2026-05-14 18:05:00 [WARN ] [VerificationService] Confirmation refused by org=ORG005
2026-05-14 18:05:00 [INFO ] [Javalin] Stopping Javalin ...
2026-05-14 18:05:00 [INFO ] [Server] Stopped Server@270b6b5e{STOPPING}[11.0.24,sto=0]
2026-05-14 18:05:00 [INFO ] [AbstractConnector] Stopped ServerConnector@563a89b5{HTTP/1.1, (http/1.1)}{0.0.0.0:0}
2026-05-14 18:05:00 [INFO ] [ContextHandler] Stopped o.e.j.s.ServletContextHandler@68c7ef83{/,null,STOPPED}
2026-05-14 18:05:00 [INFO ] [Javalin] Javalin has stopped
2026-05-14 18:05:00 [INFO ] [PersonRepository] Loaded 3 persons from /tmp/junit-16799528965839821994/persons.json
2026-05-14 18:05:00 [INFO ] [VisaRepository] Loaded 3 visas from /tmp/junit-16799528965839821994/visas.json
2026-05-14 18:05:00 [INFO ] [ShareCodeRepository] Loaded 4 share codes from /tmp/junit-16799528965839821994/share_codes.json
2026-05-14 18:05:00 [INFO ] [OrganisationRepository] Loaded 4 organisations from /tmp/junit-16799528965839821994/organisations.json
2026-05-14 18:05:00 [INFO ] [Javalin] Starting Javalin ...
2026-05-14 18:05:00 [INFO ] [Server] jetty-11.0.24; built: 2024-08-26T18:11:22.448Z; git: 5dfc59a691b748796f922208956bd1f2794bcd16; jvm 25.0.2+10-69
2026-05-14 18:05:00 [INFO ] [DefaultSessionIdManager] Session workerName=node0
2026-05-14 18:05:00 [INFO ] [ContextHandler] Started o.e.j.s.ServletContextHandler@70e13fa{/,null,AVAILABLE}
2026-05-14 18:05:00 [INFO ] [AbstractConnector] Started ServerConnector@288cdaab{HTTP/1.1, (http/1.1)}{0.0.0.0:33255}
2026-05-14 18:05:00 [INFO ] [Server] Started Server@99407c2{STARTING}[11.0.24,sto=0] @4531ms
2026-05-14 18:05:00 [INFO ] [Javalin] 
       __                  ___           _____
      / /___ __   ______ _/ (_)___      / ___/
 __  / / __ `/ | / / __ `/ / / __ \    / __ \
/ /_/ / /_/ /| |/ / /_/ / / / / / /   / /_/ /
\____/\__,_/ |___/\__,_/_/_/_/ /_/    \____/

       https://javalin.io/documentation

2026-05-14 18:05:00 [INFO ] [Javalin] Javalin started in 8ms \o/
2026-05-14 18:05:00 [INFO ] [Javalin] Listening on http://localhost:33255/
2026-05-14 18:05:00 [INFO ] [Javalin] You are running Javalin 6.4.0 (released December 17, 2024. Your Javalin version is 512 days old. Consider checking for a newer version.).
2026-05-14 18:05:00 [INFO ] [ApiServer] API server started on port 33255
2026-05-14 18:05:00 [INFO ] [Javalin] Stopping Javalin ...
2026-05-14 18:05:00 [INFO ] [Server] Stopped Server@99407c2{STOPPING}[11.0.24,sto=0]
2026-05-14 18:05:00 [INFO ] [AbstractConnector] Stopped ServerConnector@288cdaab{HTTP/1.1, (http/1.1)}{0.0.0.0:0}
2026-05-14 18:05:00 [INFO ] [ContextHandler] Stopped o.e.j.s.ServletContextHandler@70e13fa{/,null,STOPPED}
2026-05-14 18:05:00 [INFO ] [Javalin] Javalin has stopped
2026-05-14 18:05:00 [INFO ] [PersonRepository] Loaded 3 persons from /tmp/junit-13494729285229746517/persons.json
2026-05-14 18:05:00 [INFO ] [VisaRepository] Loaded 3 visas from /tmp/junit-13494729285229746517/visas.json
2026-05-14 18:05:00 [INFO ] [ShareCodeRepository] Loaded 4 share codes from /tmp/junit-13494729285229746517/share_codes.json
2026-05-14 18:05:00 [INFO ] [OrganisationRepository] Loaded 4 organisations from /tmp/junit-13494729285229746517/organisations.json
2026-05-14 18:05:00 [INFO ] [Javalin] Starting Javalin ...
2026-05-14 18:05:00 [INFO ] [Server] jetty-11.0.24; built: 2024-08-26T18:11:22.448Z; git: 5dfc59a691b748796f922208956bd1f2794bcd16; jvm 25.0.2+10-69
2026-05-14 18:05:00 [INFO ] [DefaultSessionIdManager] Session workerName=node0
2026-05-14 18:05:00 [INFO ] [ContextHandler] Started o.e.j.s.ServletContextHandler@4f67e3df{/,null,AVAILABLE}
2026-05-14 18:05:00 [INFO ] [AbstractConnector] Started ServerConnector@58a2b4c{HTTP/1.1, (http/1.1)}{0.0.0.0:40963}
2026-05-14 18:05:00 [INFO ] [Server] Started Server@4f966719{STARTING}[11.0.24,sto=0] @4616ms
2026-05-14 18:05:00 [INFO ] [Javalin] 
       __                  ___           _____
      / /___ __   ______ _/ (_)___      / ___/
 __  / / __ `/ | / / __ `/ / / __ \    / __ \
/ /_/ / /_/ /| |/ / /_/ / / / / / /   / /_/ /
\____/\__,_/ |___/\__,_/_/_/_/ /_/    \____/

       https://javalin.io/documentation

2026-05-14 18:05:00 [INFO ] [Javalin] Javalin started in 8ms \o/
2026-05-14 18:05:00 [INFO ] [Javalin] Listening on http://localhost:40963/
2026-05-14 18:05:00 [INFO ] [Javalin] You are running Javalin 6.4.0 (released December 17, 2024. Your Javalin version is 512 days old. Consider checking for a newer version.).
2026-05-14 18:05:00 [INFO ] [ApiServer] API server started on port 40963
2026-05-14 18:05:00 [WARN ] [VerificationService] Confirmation refused by org=ORG001
2026-05-14 18:05:00 [INFO ] [VerificationService] Share code verification requested by org=ORG001
2026-05-14 18:05:00 [INFO ] [VerificationService] Share code verification outcome=Right to work: true, expires: 2027-06-30 org=ORG001
2026-05-14 18:05:00 [INFO ] [VerificationService] Share code verification requested by org=ORG001
2026-05-14 18:05:00 [WARN ] [VerificationService] Rejected SHARE_CODE_VERIFICATION reason=Purpose 'ACCOMMODATION' is not permitted for role 'EMPLOYER' org=ORG001
2026-05-14 18:05:00 [WARN ] [VerificationService] Confirmation refused by org=ORG001
2026-05-14 18:05:01 [INFO ] [VerificationService] Share code verification requested by org=ORG001
2026-05-14 18:05:01 [INFO ] [VerificationService] Share code verification outcome=Right to work: true, expires: 2027-06-30 org=ORG001
2026-05-14 18:05:01 [INFO ] [VerificationService] Share code verification requested by org=ORG001
2026-05-14 18:05:01 [WARN ] [VerificationService] Rejected SHARE_CODE_VERIFICATION reason=Date of birth does not match org=ORG001
2026-05-14 18:05:01 [INFO ] [VerificationService] Share code verification requested by org=ORG001
2026-05-14 18:05:01 [INFO ] [VerificationService] Share code verification outcome=Right to work: true, expires: 2027-06-30 org=ORG001
2026-05-14 18:05:01 [INFO ] [VerificationService] Share code verification requested by org=ORG001
2026-05-14 18:05:01 [INFO ] [VerificationService] Share code verification outcome=Right to work: true, expires: 2027-06-30 org=ORG001
2026-05-14 18:05:01 [INFO ] [VerificationService] Share code verification requested by org=ORG003
2026-05-14 18:05:01 [INFO ] [VerificationService] Share code verification outcome=Right to rent: true org=ORG003
2026-05-14 18:05:01 [INFO ] [VerificationService] Share code verification requested by org=ORG001
2026-05-14 18:05:01 [INFO ] [VerificationService] Share code verification outcome=Right to work: true, expires: 2027-06-30 org=ORG001
2026-05-14 18:05:01 [WARN ] [VerificationService] Confirmation refused by org=ORG001
2026-05-14 18:05:01 [INFO ] [VerificationService] Share code verification requested by org=ORG001
2026-05-14 18:05:01 [INFO ] [VerificationService] Share code verification outcome=Right to work: false, expires: 2026-10-25 org=ORG001
2026-05-14 18:05:01 [INFO ] [VerificationService] Share code verification requested by org=ORG001
2026-05-14 18:05:01 [WARN ] [VerificationService] Rejected SHARE_CODE_VERIFICATION reason=Share code has expired org=ORG001
2026-05-14 18:05:01 [WARN ] [VerificationService] Confirmation refused by org=ORG001
2026-05-14 18:05:01 [INFO ] [Javalin] Stopping Javalin ...
2026-05-14 18:05:01 [INFO ] [Server] Stopped Server@4f966719{STOPPING}[11.0.24,sto=0]
2026-05-14 18:05:01 [INFO ] [AbstractConnector] Stopped ServerConnector@58a2b4c{HTTP/1.1, (http/1.1)}{0.0.0.0:0}
2026-05-14 18:05:01 [INFO ] [ContextHandler] Stopped o.e.j.s.ServletContextHandler@4f67e3df{/,null,STOPPED}
2026-05-14 18:05:01 [INFO ] [Javalin] Javalin has stopped
2026-05-14 18:05:01 [INFO ] [PersonRepository] Loaded 3 persons from /tmp/junit-13892210358512190868/persons.json
2026-05-14 18:05:01 [INFO ] [VisaRepository] Loaded 3 visas from /tmp/junit-13892210358512190868/visas.json
2026-05-14 18:05:01 [INFO ] [ShareCodeRepository] Loaded 4 share codes from /tmp/junit-13892210358512190868/share_codes.json
2026-05-14 18:05:01 [INFO ] [OrganisationRepository] Loaded 4 organisations from /tmp/junit-13892210358512190868/organisations.json
2026-05-14 18:05:01 [INFO ] [Javalin] Starting Javalin ...
2026-05-14 18:05:01 [INFO ] [Server] jetty-11.0.24; built: 2024-08-26T18:11:22.448Z; git: 5dfc59a691b748796f922208956bd1f2794bcd16; jvm 25.0.2+10-69
2026-05-14 18:05:01 [INFO ] [DefaultSessionIdManager] Session workerName=node0
2026-05-14 18:05:01 [INFO ] [ContextHandler] Started o.e.j.s.ServletContextHandler@1a891add{/,null,AVAILABLE}
2026-05-14 18:05:01 [INFO ] [AbstractConnector] Started ServerConnector@5d7835a8{HTTP/1.1, (http/1.1)}{0.0.0.0:43035}
2026-05-14 18:05:01 [INFO ] [Server] Started Server@1976f537{STARTING}[11.0.24,sto=0] @4737ms
2026-05-14 18:05:01 [INFO ] [Javalin] 
       __                  ___           _____
      / /___ __   ______ _/ (_)___      / ___/
 __  / / __ `/ | / / __ `/ / / __ \    / __ \
/ /_/ / /_/ /| |/ / /_/ / / / / / /   / /_/ /
\____/\__,_/ |___/\__,_/_/_/_/ /_/    \____/

       https://javalin.io/documentation

2026-05-14 18:05:01 [INFO ] [Javalin] Javalin started in 6ms \o/
2026-05-14 18:05:01 [INFO ] [Javalin] Listening on http://localhost:43035/
2026-05-14 18:05:01 [INFO ] [Javalin] You are running Javalin 6.4.0 (released December 17, 2024. Your Javalin version is 512 days old. Consider checking for a newer version.).
2026-05-14 18:05:01 [INFO ] [ApiServer] API server started on port 43035
2026-05-14 18:05:01 [INFO ] [ShareCodeRepository] Persisted new share code for person P001
2026-05-14 18:05:01 [INFO ] [ShareCodeService] Generated share code for person=P001**** purpose=EMPLOYMENT
2026-05-14 18:05:01 [INFO ] [ShareCodeRepository] Persisted new share code for person P001
2026-05-14 18:05:01 [INFO ] [ShareCodeService] Generated share code for person=P001**** purpose=EMPLOYMENT
2026-05-14 18:05:01 [INFO ] [ShareCodeRepository] Persisted new share code for person P001
2026-05-14 18:05:01 [INFO ] [ShareCodeService] Generated share code for person=P001**** purpose=EMPLOYMENT
2026-05-14 18:05:01 [INFO ] [ShareCodeRepository] Persisted new share code for person P001
2026-05-14 18:05:01 [INFO ] [ShareCodeService] Generated share code for person=P001**** purpose=EMPLOYMENT
2026-05-14 18:05:01 [INFO ] [ShareCodeRepository] Persisted new share code for person P001
2026-05-14 18:05:01 [INFO ] [ShareCodeService] Generated share code for person=P001**** purpose=EMPLOYMENT
2026-05-14 18:05:01 [INFO ] [ShareCodeRepository] Persisted new share code for person P001
2026-05-14 18:05:01 [INFO ] [ShareCodeService] Generated share code for person=P001**** purpose=EMPLOYMENT
2026-05-14 18:05:01 [INFO ] [ShareCodeRepository] Persisted new share code for person P001
2026-05-14 18:05:01 [INFO ] [ShareCodeService] Generated share code for person=P001**** purpose=EMPLOYMENT
2026-05-14 18:05:01 [INFO ] [Javalin] Stopping Javalin ...
2026-05-14 18:05:01 [INFO ] [Server] Stopped Server@1976f537{STOPPING}[11.0.24,sto=0]
2026-05-14 18:05:01 [INFO ] [AbstractConnector] Stopped ServerConnector@5d7835a8{HTTP/1.1, (http/1.1)}{0.0.0.0:0}
2026-05-14 18:05:01 [INFO ] [ContextHandler] Stopped o.e.j.s.ServletContextHandler@1a891add{/,null,STOPPED}
2026-05-14 18:05:01 [INFO ] [Javalin] Javalin has stopped
2026-05-14 18:05:01 [INFO ] [PersonRepository] Loaded 3 persons from /tmp/junit-10222778656315931807/persons.json
2026-05-14 18:05:01 [INFO ] [VisaRepository] Loaded 3 visas from /tmp/junit-10222778656315931807/visas.json
2026-05-14 18:05:01 [INFO ] [ShareCodeRepository] Loaded 4 share codes from /tmp/junit-10222778656315931807/share_codes.json
2026-05-14 18:05:01 [INFO ] [OrganisationRepository] Loaded 4 organisations from /tmp/junit-10222778656315931807/organisations.json
2026-05-14 18:05:01 [INFO ] [Javalin] Starting Javalin ...
2026-05-14 18:05:01 [INFO ] [Server] jetty-11.0.24; built: 2024-08-26T18:11:22.448Z; git: 5dfc59a691b748796f922208956bd1f2794bcd16; jvm 25.0.2+10-69
2026-05-14 18:05:01 [INFO ] [DefaultSessionIdManager] Session workerName=node0
2026-05-14 18:05:01 [INFO ] [ContextHandler] Started o.e.j.s.ServletContextHandler@1ac45389{/,null,AVAILABLE}
2026-05-14 18:05:01 [INFO ] [AbstractConnector] Started ServerConnector@4aaae508{HTTP/1.1, (http/1.1)}{0.0.0.0:33625}
2026-05-14 18:05:01 [INFO ] [Server] Started Server@7bc6d27a{STARTING}[11.0.24,sto=0] @4825ms
2026-05-14 18:05:01 [INFO ] [Javalin] 
       __                  ___           _____
      / /___ __   ______ _/ (_)___      / ___/
 __  / / __ `/ | / / __ `/ / / __ \    / __ \
/ /_/ / /_/ /| |/ / /_/ / / / / / /   / /_/ /
\____/\__,_/ |___/\__,_/_/_/_/ /_/    \____/

       https://javalin.io/documentation

2026-05-14 18:05:01 [INFO ] [Javalin] Javalin started in 7ms \o/
2026-05-14 18:05:01 [INFO ] [Javalin] Listening on http://localhost:33625/
2026-05-14 18:05:01 [INFO ] [Javalin] You are running Javalin 6.4.0 (released December 17, 2024. Your Javalin version is 512 days old. Consider checking for a newer version.).
2026-05-14 18:05:01 [INFO ] [ApiServer] API server started on port 33625
2026-05-14 18:05:01 [WARN ] [VerificationService] Confirmation refused by org=ORG005
2026-05-14 18:05:01 [WARN ] [VerificationService] Confirmation refused by org=ORG001
2026-05-14 18:05:01 [INFO ] [Javalin] Stopping Javalin ...
2026-05-14 18:05:01 [INFO ] [Server] Stopped Server@7bc6d27a{STOPPING}[11.0.24,sto=0]
2026-05-14 18:05:01 [INFO ] [AbstractConnector] Stopped ServerConnector@4aaae508{HTTP/1.1, (http/1.1)}{0.0.0.0:0}
2026-05-14 18:05:01 [INFO ] [ContextHandler] Stopped o.e.j.s.ServletContextHandler@1ac45389{/,null,STOPPED}
2026-05-14 18:05:01 [INFO ] [Javalin] Javalin has stopped
2026-05-14 18:05:01 [INFO ] [PersonRepository] Loaded 3 persons from /tmp/junit-10581700001239643671/persons.json
2026-05-14 18:05:01 [INFO ] [VisaRepository] Loaded 3 visas from /tmp/junit-10581700001239643671/visas.json
2026-05-14 18:05:01 [INFO ] [ShareCodeRepository] Loaded 4 share codes from /tmp/junit-10581700001239643671/share_codes.json
2026-05-14 18:05:01 [INFO ] [OrganisationRepository] Loaded 5 organisations from /tmp/junit-10581700001239643671/organisations.json
2026-05-14 18:05:01 [INFO ] [Javalin] Starting Javalin ...
2026-05-14 18:05:01 [INFO ] [Server] jetty-11.0.24; built: 2024-08-26T18:11:22.448Z; git: 5dfc59a691b748796f922208956bd1f2794bcd16; jvm 25.0.2+10-69
2026-05-14 18:05:01 [INFO ] [DefaultSessionIdManager] Session workerName=node0
2026-05-14 18:05:01 [INFO ] [ContextHandler] Started o.e.j.s.ServletContextHandler@221dad51{/,null,AVAILABLE}
2026-05-14 18:05:01 [INFO ] [AbstractConnector] Started ServerConnector@4bbb49b0{HTTP/1.1, (http/1.1)}{0.0.0.0:34285}
2026-05-14 18:05:01 [INFO ] [Server] Started Server@3effd4f3{STARTING}[11.0.24,sto=0] @4881ms
2026-05-14 18:05:01 [INFO ] [Javalin] 
       __                  ___           _____
      / /___ __   ______ _/ (_)___      / ___/
 __  / / __ `/ | / / __ `/ / / __ \    / __ \
/ /_/ / /_/ /| |/ / /_/ / / / / / /   / /_/ /
\____/\__,_/ |___/\__,_/_/_/_/ /_/    \____/

       https://javalin.io/documentation

2026-05-14 18:05:01 [INFO ] [Javalin] Javalin started in 5ms \o/
2026-05-14 18:05:01 [INFO ] [Javalin] Listening on http://localhost:34285/
2026-05-14 18:05:01 [INFO ] [Javalin] You are running Javalin 6.4.0 (released December 17, 2024. Your Javalin version is 512 days old. Consider checking for a newer version.).
2026-05-14 18:05:01 [INFO ] [ApiServer] API server started on port 34285
2026-05-14 18:05:01 [INFO ] [ShareCodeRepository] Persisted new share code for person P001
2026-05-14 18:05:01 [INFO ] [ShareCodeService] Generated share code for person=P001**** purpose=EMPLOYMENT
2026-05-14 18:05:01 [INFO ] [VerificationService] Share code verification requested by org=ORG001
2026-05-14 18:05:01 [INFO ] [VerificationService] Share code verification outcome=Right to work: true, expires: 2027-06-30 org=ORG001
2026-05-14 18:05:01 [INFO ] [VerificationService] Share code verification requested by org=ORG001
2026-05-14 18:05:01 [INFO ] [VerificationService] Share code verification outcome=Right to work: true, expires: 2027-06-30 org=ORG001
2026-05-14 18:05:01 [INFO ] [Javalin] Stopping Javalin ...
2026-05-14 18:05:01 [INFO ] [Server] Stopped Server@3effd4f3{STOPPING}[11.0.24,sto=0]
2026-05-14 18:05:01 [INFO ] [AbstractConnector] Stopped ServerConnector@4bbb49b0{HTTP/1.1, (http/1.1)}{0.0.0.0:0}
2026-05-14 18:05:01 [INFO ] [ContextHandler] Stopped o.e.j.s.ServletContextHandler@221dad51{/,null,STOPPED}
2026-05-14 18:05:01 [INFO ] [Javalin] Javalin has stopped
2026-05-14 18:05:01 [INFO ] [PersonRepository] Loaded 3 persons from /tmp/junit-15080389973923220574/persons.json
2026-05-14 18:05:01 [INFO ] [VisaRepository] Loaded 3 visas from /tmp/junit-15080389973923220574/visas.json
2026-05-14 18:05:01 [INFO ] [ShareCodeRepository] Loaded 4 share codes from /tmp/junit-15080389973923220574/share_codes.json
2026-05-14 18:05:01 [INFO ] [OrganisationRepository] Loaded 5 organisations from /tmp/junit-15080389973923220574/organisations.json
2026-05-14 18:05:01 [INFO ] [Javalin] Starting Javalin ...
2026-05-14 18:05:01 [INFO ] [Server] jetty-11.0.24; built: 2024-08-26T18:11:22.448Z; git: 5dfc59a691b748796f922208956bd1f2794bcd16; jvm 25.0.2+10-69
2026-05-14 18:05:01 [INFO ] [DefaultSessionIdManager] Session workerName=node0
2026-05-14 18:05:01 [INFO ] [ContextHandler] Started o.e.j.s.ServletContextHandler@3d8b319e{/,null,AVAILABLE}
2026-05-14 18:05:01 [INFO ] [AbstractConnector] Started ServerConnector@68b58644{HTTP/1.1, (http/1.1)}{0.0.0.0:36859}
2026-05-14 18:05:01 [INFO ] [Server] Started Server@6ae3fb94{STARTING}[11.0.24,sto=0] @4975ms
2026-05-14 18:05:01 [INFO ] [Javalin] 
       __                  ___           _____
      / /___ __   ______ _/ (_)___      / ___/
 __  / / __ `/ | / / __ `/ / / __ \    / __ \
/ /_/ / /_/ /| |/ / /_/ / / / / / /   / /_/ /
\____/\__,_/ |___/\__,_/_/_/_/ /_/    \____/

       https://javalin.io/documentation

2026-05-14 18:05:01 [INFO ] [Javalin] Javalin started in 7ms \o/
2026-05-14 18:05:01 [INFO ] [Javalin] Listening on http://localhost:36859/
2026-05-14 18:05:01 [INFO ] [Javalin] You are running Javalin 6.4.0 (released December 17, 2024. Your Javalin version is 512 days old. Consider checking for a newer version.).
2026-05-14 18:05:01 [INFO ] [ApiServer] API server started on port 36859
2026-05-14 18:05:01 [INFO ] [ShareCodeRepository] Persisted new share code for person P004
2026-05-14 18:05:01 [INFO ] [ShareCodeService] Generated share code for person=P004**** purpose=ACCOMMODATION
2026-05-14 18:05:01 [INFO ] [ShareCodeRepository] Persisted new share code for person P001
2026-05-14 18:05:01 [INFO ] [ShareCodeService] Generated share code for person=P001**** purpose=EMPLOYMENT
2026-05-14 18:05:01 [INFO ] [VerificationService] Share code verification requested by org=ORG001
2026-05-14 18:05:01 [INFO ] [VerificationService] Share code verification outcome=Right to work: true, expires: 2027-06-30 org=ORG001
2026-05-14 18:05:01 [INFO ] [VerificationService] Share code verification requested by org=ORG001
2026-05-14 18:05:01 [INFO ] [VerificationService] Share code verification outcome=Right to work: true, expires: 2027-06-30 org=ORG001
2026-05-14 18:05:01 [INFO ] [ShareCodeRepository] Persisted new share code for person P001
2026-05-14 18:05:01 [INFO ] [ShareCodeService] Generated share code for person=P001**** purpose=EMPLOYMENT
2026-05-14 18:05:01 [INFO ] [VerificationService] Share code verification requested by org=ORG001
2026-05-14 18:05:01 [INFO ] [VerificationService] Share code verification outcome=Right to work: true, expires: 2027-06-30 org=ORG001
2026-05-14 18:05:01 [INFO ] [VerificationService] Share code verification requested by org=ORG001
2026-05-14 18:05:01 [INFO ] [VerificationService] Share code verification outcome=Right to work: true, expires: 2027-06-30 org=ORG001
2026-05-14 18:05:01 [INFO ] [ShareCodeRepository] Persisted new share code for person P004
2026-05-14 18:05:01 [INFO ] [ShareCodeService] Generated share code for person=P004**** purpose=ACCOMMODATION
2026-05-14 18:05:01 [INFO ] [VerificationService] Share code verification requested by org=ORG003
2026-05-14 18:05:01 [INFO ] [VerificationService] Share code verification outcome=Right to rent: true org=ORG003
2026-05-14 18:05:01 [INFO ] [VerificationService] Share code verification requested by org=ORG003
2026-05-14 18:05:01 [INFO ] [VerificationService] Share code verification outcome=Right to rent: true org=ORG003
2026-05-14 18:05:01 [INFO ] [Javalin] Stopping Javalin ...
2026-05-14 18:05:01 [INFO ] [Server] Stopped Server@6ae3fb94{STOPPING}[11.0.24,sto=0]
2026-05-14 18:05:01 [INFO ] [AbstractConnector] Stopped ServerConnector@68b58644{HTTP/1.1, (http/1.1)}{0.0.0.0:0}
2026-05-14 18:05:01 [INFO ] [ContextHandler] Stopped o.e.j.s.ServletContextHandler@3d8b319e{/,null,STOPPED}
2026-05-14 18:05:01 [INFO ] [Javalin] Javalin has stopped
2026-05-14 18:05:01 [INFO ] [PersonRepository] Loaded 3 persons from /tmp/junit-3417439027468158666/persons.json
2026-05-14 18:05:01 [INFO ] [VisaRepository] Loaded 3 visas from /tmp/junit-3417439027468158666/visas.json
2026-05-14 18:05:01 [INFO ] [ShareCodeRepository] Loaded 4 share codes from /tmp/junit-3417439027468158666/share_codes.json
2026-05-14 18:05:01 [INFO ] [OrganisationRepository] Loaded 5 organisations from /tmp/junit-3417439027468158666/organisations.json
2026-05-14 18:05:01 [INFO ] [Javalin] Starting Javalin ...
2026-05-14 18:05:01 [INFO ] [Server] jetty-11.0.24; built: 2024-08-26T18:11:22.448Z; git: 5dfc59a691b748796f922208956bd1f2794bcd16; jvm 25.0.2+10-69
2026-05-14 18:05:01 [INFO ] [DefaultSessionIdManager] Session workerName=node0
2026-05-14 18:05:01 [INFO ] [ContextHandler] Started o.e.j.s.ServletContextHandler@61d34b4{/,null,AVAILABLE}
2026-05-14 18:05:01 [INFO ] [AbstractConnector] Started ServerConnector@2f651f93{HTTP/1.1, (http/1.1)}{0.0.0.0:45075}
2026-05-14 18:05:01 [INFO ] [Server] Started Server@6c575325{STARTING}[11.0.24,sto=0] @5095ms
2026-05-14 18:05:01 [INFO ] [Javalin] 
       __                  ___           _____
      / /___ __   ______ _/ (_)___      / ___/
 __  / / __ `/ | / / __ `/ / / __ \    / __ \
/ /_/ / /_/ /| |/ / /_/ / / / / / /   / /_/ /
\____/\__,_/ |___/\__,_/_/_/_/ /_/    \____/

       https://javalin.io/documentation

2026-05-14 18:05:01 [INFO ] [Javalin] Javalin started in 8ms \o/
2026-05-14 18:05:01 [INFO ] [Javalin] Listening on http://localhost:45075/
2026-05-14 18:05:01 [INFO ] [Javalin] You are running Javalin 6.4.0 (released December 17, 2024. Your Javalin version is 512 days old. Consider checking for a newer version.).
2026-05-14 18:05:01 [INFO ] [ApiServer] API server started on port 45075
2026-05-14 18:05:01 [INFO ] [ShareCodeRepository] Persisted new share code for person P004
2026-05-14 18:05:01 [INFO ] [ShareCodeService] Generated share code for person=P004**** purpose=ACCOMMODATION
2026-05-14 18:05:01 [INFO ] [ShareCodeRepository] Persisted new share code for person P001
2026-05-14 18:05:01 [INFO ] [ShareCodeService] Generated share code for person=P001**** purpose=EMPLOYMENT
2026-05-14 18:05:01 [INFO ] [ShareCodeRepository] Persisted new share code for person P001
2026-05-14 18:05:01 [INFO ] [ShareCodeService] Generated share code for person=P001**** purpose=EDUCATION
2026-05-14 18:05:01 [INFO ] [Javalin] Stopping Javalin ...
2026-05-14 18:05:01 [INFO ] [Server] Stopped Server@6c575325{STOPPING}[11.0.24,sto=0]
2026-05-14 18:05:01 [INFO ] [AbstractConnector] Stopped ServerConnector@2f651f93{HTTP/1.1, (http/1.1)}{0.0.0.0:0}
2026-05-14 18:05:01 [INFO ] [ContextHandler] Stopped o.e.j.s.ServletContextHandler@61d34b4{/,null,STOPPED}
2026-05-14 18:05:01 [INFO ] [Javalin] Javalin has stopped
2026-05-14 18:05:01 [INFO ] [PersonRepository] Loaded 3 persons from /tmp/junit-16715907843118257561/persons.json
2026-05-14 18:05:01 [INFO ] [VisaRepository] Loaded 3 visas from /tmp/junit-16715907843118257561/visas.json
2026-05-14 18:05:01 [INFO ] [ShareCodeRepository] Loaded 4 share codes from /tmp/junit-16715907843118257561/share_codes.json
2026-05-14 18:05:01 [INFO ] [OrganisationRepository] Loaded 5 organisations from /tmp/junit-16715907843118257561/organisations.json
2026-05-14 18:05:01 [INFO ] [Javalin] Starting Javalin ...
2026-05-14 18:05:01 [INFO ] [Server] jetty-11.0.24; built: 2024-08-26T18:11:22.448Z; git: 5dfc59a691b748796f922208956bd1f2794bcd16; jvm 25.0.2+10-69
2026-05-14 18:05:01 [INFO ] [DefaultSessionIdManager] Session workerName=node0
2026-05-14 18:05:01 [INFO ] [ContextHandler] Started o.e.j.s.ServletContextHandler@6a48a7f3{/,null,AVAILABLE}
2026-05-14 18:05:01 [INFO ] [AbstractConnector] Started ServerConnector@572e6fd9{HTTP/1.1, (http/1.1)}{0.0.0.0:40879}
2026-05-14 18:05:01 [INFO ] [Server] Started Server@58b71ceb{STARTING}[11.0.24,sto=0] @5168ms
2026-05-14 18:05:01 [INFO ] [Javalin] 
       __                  ___           _____
      / /___ __   ______ _/ (_)___      / ___/
 __  / / __ `/ | / / __ `/ / / __ \    / __ \
/ /_/ / /_/ /| |/ / /_/ / / / / / /   / /_/ /
\____/\__,_/ |___/\__,_/_/_/_/ /_/    \____/

       https://javalin.io/documentation

2026-05-14 18:05:01 [INFO ] [Javalin] Javalin started in 10ms \o/
2026-05-14 18:05:01 [INFO ] [Javalin] Listening on http://localhost:40879/
2026-05-14 18:05:01 [INFO ] [Javalin] You are running Javalin 6.4.0 (released December 17, 2024. Your Javalin version is 512 days old. Consider checking for a newer version.).
2026-05-14 18:05:01 [INFO ] [ApiServer] API server started on port 40879
2026-05-14 18:05:01 [INFO ] [Javalin] Stopping Javalin ...
2026-05-14 18:05:01 [INFO ] [Server] Stopped Server@58b71ceb{STOPPING}[11.0.24,sto=0]
2026-05-14 18:05:01 [INFO ] [AbstractConnector] Stopped ServerConnector@572e6fd9{HTTP/1.1, (http/1.1)}{0.0.0.0:0}
2026-05-14 18:05:01 [INFO ] [ContextHandler] Stopped o.e.j.s.ServletContextHandler@6a48a7f3{/,null,STOPPED}
2026-05-14 18:05:01 [INFO ] [Javalin] Javalin has stopped
2026-05-14 18:05:01 [INFO ] [PersonRepository] Loaded 3 persons from /tmp/junit-5211454635059357926/persons.json
2026-05-14 18:05:01 [INFO ] [VisaRepository] Loaded 3 visas from /tmp/junit-5211454635059357926/visas.json
2026-05-14 18:05:01 [INFO ] [ShareCodeRepository] Loaded 4 share codes from /tmp/junit-5211454635059357926/share_codes.json
2026-05-14 18:05:01 [INFO ] [OrganisationRepository] Loaded 5 organisations from /tmp/junit-5211454635059357926/organisations.json
2026-05-14 18:05:01 [INFO ] [Javalin] Starting Javalin ...
2026-05-14 18:05:01 [INFO ] [Server] jetty-11.0.24; built: 2024-08-26T18:11:22.448Z; git: 5dfc59a691b748796f922208956bd1f2794bcd16; jvm 25.0.2+10-69
2026-05-14 18:05:01 [INFO ] [DefaultSessionIdManager] Session workerName=node0
2026-05-14 18:05:01 [INFO ] [ContextHandler] Started o.e.j.s.ServletContextHandler@3ed03652{/,null,AVAILABLE}
2026-05-14 18:05:01 [INFO ] [AbstractConnector] Started ServerConnector@23592946{HTTP/1.1, (http/1.1)}{0.0.0.0:37773}
2026-05-14 18:05:01 [INFO ] [Server] Started Server@7c2b58c0{STARTING}[11.0.24,sto=0] @5231ms
2026-05-14 18:05:01 [INFO ] [Javalin] 
       __                  ___           _____
      / /___ __   ______ _/ (_)___      / ___/
 __  / / __ `/ | / / __ `/ / / __ \    / __ \
/ /_/ / /_/ /| |/ / /_/ / / / / / /   / /_/ /
\____/\__,_/ |___/\__,_/_/_/_/ /_/    \____/

       https://javalin.io/documentation

2026-05-14 18:05:01 [INFO ] [Javalin] Javalin started in 11ms \o/
2026-05-14 18:05:01 [INFO ] [Javalin] Listening on http://localhost:37773/
2026-05-14 18:05:01 [INFO ] [Javalin] You are running Javalin 6.4.0 (released December 17, 2024. Your Javalin version is 512 days old. Consider checking for a newer version.).
2026-05-14 18:05:01 [INFO ] [ApiServer] API server started on port 37773
2026-05-14 18:05:01 [INFO ] [VerificationService] Share code verification requested by org=ORG001
2026-05-14 18:05:01 [INFO ] [VerificationService] Share code verification outcome=Right to work: true, expires: 2027-06-30 org=ORG001
2026-05-14 18:05:01 [INFO ] [VerificationService] Document verification requested by org=ORG005 docType=PASSPORT
2026-05-14 18:05:01 [INFO ] [VerificationService] Document verification outcome=Entry permitted: true, conditions: [] org=ORG005
2026-05-14 18:05:01 [INFO ] [VerificationService] Share code verification requested by org=ORG001
2026-05-14 18:05:01 [WARN ] [VerificationService] Rejected SHARE_CODE_VERIFICATION reason=Share code has expired org=ORG001
2026-05-14 18:05:01 [INFO ] [VerificationService] Share code verification requested by org=ORG001
2026-05-14 18:05:01 [INFO ] [VerificationService] Share code verification outcome=Right to work: true, expires: 2027-06-30 org=ORG001
2026-05-14 18:05:01 [INFO ] [VerificationService] Share code verification requested by org=ORG001
2026-05-14 18:05:01 [WARN ] [VerificationService] Rejected SHARE_CODE_VERIFICATION reason=Purpose 'ACCOMMODATION' is not permitted for role 'EMPLOYER' org=ORG001
2026-05-14 18:05:01 [INFO ] [VerificationService] Share code verification requested by org=ORG001
2026-05-14 18:05:01 [WARN ] [VerificationService] Rejected SHARE_CODE_VERIFICATION reason=Share code not found org=ORG001
2026-05-14 18:05:01 [INFO ] [VerificationService] Share code verification requested by org=ORG001
2026-05-14 18:05:01 [WARN ] [VerificationService] Rejected SHARE_CODE_VERIFICATION reason=Share code must be 9 uppercase alphanumeric characters org=ORG001
2026-05-14 18:05:01 [INFO ] [VerificationService] Share code verification requested by org=ORG005
2026-05-14 18:05:01 [WARN ] [VerificationService] Rejected SHARE_CODE_VERIFICATION reason=Organisation role 'BORDER_CONTROL' is not authorised for the share code route org=ORG005
2026-05-14 18:05:01 [WARN ] [VerificationService] Confirmation refused by org=ORG001
2026-05-14 18:05:01 [INFO ] [VerificationService] Document verification requested by org=ORG005 docType=PASSPORT
2026-05-14 18:05:01 [WARN ] [VerificationService] Rejected DOCUMENT_VERIFICATION reason=Person not found for document org=ORG005
2026-05-14 18:05:01 [INFO ] [VerificationService] Share code verification requested by org=ORG003
2026-05-14 18:05:01 [INFO ] [VerificationService] Share code verification outcome=Right to rent: true org=ORG003
2026-05-14 18:05:01 [WARN ] [VerificationService] Confirmation refused by org=ORG005
2026-05-14 18:05:01 [INFO ] [VerificationService] Share code verification requested by org=ORG001
2026-05-14 18:05:01 [WARN ] [VerificationService] Rejected SHARE_CODE_VERIFICATION reason=Date of birth does not match org=ORG001
2026-05-14 18:05:01 [INFO ] [VerificationService] Document verification requested by org=ORG001 docType=PASSPORT
2026-05-14 18:05:01 [WARN ] [VerificationService] Rejected DOCUMENT_VERIFICATION reason=Organisation role 'EMPLOYER' is not authorised for the document route org=ORG001
2026-05-14 18:05:01 [INFO ] [VerificationService] Document verification requested by org=ORG005 docType=PASSPORT
2026-05-14 18:05:01 [WARN ] [VerificationService] Rejected DOCUMENT_VERIFICATION reason=Passport number must be 9 uppercase alphanumeric characters org=ORG005
2026-05-14 18:05:01 [INFO ] [VerificationService] Share code verification requested by org=ORG001
2026-05-14 18:05:01 [INFO ] [VerificationService] Share code verification outcome=Right to work: false, expires: 2026-10-25 org=ORG001
2026-05-14 18:05:01 [INFO ] [VerificationService] Share code verification requested by org=ORG001
2026-05-14 18:05:01 [INFO ] [VerificationService] Share code verification outcome=Right to work: true, expires: 2027-06-30 org=ORG001
2026-05-14 18:05:01 [INFO ] [VerificationService] Share code verification requested by org=ORG001
2026-05-14 18:05:01 [INFO ] [VerificationService] Share code verification outcome=Right to work: true, expires: 2027-06-30 org=ORG001
2026-05-14 18:05:01 [WARN ] [VerificationService] Confirmation refused by org=ORG001
2026-05-14 18:05:01 [INFO ] [VerificationService] Document verification requested by org=ORG006 docType=PASSPORT
2026-05-14 18:05:01 [INFO ] [VerificationService] Document verification outcome=Visa type: WORK, valid: true, expires: 2027-06-30 org=ORG006
2026-05-14 18:05:01 [INFO ] [Javalin] Stopping Javalin ...
2026-05-14 18:05:01 [INFO ] [Server] Stopped Server@7c2b58c0{STOPPING}[11.0.24,sto=0]
2026-05-14 18:05:01 [INFO ] [AbstractConnector] Stopped ServerConnector@23592946{HTTP/1.1, (http/1.1)}{0.0.0.0:0}
2026-05-14 18:05:01 [INFO ] [ContextHandler] Stopped o.e.j.s.ServletContextHandler@3ed03652{/,null,STOPPED}
2026-05-14 18:05:01 [INFO ] [Javalin] Javalin has stopped
2026-05-14 18:05:01 [INFO ] [ShareCodeRepository] Loaded 0 share codes from /tmp/junit-14551579648023610550/share_codes.json
2026-05-14 18:05:01 [INFO ] [ShareCodeRepository] Persisted new share code for person P003
2026-05-14 18:05:01 [INFO ] [ShareCodeService] Generated share code for person=P003**** purpose=ACCOMMODATION
2026-05-14 18:05:01 [INFO ] [ShareCodeRepository] Loaded 0 share codes from /tmp/junit-13507720137936333090/share_codes.json
2026-05-14 18:05:01 [INFO ] [ShareCodeRepository] Persisted new share code for person P001
2026-05-14 18:05:01 [INFO ] [ShareCodeService] Generated share code for person=P001**** purpose=EMPLOYMENT
2026-05-14 18:05:01 [INFO ] [ShareCodeRepository] Loaded 0 share codes from /tmp/junit-13926354542779891689/share_codes.json
2026-05-14 18:05:01 [INFO ] [ShareCodeRepository] Persisted new share code for person P001
2026-05-14 18:05:01 [INFO ] [ShareCodeService] Generated share code for person=P001**** purpose=EMPLOYMENT
2026-05-14 18:05:01 [INFO ] [ShareCodeRepository] Loaded 0 share codes from /tmp/junit-12861737660080605697/share_codes.json
2026-05-14 18:05:01 [INFO ] [ShareCodeRepository] Persisted new share code for person P001
2026-05-14 18:05:01 [INFO ] [ShareCodeService] Generated share code for person=P001**** purpose=EMPLOYMENT
2026-05-14 18:05:01 [INFO ] [ShareCodeRepository] Loaded 0 share codes from /tmp/junit-874676607891556080/share_codes.json
2026-05-14 18:05:01 [INFO ] [ShareCodeRepository] Persisted new share code for person P001
2026-05-14 18:05:01 [INFO ] [ShareCodeService] Generated share code for person=P001**** purpose=EMPLOYMENT
2026-05-14 18:05:01 [INFO ] [ShareCodeRepository] Persisted new share code for person P001
2026-05-14 18:05:01 [INFO ] [ShareCodeService] Generated share code for person=P001**** purpose=EMPLOYMENT
2026-05-14 18:05:01 [INFO ] [PersonRepository] Loaded 3 persons from /tmp/junit-3641481213973682463/persons.json
2026-05-14 18:05:01 [INFO ] [VisaRepository] Loaded 3 visas from /tmp/junit-3641481213973682463/visas.json
2026-05-14 18:05:01 [INFO ] [ShareCodeRepository] Loaded 4 share codes from /tmp/junit-3641481213973682463/share_codes.json
2026-05-14 18:05:01 [INFO ] [OrganisationRepository] Loaded 4 organisations from /tmp/junit-3641481213973682463/organisations.json
2026-05-14 18:05:01 [INFO ] [VerificationService] Share code verification requested by org=ORG001
2026-05-14 18:05:01 [WARN ] [VerificationService] Rejected SHARE_CODE_VERIFICATION reason=Share code has expired org=ORG001
2026-05-14 18:05:01 [INFO ] [PersonRepository] Loaded 3 persons from /tmp/junit-8045309633779039858/persons.json
2026-05-14 18:05:01 [INFO ] [VisaRepository] Loaded 3 visas from /tmp/junit-8045309633779039858/visas.json
2026-05-14 18:05:01 [INFO ] [ShareCodeRepository] Loaded 4 share codes from /tmp/junit-8045309633779039858/share_codes.json
2026-05-14 18:05:01 [INFO ] [OrganisationRepository] Loaded 4 organisations from /tmp/junit-8045309633779039858/organisations.json
2026-05-14 18:05:01 [INFO ] [VerificationService] Share code verification requested by org=ORG003
2026-05-14 18:05:01 [INFO ] [VerificationService] Share code verification outcome=Right to rent: true org=ORG003
2026-05-14 18:05:01 [INFO ] [PersonRepository] Loaded 3 persons from /tmp/junit-10002795823854239576/persons.json
2026-05-14 18:05:01 [INFO ] [VisaRepository] Loaded 3 visas from /tmp/junit-10002795823854239576/visas.json
2026-05-14 18:05:01 [INFO ] [ShareCodeRepository] Loaded 4 share codes from /tmp/junit-10002795823854239576/share_codes.json
2026-05-14 18:05:01 [INFO ] [OrganisationRepository] Loaded 4 organisations from /tmp/junit-10002795823854239576/organisations.json
2026-05-14 18:05:01 [INFO ] [VerificationService] Document verification requested by org=ORG005 docType=PASSPORT
2026-05-14 18:05:01 [INFO ] [VerificationService] Document verification outcome=Entry permitted: true, conditions: [] org=ORG005
2026-05-14 18:05:01 [INFO ] [PersonRepository] Loaded 3 persons from /tmp/junit-12734828009534743236/persons.json
2026-05-14 18:05:01 [INFO ] [VisaRepository] Loaded 3 visas from /tmp/junit-12734828009534743236/visas.json
2026-05-14 18:05:01 [INFO ] [ShareCodeRepository] Loaded 4 share codes from /tmp/junit-12734828009534743236/share_codes.json
2026-05-14 18:05:01 [INFO ] [OrganisationRepository] Loaded 4 organisations from /tmp/junit-12734828009534743236/organisations.json
2026-05-14 18:05:01 [INFO ] [VerificationService] Share code verification requested by org=ORG001
2026-05-14 18:05:01 [WARN ] [VerificationService] Rejected SHARE_CODE_VERIFICATION reason=Purpose 'ACCOMMODATION' is not permitted for role 'EMPLOYER' org=ORG001
2026-05-14 18:05:01 [INFO ] [PersonRepository] Loaded 3 persons from /tmp/junit-6089521843053529707/persons.json
2026-05-14 18:05:01 [INFO ] [VisaRepository] Loaded 3 visas from /tmp/junit-6089521843053529707/visas.json
2026-05-14 18:05:01 [INFO ] [ShareCodeRepository] Loaded 4 share codes from /tmp/junit-6089521843053529707/share_codes.json
2026-05-14 18:05:01 [INFO ] [OrganisationRepository] Loaded 4 organisations from /tmp/junit-6089521843053529707/organisations.json
2026-05-14 18:05:01 [INFO ] [VerificationService] Share code verification requested by org=ORG001
2026-05-14 18:05:01 [WARN ] [VerificationService] Rejected SHARE_CODE_VERIFICATION reason=Date of birth does not match org=ORG001
2026-05-14 18:05:01 [INFO ] [PersonRepository] Loaded 3 persons from /tmp/junit-8628534962409889142/persons.json
2026-05-14 18:05:01 [INFO ] [VisaRepository] Loaded 3 visas from /tmp/junit-8628534962409889142/visas.json
2026-05-14 18:05:01 [INFO ] [ShareCodeRepository] Loaded 4 share codes from /tmp/junit-8628534962409889142/share_codes.json
2026-05-14 18:05:01 [INFO ] [OrganisationRepository] Loaded 4 organisations from /tmp/junit-8628534962409889142/organisations.json
2026-05-14 18:05:01 [INFO ] [VerificationService] Share code verification requested by org=ORG001
2026-05-14 18:05:01 [INFO ] [VerificationService] Share code verification outcome=Right to work: false, expires: 2026-10-25 org=ORG001
2026-05-14 18:05:01 [INFO ] [PersonRepository] Loaded 3 persons from /tmp/junit-16802475139458391485/persons.json
2026-05-14 18:05:01 [INFO ] [VisaRepository] Loaded 3 visas from /tmp/junit-16802475139458391485/visas.json
2026-05-14 18:05:01 [INFO ] [ShareCodeRepository] Loaded 4 share codes from /tmp/junit-16802475139458391485/share_codes.json
2026-05-14 18:05:01 [INFO ] [OrganisationRepository] Loaded 4 organisations from /tmp/junit-16802475139458391485/organisations.json
2026-05-14 18:05:01 [INFO ] [VerificationService] Document verification requested by org=ORG006 docType=PASSPORT
2026-05-14 18:05:01 [INFO ] [VerificationService] Document verification outcome=Visa type: WORK, valid: true, expires: 2027-06-30 org=ORG006
2026-05-14 18:05:01 [INFO ] [PersonRepository] Loaded 3 persons from /tmp/junit-1123228946194162371/persons.json
2026-05-14 18:05:01 [INFO ] [VisaRepository] Loaded 3 visas from /tmp/junit-1123228946194162371/visas.json
2026-05-14 18:05:01 [INFO ] [ShareCodeRepository] Loaded 4 share codes from /tmp/junit-1123228946194162371/share_codes.json
2026-05-14 18:05:01 [INFO ] [OrganisationRepository] Loaded 4 organisations from /tmp/junit-1123228946194162371/organisations.json
2026-05-14 18:05:01 [INFO ] [VerificationService] Share code verification requested by org=ORG001
2026-05-14 18:05:01 [INFO ] [VerificationService] Share code verification outcome=Right to work: true, expires: 2027-06-30 org=ORG001
2026-05-14 18:05:01 [INFO ] [PersonRepository] Loaded 3 persons from /tmp/junit-777464679748321355/persons.json
2026-05-14 18:05:01 [INFO ] [VisaRepository] Loaded 3 visas from /tmp/junit-777464679748321355/visas.json
2026-05-14 18:05:01 [INFO ] [ShareCodeRepository] Loaded 4 share codes from /tmp/junit-777464679748321355/share_codes.json
2026-05-14 18:05:01 [INFO ] [OrganisationRepository] Loaded 4 organisations from /tmp/junit-777464679748321355/organisations.json
2026-05-14 18:05:01 [INFO ] [VerificationService] Share code verification requested by org=ORG001
2026-05-14 18:05:01 [WARN ] [VerificationService] Rejected SHARE_CODE_VERIFICATION reason=Share code must be 9 uppercase alphanumeric characters org=ORG001
2026-05-14 18:05:01 [INFO ] [PersonRepository] Loaded 3 persons from /tmp/junit-2516144375688779272/persons.json
2026-05-14 18:05:01 [INFO ] [VisaRepository] Loaded 3 visas from /tmp/junit-2516144375688779272/visas.json
2026-05-14 18:05:01 [INFO ] [ShareCodeRepository] Loaded 4 share codes from /tmp/junit-2516144375688779272/share_codes.json
2026-05-14 18:05:01 [INFO ] [OrganisationRepository] Loaded 4 organisations from /tmp/junit-2516144375688779272/organisations.json
2026-05-14 18:05:01 [INFO ] [VerificationService] Document verification requested by org=ORG005 docType=PASSPORT
2026-05-14 18:05:01 [WARN ] [VerificationService] Rejected DOCUMENT_VERIFICATION reason=Person not found for document org=ORG005
2026-05-14 18:05:01 [INFO ] [PersonRepository] Loaded 3 persons from /tmp/junit-7832484045928127754/persons.json
2026-05-14 18:05:01 [INFO ] [VisaRepository] Loaded 3 visas from /tmp/junit-7832484045928127754/visas.json
2026-05-14 18:05:01 [INFO ] [ShareCodeRepository] Loaded 4 share codes from /tmp/junit-7832484045928127754/share_codes.json
2026-05-14 18:05:01 [INFO ] [OrganisationRepository] Loaded 4 organisations from /tmp/junit-7832484045928127754/organisations.json
2026-05-14 18:05:01 [INFO ] [VerificationService] Document verification requested by org=ORG005 docType=PASSPORT
2026-05-14 18:05:01 [WARN ] [VerificationService] Rejected DOCUMENT_VERIFICATION reason=Passport number must be 9 uppercase alphanumeric characters org=ORG005
2026-05-14 18:05:01 [INFO ] [PersonRepository] Loaded 3 persons from /tmp/junit-13079427787687466785/persons.json
2026-05-14 18:05:01 [INFO ] [VisaRepository] Loaded 3 visas from /tmp/junit-13079427787687466785/visas.json
2026-05-14 18:05:01 [INFO ] [ShareCodeRepository] Loaded 4 share codes from /tmp/junit-13079427787687466785/share_codes.json
2026-05-14 18:05:01 [INFO ] [OrganisationRepository] Loaded 4 organisations from /tmp/junit-13079427787687466785/organisations.json
2026-05-14 18:05:01 [INFO ] [VerificationService] Document verification requested by org=ORG001 docType=PASSPORT
2026-05-14 18:05:01 [WARN ] [VerificationService] Rejected DOCUMENT_VERIFICATION reason=Organisation role 'EMPLOYER' is not authorised for the document route org=ORG001
2026-05-14 18:05:01 [INFO ] [PersonRepository] Loaded 3 persons from /tmp/junit-17080628709708296757/persons.json
2026-05-14 18:05:01 [INFO ] [VisaRepository] Loaded 3 visas from /tmp/junit-17080628709708296757/visas.json
2026-05-14 18:05:01 [INFO ] [ShareCodeRepository] Loaded 4 share codes from /tmp/junit-17080628709708296757/share_codes.json
2026-05-14 18:05:01 [INFO ] [OrganisationRepository] Loaded 4 organisations from /tmp/junit-17080628709708296757/organisations.json
2026-05-14 18:05:01 [INFO ] [VerificationService] Share code verification requested by org=ORG999
2026-05-14 18:05:01 [WARN ] [VerificationService] Rejected SHARE_CODE_VERIFICATION reason=Organisation not recognised org=ORG999
2026-05-14 18:05:01 [INFO ] [PersonRepository] Loaded 3 persons from /tmp/junit-4981357262336199727/persons.json
2026-05-14 18:05:01 [INFO ] [VisaRepository] Loaded 3 visas from /tmp/junit-4981357262336199727/visas.json
2026-05-14 18:05:01 [INFO ] [ShareCodeRepository] Loaded 4 share codes from /tmp/junit-4981357262336199727/share_codes.json
2026-05-14 18:05:01 [INFO ] [OrganisationRepository] Loaded 4 organisations from /tmp/junit-4981357262336199727/organisations.json
2026-05-14 18:05:01 [INFO ] [VerificationService] Share code verification requested by org=ORG005
2026-05-14 18:05:01 [WARN ] [VerificationService] Rejected SHARE_CODE_VERIFICATION reason=Organisation role 'BORDER_CONTROL' is not authorised for the share code route org=ORG005
2026-05-14 18:05:01 [INFO ] [PersonRepository] Loaded 3 persons from /tmp/junit-10314743129895637976/persons.json
2026-05-14 18:05:01 [INFO ] [VisaRepository] Loaded 3 visas from /tmp/junit-10314743129895637976/visas.json
2026-05-14 18:05:01 [INFO ] [ShareCodeRepository] Loaded 4 share codes from /tmp/junit-10314743129895637976/share_codes.json
2026-05-14 18:05:01 [INFO ] [OrganisationRepository] Loaded 4 organisations from /tmp/junit-10314743129895637976/organisations.json
2026-05-14 18:05:01 [INFO ] [VerificationService] Share code verification requested by org=ORG001
2026-05-14 18:05:01 [INFO ] [VerificationService] Share code verification outcome=Right to work: true, expires: 2027-06-30 org=ORG001
2026-05-14 18:05:01 [INFO ] [VerificationService] Share code verification requested by org=ORG001
2026-05-14 18:05:01 [INFO ] [VerificationService] Share code verification outcome=Right to work: true, expires: 2027-06-30 org=ORG001
2026-05-14 18:20:25 [INFO ] [Main] Immigration Status Verification System starting
2026-05-14 18:23:33 [INFO ] [PersonRepository] Loaded 3 persons from /tmp/junit-6346451854069515192/persons.json
2026-05-14 18:23:33 [INFO ] [VisaRepository] Loaded 3 visas from /tmp/junit-6346451854069515192/visas.json
2026-05-14 18:23:33 [INFO ] [ShareCodeRepository] Loaded 4 share codes from /tmp/junit-6346451854069515192/share_codes.json
2026-05-14 18:23:33 [INFO ] [OrganisationRepository] Loaded 4 organisations from /tmp/junit-6346451854069515192/organisations.json
2026-05-14 18:23:33 [INFO ] [Javalin] Starting Javalin ...
2026-05-14 18:23:33 [INFO ] [Server] jetty-11.0.24; built: 2024-08-26T18:11:22.448Z; git: 5dfc59a691b748796f922208956bd1f2794bcd16; jvm 25.0.2+10-69
2026-05-14 18:23:33 [INFO ] [DefaultSessionIdManager] Session workerName=node0
2026-05-14 18:23:33 [INFO ] [ContextHandler] Started o.e.j.s.ServletContextHandler@2b9b7f1f{/,null,AVAILABLE}
2026-05-14 18:23:33 [INFO ] [AbstractConnector] Started ServerConnector@1adb7478{HTTP/1.1, (http/1.1)}{0.0.0.0:46507}
2026-05-14 18:23:33 [INFO ] [Server] Started Server@452c8a40{STARTING}[11.0.24,sto=0] @1642ms
2026-05-14 18:23:33 [INFO ] [Javalin] 
       __                  ___           _____
      / /___ __   ______ _/ (_)___      / ___/
 __  / / __ `/ | / / __ `/ / / __ \    / __ \
/ /_/ / /_/ /| |/ / /_/ / / / / / /   / /_/ /
\____/\__,_/ |___/\__,_/_/_/_/ /_/    \____/

       https://javalin.io/documentation

2026-05-14 18:23:33 [INFO ] [Javalin] Javalin started in 169ms \o/
2026-05-14 18:23:33 [INFO ] [Javalin] Listening on http://localhost:46507/
2026-05-14 18:23:33 [INFO ] [Javalin] You are running Javalin 6.4.0 (released December 17, 2024. Your Javalin version is 512 days old. Consider checking for a newer version.).
2026-05-14 18:23:33 [INFO ] [ApiServer] API server started on port 46507
2026-05-14 18:23:34 [INFO ] [ShareCodeRepository] Persisted new share code for person P001
2026-05-14 18:23:34 [INFO ] [ShareCodeService] Generated share code for person=P001**** purpose=EMPLOYMENT
2026-05-14 18:23:34 [INFO ] [VerificationService] Share code verification requested by org=ORG001
2026-05-14 18:23:34 [INFO ] [VerificationService] Share code verification outcome=Right to work: true, expires: 2027-06-30 org=ORG001
2026-05-14 18:23:34 [INFO ] [VerificationService] Share code verification requested by org=ORG001
2026-05-14 18:23:34 [INFO ] [VerificationService] Share code verification outcome=Right to work: true, expires: 2027-06-30 org=ORG001
2026-05-14 18:23:34 [INFO ] [ShareCodeRepository] Persisted new share code for person P001
2026-05-14 18:23:34 [INFO ] [ShareCodeService] Generated share code for person=P001**** purpose=EMPLOYMENT
2026-05-14 18:23:34 [INFO ] [VerificationService] Share code verification requested by org=ORG001
2026-05-14 18:23:34 [INFO ] [VerificationService] Share code verification outcome=Right to work: true, expires: 2027-06-30 org=ORG001
2026-05-14 18:23:34 [INFO ] [ShareCodeRepository] Persisted new share code for person P001
2026-05-14 18:23:34 [INFO ] [ShareCodeService] Generated share code for person=P001**** purpose=EMPLOYMENT
2026-05-14 18:23:34 [INFO ] [VerificationService] Share code verification requested by org=ORG001
2026-05-14 18:23:34 [INFO ] [VerificationService] Share code verification outcome=Right to work: true, expires: 2027-06-30 org=ORG001
2026-05-14 18:23:34 [INFO ] [VerificationService] Share code verification requested by org=ORG001
2026-05-14 18:23:34 [INFO ] [VerificationService] Share code verification outcome=Right to work: true, expires: 2027-06-30 org=ORG001
2026-05-14 18:23:34 [INFO ] [Javalin] Stopping Javalin ...
2026-05-14 18:23:34 [INFO ] [Server] Stopped Server@452c8a40{STOPPING}[11.0.24,sto=0]
2026-05-14 18:23:34 [INFO ] [AbstractConnector] Stopped ServerConnector@1adb7478{HTTP/1.1, (http/1.1)}{0.0.0.0:0}
2026-05-14 18:23:34 [INFO ] [ContextHandler] Stopped o.e.j.s.ServletContextHandler@2b9b7f1f{/,null,STOPPED}
2026-05-14 18:23:34 [INFO ] [Javalin] Javalin has stopped
2026-05-14 18:23:34 [INFO ] [PersonRepository] Loaded 3 persons from /tmp/junit-4217561337296748248/persons.json
2026-05-14 18:23:34 [INFO ] [VisaRepository] Loaded 3 visas from /tmp/junit-4217561337296748248/visas.json
2026-05-14 18:23:34 [INFO ] [ShareCodeRepository] Loaded 4 share codes from /tmp/junit-4217561337296748248/share_codes.json
2026-05-14 18:23:34 [INFO ] [OrganisationRepository] Loaded 4 organisations from /tmp/junit-4217561337296748248/organisations.json
2026-05-14 18:23:34 [INFO ] [Javalin] Starting Javalin ...
2026-05-14 18:23:34 [INFO ] [Server] jetty-11.0.24; built: 2024-08-26T18:11:22.448Z; git: 5dfc59a691b748796f922208956bd1f2794bcd16; jvm 25.0.2+10-69
2026-05-14 18:23:34 [INFO ] [DefaultSessionIdManager] Session workerName=node0
2026-05-14 18:23:34 [INFO ] [ContextHandler] Started o.e.j.s.ServletContextHandler@68c7ef83{/,null,AVAILABLE}
2026-05-14 18:23:34 [INFO ] [AbstractConnector] Started ServerConnector@563a89b5{HTTP/1.1, (http/1.1)}{0.0.0.0:45231}
2026-05-14 18:23:34 [INFO ] [Server] Started Server@270b6b5e{STARTING}[11.0.24,sto=0] @2229ms
2026-05-14 18:23:34 [INFO ] [Javalin] 
       __                  ___           _____
      / /___ __   ______ _/ (_)___      / ___/
 __  / / __ `/ | / / __ `/ / / __ \    / __ \
/ /_/ / /_/ /| |/ / /_/ / / / / / /   / /_/ /
\____/\__,_/ |___/\__,_/_/_/_/ /_/    \____/

       https://javalin.io/documentation

2026-05-14 18:23:34 [INFO ] [Javalin] Javalin started in 7ms \o/
2026-05-14 18:23:34 [INFO ] [Javalin] Listening on http://localhost:45231/
2026-05-14 18:23:34 [INFO ] [Javalin] You are running Javalin 6.4.0 (released December 17, 2024. Your Javalin version is 512 days old. Consider checking for a newer version.).
2026-05-14 18:23:34 [INFO ] [ApiServer] API server started on port 45231
2026-05-14 18:23:34 [WARN ] [VerificationService] Confirmation refused by org=ORG005
2026-05-14 18:23:34 [INFO ] [VerificationService] Document verification requested by org=ORG001 docType=PASSPORT
2026-05-14 18:23:34 [WARN ] [VerificationService] Rejected DOCUMENT_VERIFICATION reason=Organisation role 'EMPLOYER' is not authorised for the document route org=ORG001
2026-05-14 18:23:34 [INFO ] [VerificationService] Document verification requested by org=ORG005 docType=PASSPORT
2026-05-14 18:23:34 [INFO ] [VerificationService] Document verification outcome=Entry permitted: true, conditions: [] org=ORG005
2026-05-14 18:23:34 [INFO ] [VerificationService] Document verification requested by org=ORG006 docType=PASSPORT
2026-05-14 18:23:34 [INFO ] [VerificationService] Document verification outcome=Visa type: WORK, valid: true, expires: 2027-06-30 org=ORG006
2026-05-14 18:23:34 [INFO ] [VerificationService] Document verification requested by org=ORG005 docType=PASSPORT
2026-05-14 18:23:34 [WARN ] [VerificationService] Rejected DOCUMENT_VERIFICATION reason=Person not found for document org=ORG005
2026-05-14 18:23:34 [INFO ] [VerificationService] Document verification requested by org=ORG006 docType=PASSPORT
2026-05-14 18:23:34 [INFO ] [VerificationService] Document verification outcome=Visa type: WORK, valid: true, expires: 2027-06-30 org=ORG006
2026-05-14 18:23:34 [INFO ] [VerificationService] Document verification requested by org=ORG005 docType=PASSPORT
2026-05-14 18:23:34 [INFO ] [VerificationService] Document verification outcome=Entry permitted: true, conditions: [] org=ORG005
2026-05-14 18:23:34 [INFO ] [VerificationService] Document verification requested by org=ORG005 docType=PASSPORT
2026-05-14 18:23:34 [INFO ] [VerificationService] Document verification outcome=Entry permitted: true, conditions: [] org=ORG005
2026-05-14 18:23:34 [WARN ] [VerificationService] Confirmation refused by org=ORG005
2026-05-14 18:23:34 [INFO ] [Javalin] Stopping Javalin ...
2026-05-14 18:23:34 [INFO ] [Server] Stopped Server@270b6b5e{STOPPING}[11.0.24,sto=0]
2026-05-14 18:23:34 [INFO ] [AbstractConnector] Stopped ServerConnector@563a89b5{HTTP/1.1, (http/1.1)}{0.0.0.0:0}
2026-05-14 18:23:34 [INFO ] [ContextHandler] Stopped o.e.j.s.ServletContextHandler@68c7ef83{/,null,STOPPED}
2026-05-14 18:23:34 [INFO ] [Javalin] Javalin has stopped
2026-05-14 18:23:34 [INFO ] [PersonRepository] Loaded 3 persons from /tmp/junit-16374786499392031992/persons.json
2026-05-14 18:23:34 [INFO ] [VisaRepository] Loaded 3 visas from /tmp/junit-16374786499392031992/visas.json
2026-05-14 18:23:34 [INFO ] [ShareCodeRepository] Loaded 4 share codes from /tmp/junit-16374786499392031992/share_codes.json
2026-05-14 18:23:34 [INFO ] [OrganisationRepository] Loaded 4 organisations from /tmp/junit-16374786499392031992/organisations.json
2026-05-14 18:23:34 [INFO ] [Javalin] Starting Javalin ...
2026-05-14 18:23:34 [INFO ] [Server] jetty-11.0.24; built: 2024-08-26T18:11:22.448Z; git: 5dfc59a691b748796f922208956bd1f2794bcd16; jvm 25.0.2+10-69
2026-05-14 18:23:34 [INFO ] [DefaultSessionIdManager] Session workerName=node0
2026-05-14 18:23:34 [INFO ] [ContextHandler] Started o.e.j.s.ServletContextHandler@70e13fa{/,null,AVAILABLE}
2026-05-14 18:23:34 [INFO ] [AbstractConnector] Started ServerConnector@288cdaab{HTTP/1.1, (http/1.1)}{0.0.0.0:33787}
2026-05-14 18:23:34 [INFO ] [Server] Started Server@99407c2{STARTING}[11.0.24,sto=0] @2352ms
2026-05-14 18:23:34 [INFO ] [Javalin] 
       __                  ___           _____
      / /___ __   ______ _/ (_)___      / ___/
 __  / / __ `/ | / / __ `/ / / __ \    / __ \
/ /_/ / /_/ /| |/ / /_/ / / / / / /   / /_/ /
\____/\__,_/ |___/\__,_/_/_/_/ /_/    \____/

       https://javalin.io/documentation

2026-05-14 18:23:34 [INFO ] [Javalin] Javalin started in 6ms \o/
2026-05-14 18:23:34 [INFO ] [Javalin] Listening on http://localhost:33787/
2026-05-14 18:23:34 [INFO ] [Javalin] You are running Javalin 6.4.0 (released December 17, 2024. Your Javalin version is 512 days old. Consider checking for a newer version.).
2026-05-14 18:23:34 [INFO ] [ApiServer] API server started on port 33787
2026-05-14 18:23:34 [INFO ] [Javalin] Stopping Javalin ...
2026-05-14 18:23:34 [INFO ] [Server] Stopped Server@99407c2{STOPPING}[11.0.24,sto=0]
2026-05-14 18:23:34 [INFO ] [AbstractConnector] Stopped ServerConnector@288cdaab{HTTP/1.1, (http/1.1)}{0.0.0.0:0}
2026-05-14 18:23:34 [INFO ] [ContextHandler] Stopped o.e.j.s.ServletContextHandler@70e13fa{/,null,STOPPED}
2026-05-14 18:23:34 [INFO ] [Javalin] Javalin has stopped
2026-05-14 18:23:34 [INFO ] [PersonRepository] Loaded 3 persons from /tmp/junit-812115508777192348/persons.json
2026-05-14 18:23:34 [INFO ] [VisaRepository] Loaded 3 visas from /tmp/junit-812115508777192348/visas.json
2026-05-14 18:23:34 [INFO ] [ShareCodeRepository] Loaded 4 share codes from /tmp/junit-812115508777192348/share_codes.json
2026-05-14 18:23:34 [INFO ] [OrganisationRepository] Loaded 4 organisations from /tmp/junit-812115508777192348/organisations.json
2026-05-14 18:23:34 [INFO ] [Javalin] Starting Javalin ...
2026-05-14 18:23:34 [INFO ] [Server] jetty-11.0.24; built: 2024-08-26T18:11:22.448Z; git: 5dfc59a691b748796f922208956bd1f2794bcd16; jvm 25.0.2+10-69
2026-05-14 18:23:34 [INFO ] [DefaultSessionIdManager] Session workerName=node0
2026-05-14 18:23:34 [INFO ] [ContextHandler] Started o.e.j.s.ServletContextHandler@4f67e3df{/,null,AVAILABLE}
2026-05-14 18:23:34 [INFO ] [AbstractConnector] Started ServerConnector@58a2b4c{HTTP/1.1, (http/1.1)}{0.0.0.0:40075}
2026-05-14 18:23:34 [INFO ] [Server] Started Server@4f966719{STARTING}[11.0.24,sto=0] @2413ms
2026-05-14 18:23:34 [INFO ] [Javalin] 
       __                  ___           _____
      / /___ __   ______ _/ (_)___      / ___/
 __  / / __ `/ | / / __ `/ / / __ \    / __ \
/ /_/ / /_/ /| |/ / /_/ / / / / / /   / /_/ /
\____/\__,_/ |___/\__,_/_/_/_/ /_/    \____/

       https://javalin.io/documentation

2026-05-14 18:23:34 [INFO ] [Javalin] Javalin started in 6ms \o/
2026-05-14 18:23:34 [INFO ] [Javalin] Listening on http://localhost:40075/
2026-05-14 18:23:34 [INFO ] [Javalin] You are running Javalin 6.4.0 (released December 17, 2024. Your Javalin version is 512 days old. Consider checking for a newer version.).
2026-05-14 18:23:34 [INFO ] [ApiServer] API server started on port 40075
2026-05-14 18:23:34 [WARN ] [VerificationService] Confirmation refused by org=ORG001
2026-05-14 18:23:34 [INFO ] [VerificationService] Share code verification requested by org=ORG001
2026-05-14 18:23:34 [INFO ] [VerificationService] Share code verification outcome=Right to work: true, expires: 2027-06-30 org=ORG001
2026-05-14 18:23:34 [INFO ] [VerificationService] Share code verification requested by org=ORG001
2026-05-14 18:23:34 [WARN ] [VerificationService] Rejected SHARE_CODE_VERIFICATION reason=Purpose 'ACCOMMODATION' is not permitted for role 'EMPLOYER' org=ORG001
2026-05-14 18:23:34 [WARN ] [VerificationService] Confirmation refused by org=ORG001
2026-05-14 18:23:34 [INFO ] [VerificationService] Share code verification requested by org=ORG001
2026-05-14 18:23:34 [INFO ] [VerificationService] Share code verification outcome=Right to work: true, expires: 2027-06-30 org=ORG001
2026-05-14 18:23:34 [INFO ] [VerificationService] Share code verification requested by org=ORG001
2026-05-14 18:23:34 [WARN ] [VerificationService] Rejected SHARE_CODE_VERIFICATION reason=Date of birth does not match org=ORG001
2026-05-14 18:23:34 [INFO ] [VerificationService] Share code verification requested by org=ORG001
2026-05-14 18:23:34 [INFO ] [VerificationService] Share code verification outcome=Right to work: true, expires: 2027-06-30 org=ORG001
2026-05-14 18:23:34 [INFO ] [VerificationService] Share code verification requested by org=ORG001
2026-05-14 18:23:34 [INFO ] [VerificationService] Share code verification outcome=Right to work: true, expires: 2027-06-30 org=ORG001
2026-05-14 18:23:34 [INFO ] [VerificationService] Share code verification requested by org=ORG003
2026-05-14 18:23:34 [INFO ] [VerificationService] Share code verification outcome=Right to rent: true org=ORG003
2026-05-14 18:23:34 [INFO ] [VerificationService] Share code verification requested by org=ORG001
2026-05-14 18:23:34 [INFO ] [VerificationService] Share code verification outcome=Right to work: true, expires: 2027-06-30 org=ORG001
2026-05-14 18:23:34 [WARN ] [VerificationService] Confirmation refused by org=ORG001
2026-05-14 18:23:34 [INFO ] [VerificationService] Share code verification requested by org=ORG001
2026-05-14 18:23:34 [INFO ] [VerificationService] Share code verification outcome=Right to work: false, expires: 2026-10-25 org=ORG001
2026-05-14 18:23:34 [INFO ] [VerificationService] Share code verification requested by org=ORG001
2026-05-14 18:23:34 [WARN ] [VerificationService] Rejected SHARE_CODE_VERIFICATION reason=Share code has expired org=ORG001
2026-05-14 18:23:34 [WARN ] [VerificationService] Confirmation refused by org=ORG001
2026-05-14 18:23:34 [INFO ] [Javalin] Stopping Javalin ...
2026-05-14 18:23:34 [INFO ] [Server] Stopped Server@4f966719{STOPPING}[11.0.24,sto=0]
2026-05-14 18:23:34 [INFO ] [AbstractConnector] Stopped ServerConnector@58a2b4c{HTTP/1.1, (http/1.1)}{0.0.0.0:0}
2026-05-14 18:23:34 [INFO ] [ContextHandler] Stopped o.e.j.s.ServletContextHandler@4f67e3df{/,null,STOPPED}
2026-05-14 18:23:34 [INFO ] [Javalin] Javalin has stopped
2026-05-14 18:23:34 [INFO ] [PersonRepository] Loaded 3 persons from /tmp/junit-488425634429230272/persons.json
2026-05-14 18:23:34 [INFO ] [VisaRepository] Loaded 3 visas from /tmp/junit-488425634429230272/visas.json
2026-05-14 18:23:34 [INFO ] [ShareCodeRepository] Loaded 4 share codes from /tmp/junit-488425634429230272/share_codes.json
2026-05-14 18:23:34 [INFO ] [OrganisationRepository] Loaded 4 organisations from /tmp/junit-488425634429230272/organisations.json
2026-05-14 18:23:34 [INFO ] [Javalin] Starting Javalin ...
2026-05-14 18:23:34 [INFO ] [Server] jetty-11.0.24; built: 2024-08-26T18:11:22.448Z; git: 5dfc59a691b748796f922208956bd1f2794bcd16; jvm 25.0.2+10-69
2026-05-14 18:23:34 [INFO ] [DefaultSessionIdManager] Session workerName=node0
2026-05-14 18:23:34 [INFO ] [ContextHandler] Started o.e.j.s.ServletContextHandler@1a891add{/,null,AVAILABLE}
2026-05-14 18:23:34 [INFO ] [AbstractConnector] Started ServerConnector@5d7835a8{HTTP/1.1, (http/1.1)}{0.0.0.0:40279}
2026-05-14 18:23:34 [INFO ] [Server] Started Server@1976f537{STARTING}[11.0.24,sto=0] @2522ms
2026-05-14 18:23:34 [INFO ] [Javalin] 
       __                  ___           _____
      / /___ __   ______ _/ (_)___      / ___/
 __  / / __ `/ | / / __ `/ / / __ \    / __ \
/ /_/ / /_/ /| |/ / /_/ / / / / / /   / /_/ /
\____/\__,_/ |___/\__,_/_/_/_/ /_/    \____/

       https://javalin.io/documentation

2026-05-14 18:23:34 [INFO ] [Javalin] Javalin started in 5ms \o/
2026-05-14 18:23:34 [INFO ] [Javalin] Listening on http://localhost:40279/
2026-05-14 18:23:34 [INFO ] [Javalin] You are running Javalin 6.4.0 (released December 17, 2024. Your Javalin version is 512 days old. Consider checking for a newer version.).
2026-05-14 18:23:34 [INFO ] [ApiServer] API server started on port 40279
2026-05-14 18:23:34 [INFO ] [ShareCodeRepository] Persisted new share code for person P001
2026-05-14 18:23:34 [INFO ] [ShareCodeService] Generated share code for person=P001**** purpose=EMPLOYMENT
2026-05-14 18:23:34 [INFO ] [ShareCodeRepository] Persisted new share code for person P001
2026-05-14 18:23:34 [INFO ] [ShareCodeService] Generated share code for person=P001**** purpose=EMPLOYMENT
2026-05-14 18:23:34 [INFO ] [ShareCodeRepository] Persisted new share code for person P001
2026-05-14 18:23:34 [INFO ] [ShareCodeService] Generated share code for person=P001**** purpose=EMPLOYMENT
2026-05-14 18:23:34 [INFO ] [ShareCodeRepository] Persisted new share code for person P001
2026-05-14 18:23:34 [INFO ] [ShareCodeService] Generated share code for person=P001**** purpose=EMPLOYMENT
2026-05-14 18:23:34 [INFO ] [ShareCodeRepository] Persisted new share code for person P001
2026-05-14 18:23:34 [INFO ] [ShareCodeService] Generated share code for person=P001**** purpose=EMPLOYMENT
2026-05-14 18:23:34 [INFO ] [ShareCodeRepository] Persisted new share code for person P001
2026-05-14 18:23:34 [INFO ] [ShareCodeService] Generated share code for person=P001**** purpose=EMPLOYMENT
2026-05-14 18:23:34 [INFO ] [ShareCodeRepository] Persisted new share code for person P001
2026-05-14 18:23:34 [INFO ] [ShareCodeService] Generated share code for person=P001**** purpose=EMPLOYMENT
2026-05-14 18:23:34 [INFO ] [Javalin] Stopping Javalin ...
2026-05-14 18:23:34 [INFO ] [Server] Stopped Server@1976f537{STOPPING}[11.0.24,sto=0]
2026-05-14 18:23:34 [INFO ] [AbstractConnector] Stopped ServerConnector@5d7835a8{HTTP/1.1, (http/1.1)}{0.0.0.0:0}
2026-05-14 18:23:34 [INFO ] [ContextHandler] Stopped o.e.j.s.ServletContextHandler@1a891add{/,null,STOPPED}
2026-05-14 18:23:34 [INFO ] [Javalin] Javalin has stopped
2026-05-14 18:23:34 [INFO ] [PersonRepository] Loaded 3 persons from /tmp/junit-7089849677720004623/persons.json
2026-05-14 18:23:34 [INFO ] [VisaRepository] Loaded 3 visas from /tmp/junit-7089849677720004623/visas.json
2026-05-14 18:23:34 [INFO ] [ShareCodeRepository] Loaded 4 share codes from /tmp/junit-7089849677720004623/share_codes.json
2026-05-14 18:23:34 [INFO ] [OrganisationRepository] Loaded 4 organisations from /tmp/junit-7089849677720004623/organisations.json
2026-05-14 18:23:34 [INFO ] [Javalin] Starting Javalin ...
2026-05-14 18:23:34 [INFO ] [Server] jetty-11.0.24; built: 2024-08-26T18:11:22.448Z; git: 5dfc59a691b748796f922208956bd1f2794bcd16; jvm 25.0.2+10-69
2026-05-14 18:23:34 [INFO ] [DefaultSessionIdManager] Session workerName=node0
2026-05-14 18:23:34 [INFO ] [ContextHandler] Started o.e.j.s.ServletContextHandler@1ac45389{/,null,AVAILABLE}
2026-05-14 18:23:34 [INFO ] [AbstractConnector] Started ServerConnector@4aaae508{HTTP/1.1, (http/1.1)}{0.0.0.0:40241}
2026-05-14 18:23:34 [INFO ] [Server] Started Server@7bc6d27a{STARTING}[11.0.24,sto=0] @2603ms
2026-05-14 18:23:34 [INFO ] [Javalin] 
       __                  ___           _____
      / /___ __   ______ _/ (_)___      / ___/
 __  / / __ `/ | / / __ `/ / / __ \    / __ \
/ /_/ / /_/ /| |/ / /_/ / / / / / /   / /_/ /
\____/\__,_/ |___/\__,_/_/_/_/ /_/    \____/

       https://javalin.io/documentation

2026-05-14 18:23:34 [INFO ] [Javalin] Javalin started in 5ms \o/
2026-05-14 18:23:34 [INFO ] [Javalin] Listening on http://localhost:40241/
2026-05-14 18:23:34 [INFO ] [Javalin] You are running Javalin 6.4.0 (released December 17, 2024. Your Javalin version is 512 days old. Consider checking for a newer version.).
2026-05-14 18:23:34 [INFO ] [ApiServer] API server started on port 40241
2026-05-14 18:23:34 [WARN ] [VerificationService] Confirmation refused by org=ORG005
2026-05-14 18:23:34 [WARN ] [VerificationService] Confirmation refused by org=ORG001
2026-05-14 18:23:34 [INFO ] [Javalin] Stopping Javalin ...
2026-05-14 18:23:34 [INFO ] [Server] Stopped Server@7bc6d27a{STOPPING}[11.0.24,sto=0]
2026-05-14 18:23:34 [INFO ] [AbstractConnector] Stopped ServerConnector@4aaae508{HTTP/1.1, (http/1.1)}{0.0.0.0:0}
2026-05-14 18:23:34 [INFO ] [ContextHandler] Stopped o.e.j.s.ServletContextHandler@1ac45389{/,null,STOPPED}
2026-05-14 18:23:34 [INFO ] [Javalin] Javalin has stopped
2026-05-14 18:23:34 [INFO ] [PersonRepository] Loaded 3 persons from /tmp/junit-14401282195256251633/persons.json
2026-05-14 18:23:34 [INFO ] [VisaRepository] Loaded 3 visas from /tmp/junit-14401282195256251633/visas.json
2026-05-14 18:23:34 [INFO ] [ShareCodeRepository] Loaded 4 share codes from /tmp/junit-14401282195256251633/share_codes.json
2026-05-14 18:23:34 [INFO ] [OrganisationRepository] Loaded 5 organisations from /tmp/junit-14401282195256251633/organisations.json
2026-05-14 18:23:34 [INFO ] [Javalin] Starting Javalin ...
2026-05-14 18:23:34 [INFO ] [Server] jetty-11.0.24; built: 2024-08-26T18:11:22.448Z; git: 5dfc59a691b748796f922208956bd1f2794bcd16; jvm 25.0.2+10-69
2026-05-14 18:23:34 [INFO ] [DefaultSessionIdManager] Session workerName=node0
2026-05-14 18:23:34 [INFO ] [ContextHandler] Started o.e.j.s.ServletContextHandler@221dad51{/,null,AVAILABLE}
2026-05-14 18:23:34 [INFO ] [AbstractConnector] Started ServerConnector@4bbb49b0{HTTP/1.1, (http/1.1)}{0.0.0.0:36645}
2026-05-14 18:23:34 [INFO ] [Server] Started Server@3effd4f3{STARTING}[11.0.24,sto=0] @2654ms
2026-05-14 18:23:34 [INFO ] [Javalin] 
       __                  ___           _____
      / /___ __   ______ _/ (_)___      / ___/
 __  / / __ `/ | / / __ `/ / / __ \    / __ \
/ /_/ / /_/ /| |/ / /_/ / / / / / /   / /_/ /
\____/\__,_/ |___/\__,_/_/_/_/ /_/    \____/

       https://javalin.io/documentation

2026-05-14 18:23:34 [INFO ] [Javalin] Javalin started in 6ms \o/
2026-05-14 18:23:34 [INFO ] [Javalin] Listening on http://localhost:36645/
2026-05-14 18:23:34 [INFO ] [Javalin] You are running Javalin 6.4.0 (released December 17, 2024. Your Javalin version is 512 days old. Consider checking for a newer version.).
2026-05-14 18:23:34 [INFO ] [ApiServer] API server started on port 36645
2026-05-14 18:23:34 [INFO ] [ShareCodeRepository] Persisted new share code for person P001
2026-05-14 18:23:34 [INFO ] [ShareCodeService] Generated share code for person=P001**** purpose=EMPLOYMENT
2026-05-14 18:23:34 [INFO ] [VerificationService] Share code verification requested by org=ORG001
2026-05-14 18:23:34 [INFO ] [VerificationService] Share code verification outcome=Right to work: true, expires: 2027-06-30 org=ORG001
2026-05-14 18:23:34 [INFO ] [VerificationService] Share code verification requested by org=ORG001
2026-05-14 18:23:34 [INFO ] [VerificationService] Share code verification outcome=Right to work: true, expires: 2027-06-30 org=ORG001
2026-05-14 18:23:34 [INFO ] [Javalin] Stopping Javalin ...
2026-05-14 18:23:34 [INFO ] [Server] Stopped Server@3effd4f3{STOPPING}[11.0.24,sto=0]
2026-05-14 18:23:34 [INFO ] [AbstractConnector] Stopped ServerConnector@4bbb49b0{HTTP/1.1, (http/1.1)}{0.0.0.0:0}
2026-05-14 18:23:34 [INFO ] [ContextHandler] Stopped o.e.j.s.ServletContextHandler@221dad51{/,null,STOPPED}
2026-05-14 18:23:34 [INFO ] [Javalin] Javalin has stopped
2026-05-14 18:23:34 [INFO ] [PersonRepository] Loaded 3 persons from /tmp/junit-8035540286223950363/persons.json
2026-05-14 18:23:34 [INFO ] [VisaRepository] Loaded 3 visas from /tmp/junit-8035540286223950363/visas.json
2026-05-14 18:23:34 [INFO ] [ShareCodeRepository] Loaded 4 share codes from /tmp/junit-8035540286223950363/share_codes.json
2026-05-14 18:23:34 [INFO ] [OrganisationRepository] Loaded 5 organisations from /tmp/junit-8035540286223950363/organisations.json
2026-05-14 18:23:34 [INFO ] [Javalin] Starting Javalin ...
2026-05-14 18:23:34 [INFO ] [Server] jetty-11.0.24; built: 2024-08-26T18:11:22.448Z; git: 5dfc59a691b748796f922208956bd1f2794bcd16; jvm 25.0.2+10-69
2026-05-14 18:23:34 [INFO ] [DefaultSessionIdManager] Session workerName=node0
2026-05-14 18:23:34 [INFO ] [ContextHandler] Started o.e.j.s.ServletContextHandler@3d8b319e{/,null,AVAILABLE}
2026-05-14 18:23:34 [INFO ] [AbstractConnector] Started ServerConnector@68b58644{HTTP/1.1, (http/1.1)}{0.0.0.0:46709}
2026-05-14 18:23:34 [INFO ] [Server] Started Server@6ae3fb94{STARTING}[11.0.24,sto=0] @2720ms
2026-05-14 18:23:34 [INFO ] [Javalin] 
       __                  ___           _____
      / /___ __   ______ _/ (_)___      / ___/
 __  / / __ `/ | / / __ `/ / / __ \    / __ \
/ /_/ / /_/ /| |/ / /_/ / / / / / /   / /_/ /
\____/\__,_/ |___/\__,_/_/_/_/ /_/    \____/

       https://javalin.io/documentation

2026-05-14 18:23:34 [INFO ] [Javalin] Javalin started in 5ms \o/
2026-05-14 18:23:34 [INFO ] [Javalin] Listening on http://localhost:46709/
2026-05-14 18:23:34 [INFO ] [Javalin] You are running Javalin 6.4.0 (released December 17, 2024. Your Javalin version is 512 days old. Consider checking for a newer version.).
2026-05-14 18:23:34 [INFO ] [ApiServer] API server started on port 46709
2026-05-14 18:23:34 [INFO ] [ShareCodeRepository] Persisted new share code for person P004
2026-05-14 18:23:34 [INFO ] [ShareCodeService] Generated share code for person=P004**** purpose=ACCOMMODATION
2026-05-14 18:23:35 [INFO ] [ShareCodeRepository] Persisted new share code for person P001
2026-05-14 18:23:35 [INFO ] [ShareCodeService] Generated share code for person=P001**** purpose=EMPLOYMENT
2026-05-14 18:23:35 [INFO ] [VerificationService] Share code verification requested by org=ORG001
2026-05-14 18:23:35 [INFO ] [VerificationService] Share code verification outcome=Right to work: true, expires: 2027-06-30 org=ORG001
2026-05-14 18:23:35 [INFO ] [VerificationService] Share code verification requested by org=ORG001
2026-05-14 18:23:35 [INFO ] [VerificationService] Share code verification outcome=Right to work: true, expires: 2027-06-30 org=ORG001
2026-05-14 18:23:35 [INFO ] [ShareCodeRepository] Persisted new share code for person P001
2026-05-14 18:23:35 [INFO ] [ShareCodeService] Generated share code for person=P001**** purpose=EMPLOYMENT
2026-05-14 18:23:35 [INFO ] [VerificationService] Share code verification requested by org=ORG001
2026-05-14 18:23:35 [INFO ] [VerificationService] Share code verification outcome=Right to work: true, expires: 2027-06-30 org=ORG001
2026-05-14 18:23:35 [INFO ] [VerificationService] Share code verification requested by org=ORG001
2026-05-14 18:23:35 [INFO ] [VerificationService] Share code verification outcome=Right to work: true, expires: 2027-06-30 org=ORG001
2026-05-14 18:23:35 [INFO ] [ShareCodeRepository] Persisted new share code for person P004
2026-05-14 18:23:35 [INFO ] [ShareCodeService] Generated share code for person=P004**** purpose=ACCOMMODATION
2026-05-14 18:23:35 [INFO ] [VerificationService] Share code verification requested by org=ORG003
2026-05-14 18:23:35 [INFO ] [VerificationService] Share code verification outcome=Right to rent: true org=ORG003
2026-05-14 18:23:35 [INFO ] [VerificationService] Share code verification requested by org=ORG003
2026-05-14 18:23:35 [INFO ] [VerificationService] Share code verification outcome=Right to rent: true org=ORG003
2026-05-14 18:23:35 [INFO ] [Javalin] Stopping Javalin ...
2026-05-14 18:23:35 [INFO ] [Server] Stopped Server@6ae3fb94{STOPPING}[11.0.24,sto=0]
2026-05-14 18:23:35 [INFO ] [AbstractConnector] Stopped ServerConnector@68b58644{HTTP/1.1, (http/1.1)}{0.0.0.0:0}
2026-05-14 18:23:35 [INFO ] [ContextHandler] Stopped o.e.j.s.ServletContextHandler@3d8b319e{/,null,STOPPED}
2026-05-14 18:23:35 [INFO ] [Javalin] Javalin has stopped
2026-05-14 18:23:35 [INFO ] [PersonRepository] Loaded 3 persons from /tmp/junit-628655521969614650/persons.json
2026-05-14 18:23:35 [INFO ] [VisaRepository] Loaded 3 visas from /tmp/junit-628655521969614650/visas.json
2026-05-14 18:23:35 [INFO ] [ShareCodeRepository] Loaded 4 share codes from /tmp/junit-628655521969614650/share_codes.json
2026-05-14 18:23:35 [INFO ] [OrganisationRepository] Loaded 5 organisations from /tmp/junit-628655521969614650/organisations.json
2026-05-14 18:23:35 [INFO ] [Javalin] Starting Javalin ...
2026-05-14 18:23:35 [INFO ] [Server] jetty-11.0.24; built: 2024-08-26T18:11:22.448Z; git: 5dfc59a691b748796f922208956bd1f2794bcd16; jvm 25.0.2+10-69
2026-05-14 18:23:35 [INFO ] [DefaultSessionIdManager] Session workerName=node0
2026-05-14 18:23:35 [INFO ] [ContextHandler] Started o.e.j.s.ServletContextHandler@61d34b4{/,null,AVAILABLE}
2026-05-14 18:23:35 [INFO ] [AbstractConnector] Started ServerConnector@2f651f93{HTTP/1.1, (http/1.1)}{0.0.0.0:37813}
2026-05-14 18:23:35 [INFO ] [Server] Started Server@6c575325{STARTING}[11.0.24,sto=0] @2787ms
2026-05-14 18:23:35 [INFO ] [Javalin] 
       __                  ___           _____
      / /___ __   ______ _/ (_)___      / ___/
 __  / / __ `/ | / / __ `/ / / __ \    / __ \
/ /_/ / /_/ /| |/ / /_/ / / / / / /   / /_/ /
\____/\__,_/ |___/\__,_/_/_/_/ /_/    \____/

       https://javalin.io/documentation

2026-05-14 18:23:35 [INFO ] [Javalin] Javalin started in 6ms \o/
2026-05-14 18:23:35 [INFO ] [Javalin] Listening on http://localhost:37813/
2026-05-14 18:23:35 [INFO ] [Javalin] You are running Javalin 6.4.0 (released December 17, 2024. Your Javalin version is 512 days old. Consider checking for a newer version.).
2026-05-14 18:23:35 [INFO ] [ApiServer] API server started on port 37813
2026-05-14 18:23:35 [INFO ] [ShareCodeRepository] Persisted new share code for person P004
2026-05-14 18:23:35 [INFO ] [ShareCodeService] Generated share code for person=P004**** purpose=ACCOMMODATION
2026-05-14 18:23:35 [INFO ] [ShareCodeRepository] Persisted new share code for person P001
2026-05-14 18:23:35 [INFO ] [ShareCodeService] Generated share code for person=P001**** purpose=EMPLOYMENT
2026-05-14 18:23:35 [INFO ] [ShareCodeRepository] Persisted new share code for person P001
2026-05-14 18:23:35 [INFO ] [ShareCodeService] Generated share code for person=P001**** purpose=EDUCATION
2026-05-14 18:23:35 [INFO ] [Javalin] Stopping Javalin ...
2026-05-14 18:23:35 [INFO ] [Server] Stopped Server@6c575325{STOPPING}[11.0.24,sto=0]
2026-05-14 18:23:35 [INFO ] [AbstractConnector] Stopped ServerConnector@2f651f93{HTTP/1.1, (http/1.1)}{0.0.0.0:0}
2026-05-14 18:23:35 [INFO ] [ContextHandler] Stopped o.e.j.s.ServletContextHandler@61d34b4{/,null,STOPPED}
2026-05-14 18:23:35 [INFO ] [Javalin] Javalin has stopped
2026-05-14 18:23:35 [INFO ] [PersonRepository] Loaded 3 persons from /tmp/junit-5508512788128342431/persons.json
2026-05-14 18:23:35 [INFO ] [VisaRepository] Loaded 3 visas from /tmp/junit-5508512788128342431/visas.json
2026-05-14 18:23:35 [INFO ] [ShareCodeRepository] Loaded 4 share codes from /tmp/junit-5508512788128342431/share_codes.json
2026-05-14 18:23:35 [INFO ] [OrganisationRepository] Loaded 5 organisations from /tmp/junit-5508512788128342431/organisations.json
2026-05-14 18:23:35 [INFO ] [Javalin] Starting Javalin ...
2026-05-14 18:23:35 [INFO ] [Server] jetty-11.0.24; built: 2024-08-26T18:11:22.448Z; git: 5dfc59a691b748796f922208956bd1f2794bcd16; jvm 25.0.2+10-69
2026-05-14 18:23:35 [INFO ] [DefaultSessionIdManager] Session workerName=node0
2026-05-14 18:23:35 [INFO ] [ContextHandler] Started o.e.j.s.ServletContextHandler@6a48a7f3{/,null,AVAILABLE}
2026-05-14 18:23:35 [INFO ] [AbstractConnector] Started ServerConnector@572e6fd9{HTTP/1.1, (http/1.1)}{0.0.0.0:35749}
2026-05-14 18:23:35 [INFO ] [Server] Started Server@58b71ceb{STARTING}[11.0.24,sto=0] @2837ms
2026-05-14 18:23:35 [INFO ] [Javalin] 
       __                  ___           _____
      / /___ __   ______ _/ (_)___      / ___/
 __  / / __ `/ | / / __ `/ / / __ \    / __ \
/ /_/ / /_/ /| |/ / /_/ / / / / / /   / /_/ /
\____/\__,_/ |___/\__,_/_/_/_/ /_/    \____/

       https://javalin.io/documentation

2026-05-14 18:23:35 [INFO ] [Javalin] Javalin started in 5ms \o/
2026-05-14 18:23:35 [INFO ] [Javalin] Listening on http://localhost:35749/
2026-05-14 18:23:35 [INFO ] [Javalin] You are running Javalin 6.4.0 (released December 17, 2024. Your Javalin version is 512 days old. Consider checking for a newer version.).
2026-05-14 18:23:35 [INFO ] [ApiServer] API server started on port 35749
2026-05-14 18:23:35 [INFO ] [Javalin] Stopping Javalin ...
2026-05-14 18:23:35 [INFO ] [Server] Stopped Server@58b71ceb{STOPPING}[11.0.24,sto=0]
2026-05-14 18:23:35 [INFO ] [AbstractConnector] Stopped ServerConnector@572e6fd9{HTTP/1.1, (http/1.1)}{0.0.0.0:0}
2026-05-14 18:23:35 [INFO ] [ContextHandler] Stopped o.e.j.s.ServletContextHandler@6a48a7f3{/,null,STOPPED}
2026-05-14 18:23:35 [INFO ] [Javalin] Javalin has stopped
2026-05-14 18:23:35 [INFO ] [PersonRepository] Loaded 3 persons from /tmp/junit-1103891079588558001/persons.json
2026-05-14 18:23:35 [INFO ] [VisaRepository] Loaded 3 visas from /tmp/junit-1103891079588558001/visas.json
2026-05-14 18:23:35 [INFO ] [ShareCodeRepository] Loaded 4 share codes from /tmp/junit-1103891079588558001/share_codes.json
2026-05-14 18:23:35 [INFO ] [OrganisationRepository] Loaded 5 organisations from /tmp/junit-1103891079588558001/organisations.json
2026-05-14 18:23:35 [INFO ] [Javalin] Starting Javalin ...
2026-05-14 18:23:35 [INFO ] [Server] jetty-11.0.24; built: 2024-08-26T18:11:22.448Z; git: 5dfc59a691b748796f922208956bd1f2794bcd16; jvm 25.0.2+10-69
2026-05-14 18:23:35 [INFO ] [DefaultSessionIdManager] Session workerName=node0
2026-05-14 18:23:35 [INFO ] [ContextHandler] Started o.e.j.s.ServletContextHandler@3ed03652{/,null,AVAILABLE}
2026-05-14 18:23:35 [INFO ] [AbstractConnector] Started ServerConnector@23592946{HTTP/1.1, (http/1.1)}{0.0.0.0:46811}
2026-05-14 18:23:35 [INFO ] [Server] Started Server@7c2b58c0{STARTING}[11.0.24,sto=0] @2883ms
2026-05-14 18:23:35 [INFO ] [Javalin] 
       __                  ___           _____
      / /___ __   ______ _/ (_)___      / ___/
 __  / / __ `/ | / / __ `/ / / __ \    / __ \
/ /_/ / /_/ /| |/ / /_/ / / / / / /   / /_/ /
\____/\__,_/ |___/\__,_/_/_/_/ /_/    \____/

       https://javalin.io/documentation

2026-05-14 18:23:35 [INFO ] [Javalin] Javalin started in 16ms \o/
2026-05-14 18:23:35 [INFO ] [Javalin] Listening on http://localhost:46811/
2026-05-14 18:23:35 [INFO ] [Javalin] You are running Javalin 6.4.0 (released December 17, 2024. Your Javalin version is 512 days old. Consider checking for a newer version.).
2026-05-14 18:23:35 [INFO ] [ApiServer] API server started on port 46811
2026-05-14 18:23:35 [INFO ] [VerificationService] Share code verification requested by org=ORG001
2026-05-14 18:23:35 [INFO ] [VerificationService] Share code verification outcome=Right to work: true, expires: 2027-06-30 org=ORG001
2026-05-14 18:23:35 [INFO ] [VerificationService] Document verification requested by org=ORG005 docType=PASSPORT
2026-05-14 18:23:35 [INFO ] [VerificationService] Document verification outcome=Entry permitted: true, conditions: [] org=ORG005
2026-05-14 18:23:35 [INFO ] [VerificationService] Share code verification requested by org=ORG001
2026-05-14 18:23:35 [WARN ] [VerificationService] Rejected SHARE_CODE_VERIFICATION reason=Share code has expired org=ORG001
2026-05-14 18:23:35 [INFO ] [VerificationService] Share code verification requested by org=ORG001
2026-05-14 18:23:35 [INFO ] [VerificationService] Share code verification outcome=Right to work: true, expires: 2027-06-30 org=ORG001
2026-05-14 18:23:35 [INFO ] [VerificationService] Share code verification requested by org=ORG001
2026-05-14 18:23:35 [WARN ] [VerificationService] Rejected SHARE_CODE_VERIFICATION reason=Purpose 'ACCOMMODATION' is not permitted for role 'EMPLOYER' org=ORG001
2026-05-14 18:23:35 [INFO ] [VerificationService] Share code verification requested by org=ORG001
2026-05-14 18:23:35 [WARN ] [VerificationService] Rejected SHARE_CODE_VERIFICATION reason=Share code not found org=ORG001
2026-05-14 18:23:35 [INFO ] [VerificationService] Share code verification requested by org=ORG001
2026-05-14 18:23:35 [WARN ] [VerificationService] Rejected SHARE_CODE_VERIFICATION reason=Share code must be 9 uppercase alphanumeric characters org=ORG001
2026-05-14 18:23:35 [INFO ] [VerificationService] Share code verification requested by org=ORG005
2026-05-14 18:23:35 [WARN ] [VerificationService] Rejected SHARE_CODE_VERIFICATION reason=Organisation role 'BORDER_CONTROL' is not authorised for the share code route org=ORG005
2026-05-14 18:23:35 [WARN ] [VerificationService] Confirmation refused by org=ORG001
2026-05-14 18:23:35 [INFO ] [VerificationService] Document verification requested by org=ORG005 docType=PASSPORT
2026-05-14 18:23:35 [WARN ] [VerificationService] Rejected DOCUMENT_VERIFICATION reason=Person not found for document org=ORG005
2026-05-14 18:23:35 [INFO ] [VerificationService] Share code verification requested by org=ORG003
2026-05-14 18:23:35 [INFO ] [VerificationService] Share code verification outcome=Right to rent: true org=ORG003
2026-05-14 18:23:35 [WARN ] [VerificationService] Confirmation refused by org=ORG005
2026-05-14 18:23:35 [INFO ] [VerificationService] Share code verification requested by org=ORG001
2026-05-14 18:23:35 [WARN ] [VerificationService] Rejected SHARE_CODE_VERIFICATION reason=Date of birth does not match org=ORG001
2026-05-14 18:23:35 [INFO ] [VerificationService] Document verification requested by org=ORG001 docType=PASSPORT
2026-05-14 18:23:35 [WARN ] [VerificationService] Rejected DOCUMENT_VERIFICATION reason=Organisation role 'EMPLOYER' is not authorised for the document route org=ORG001
2026-05-14 18:23:35 [INFO ] [VerificationService] Document verification requested by org=ORG005 docType=PASSPORT
2026-05-14 18:23:35 [WARN ] [VerificationService] Rejected DOCUMENT_VERIFICATION reason=Passport number must be 9 uppercase alphanumeric characters org=ORG005
2026-05-14 18:23:35 [INFO ] [VerificationService] Share code verification requested by org=ORG001
2026-05-14 18:23:35 [INFO ] [VerificationService] Share code verification outcome=Right to work: false, expires: 2026-10-25 org=ORG001
2026-05-14 18:23:35 [INFO ] [VerificationService] Share code verification requested by org=ORG001
2026-05-14 18:23:35 [INFO ] [VerificationService] Share code verification outcome=Right to work: true, expires: 2027-06-30 org=ORG001
2026-05-14 18:23:35 [INFO ] [VerificationService] Share code verification requested by org=ORG001
2026-05-14 18:23:35 [INFO ] [VerificationService] Share code verification outcome=Right to work: true, expires: 2027-06-30 org=ORG001
2026-05-14 18:23:35 [WARN ] [VerificationService] Confirmation refused by org=ORG001
2026-05-14 18:23:35 [INFO ] [VerificationService] Document verification requested by org=ORG006 docType=PASSPORT
2026-05-14 18:23:35 [INFO ] [VerificationService] Document verification outcome=Visa type: WORK, valid: true, expires: 2027-06-30 org=ORG006
2026-05-14 18:23:35 [INFO ] [Javalin] Stopping Javalin ...
2026-05-14 18:23:35 [INFO ] [Server] Stopped Server@7c2b58c0{STOPPING}[11.0.24,sto=0]
2026-05-14 18:23:35 [INFO ] [AbstractConnector] Stopped ServerConnector@23592946{HTTP/1.1, (http/1.1)}{0.0.0.0:0}
2026-05-14 18:23:35 [INFO ] [ContextHandler] Stopped o.e.j.s.ServletContextHandler@3ed03652{/,null,STOPPED}
2026-05-14 18:23:35 [INFO ] [Javalin] Javalin has stopped
2026-05-14 18:23:35 [INFO ] [ShareCodeRepository] Loaded 0 share codes from /tmp/junit-17348159543538913995/share_codes.json
2026-05-14 18:23:35 [INFO ] [ShareCodeRepository] Persisted new share code for person P003
2026-05-14 18:23:35 [INFO ] [ShareCodeService] Generated share code for person=P003**** purpose=ACCOMMODATION
2026-05-14 18:23:35 [INFO ] [ShareCodeRepository] Loaded 0 share codes from /tmp/junit-5828165835437319541/share_codes.json
2026-05-14 18:23:35 [INFO ] [ShareCodeRepository] Persisted new share code for person P001
2026-05-14 18:23:35 [INFO ] [ShareCodeService] Generated share code for person=P001**** purpose=EMPLOYMENT
2026-05-14 18:23:35 [INFO ] [ShareCodeRepository] Loaded 0 share codes from /tmp/junit-606912302814295960/share_codes.json
2026-05-14 18:23:35 [INFO ] [ShareCodeRepository] Persisted new share code for person P001
2026-05-14 18:23:35 [INFO ] [ShareCodeService] Generated share code for person=P001**** purpose=EMPLOYMENT
2026-05-14 18:23:35 [INFO ] [ShareCodeRepository] Loaded 0 share codes from /tmp/junit-15929007010680963837/share_codes.json
2026-05-14 18:23:35 [INFO ] [ShareCodeRepository] Persisted new share code for person P001
2026-05-14 18:23:35 [INFO ] [ShareCodeService] Generated share code for person=P001**** purpose=EMPLOYMENT
2026-05-14 18:23:35 [INFO ] [ShareCodeRepository] Loaded 0 share codes from /tmp/junit-116537830125444261/share_codes.json
2026-05-14 18:23:35 [INFO ] [ShareCodeRepository] Persisted new share code for person P001
2026-05-14 18:23:35 [INFO ] [ShareCodeService] Generated share code for person=P001**** purpose=EMPLOYMENT
2026-05-14 18:23:35 [INFO ] [ShareCodeRepository] Persisted new share code for person P001
2026-05-14 18:23:35 [INFO ] [ShareCodeService] Generated share code for person=P001**** purpose=EMPLOYMENT
2026-05-14 18:23:35 [INFO ] [PersonRepository] Loaded 3 persons from /tmp/junit-1364291295005807813/persons.json
2026-05-14 18:23:35 [INFO ] [VisaRepository] Loaded 3 visas from /tmp/junit-1364291295005807813/visas.json
2026-05-14 18:23:35 [INFO ] [ShareCodeRepository] Loaded 4 share codes from /tmp/junit-1364291295005807813/share_codes.json
2026-05-14 18:23:35 [INFO ] [OrganisationRepository] Loaded 4 organisations from /tmp/junit-1364291295005807813/organisations.json
2026-05-14 18:23:35 [INFO ] [VerificationService] Share code verification requested by org=ORG001
2026-05-14 18:23:35 [WARN ] [VerificationService] Rejected SHARE_CODE_VERIFICATION reason=Share code has expired org=ORG001
2026-05-14 18:23:35 [INFO ] [PersonRepository] Loaded 3 persons from /tmp/junit-9192273443808048826/persons.json
2026-05-14 18:23:35 [INFO ] [VisaRepository] Loaded 3 visas from /tmp/junit-9192273443808048826/visas.json
2026-05-14 18:23:35 [INFO ] [ShareCodeRepository] Loaded 4 share codes from /tmp/junit-9192273443808048826/share_codes.json
2026-05-14 18:23:35 [INFO ] [OrganisationRepository] Loaded 4 organisations from /tmp/junit-9192273443808048826/organisations.json
2026-05-14 18:23:35 [INFO ] [VerificationService] Share code verification requested by org=ORG003
2026-05-14 18:23:35 [INFO ] [VerificationService] Share code verification outcome=Right to rent: true org=ORG003
2026-05-14 18:23:35 [INFO ] [PersonRepository] Loaded 3 persons from /tmp/junit-2743731378851443420/persons.json
2026-05-14 18:23:35 [INFO ] [VisaRepository] Loaded 3 visas from /tmp/junit-2743731378851443420/visas.json
2026-05-14 18:23:35 [INFO ] [ShareCodeRepository] Loaded 4 share codes from /tmp/junit-2743731378851443420/share_codes.json
2026-05-14 18:23:35 [INFO ] [OrganisationRepository] Loaded 4 organisations from /tmp/junit-2743731378851443420/organisations.json
2026-05-14 18:23:35 [INFO ] [VerificationService] Document verification requested by org=ORG005 docType=PASSPORT
2026-05-14 18:23:35 [INFO ] [VerificationService] Document verification outcome=Entry permitted: true, conditions: [] org=ORG005
2026-05-14 18:23:35 [INFO ] [PersonRepository] Loaded 3 persons from /tmp/junit-11053229753922985337/persons.json
2026-05-14 18:23:35 [INFO ] [VisaRepository] Loaded 3 visas from /tmp/junit-11053229753922985337/visas.json
2026-05-14 18:23:35 [INFO ] [ShareCodeRepository] Loaded 4 share codes from /tmp/junit-11053229753922985337/share_codes.json
2026-05-14 18:23:35 [INFO ] [OrganisationRepository] Loaded 4 organisations from /tmp/junit-11053229753922985337/organisations.json
2026-05-14 18:23:35 [INFO ] [VerificationService] Share code verification requested by org=ORG001
2026-05-14 18:23:35 [WARN ] [VerificationService] Rejected SHARE_CODE_VERIFICATION reason=Purpose 'ACCOMMODATION' is not permitted for role 'EMPLOYER' org=ORG001
2026-05-14 18:23:35 [INFO ] [PersonRepository] Loaded 3 persons from /tmp/junit-6398964109806182280/persons.json
2026-05-14 18:23:35 [INFO ] [VisaRepository] Loaded 3 visas from /tmp/junit-6398964109806182280/visas.json
2026-05-14 18:23:35 [INFO ] [ShareCodeRepository] Loaded 4 share codes from /tmp/junit-6398964109806182280/share_codes.json
2026-05-14 18:23:35 [INFO ] [OrganisationRepository] Loaded 4 organisations from /tmp/junit-6398964109806182280/organisations.json
2026-05-14 18:23:35 [INFO ] [VerificationService] Share code verification requested by org=ORG001
2026-05-14 18:23:35 [WARN ] [VerificationService] Rejected SHARE_CODE_VERIFICATION reason=Date of birth does not match org=ORG001
2026-05-14 18:23:35 [INFO ] [PersonRepository] Loaded 3 persons from /tmp/junit-12227081713203035690/persons.json
2026-05-14 18:23:35 [INFO ] [VisaRepository] Loaded 3 visas from /tmp/junit-12227081713203035690/visas.json
2026-05-14 18:23:35 [INFO ] [ShareCodeRepository] Loaded 4 share codes from /tmp/junit-12227081713203035690/share_codes.json
2026-05-14 18:23:35 [INFO ] [OrganisationRepository] Loaded 4 organisations from /tmp/junit-12227081713203035690/organisations.json
2026-05-14 18:23:35 [INFO ] [VerificationService] Share code verification requested by org=ORG001
2026-05-14 18:23:35 [INFO ] [VerificationService] Share code verification outcome=Right to work: false, expires: 2026-10-25 org=ORG001
2026-05-14 18:23:35 [INFO ] [PersonRepository] Loaded 3 persons from /tmp/junit-4731084253026754801/persons.json
2026-05-14 18:23:35 [INFO ] [VisaRepository] Loaded 3 visas from /tmp/junit-4731084253026754801/visas.json
2026-05-14 18:23:35 [INFO ] [ShareCodeRepository] Loaded 4 share codes from /tmp/junit-4731084253026754801/share_codes.json
2026-05-14 18:23:35 [INFO ] [OrganisationRepository] Loaded 4 organisations from /tmp/junit-4731084253026754801/organisations.json
2026-05-14 18:23:35 [INFO ] [VerificationService] Document verification requested by org=ORG006 docType=PASSPORT
2026-05-14 18:23:35 [INFO ] [VerificationService] Document verification outcome=Visa type: WORK, valid: true, expires: 2027-06-30 org=ORG006
2026-05-14 18:23:35 [INFO ] [PersonRepository] Loaded 3 persons from /tmp/junit-12924726882384394525/persons.json
2026-05-14 18:23:35 [INFO ] [VisaRepository] Loaded 3 visas from /tmp/junit-12924726882384394525/visas.json
2026-05-14 18:23:35 [INFO ] [ShareCodeRepository] Loaded 4 share codes from /tmp/junit-12924726882384394525/share_codes.json
2026-05-14 18:23:35 [INFO ] [OrganisationRepository] Loaded 4 organisations from /tmp/junit-12924726882384394525/organisations.json
2026-05-14 18:23:35 [INFO ] [VerificationService] Share code verification requested by org=ORG001
2026-05-14 18:23:35 [INFO ] [VerificationService] Share code verification outcome=Right to work: true, expires: 2027-06-30 org=ORG001
2026-05-14 18:23:35 [INFO ] [PersonRepository] Loaded 3 persons from /tmp/junit-4260173314825736214/persons.json
2026-05-14 18:23:35 [INFO ] [VisaRepository] Loaded 3 visas from /tmp/junit-4260173314825736214/visas.json
2026-05-14 18:23:35 [INFO ] [ShareCodeRepository] Loaded 4 share codes from /tmp/junit-4260173314825736214/share_codes.json
2026-05-14 18:23:35 [INFO ] [OrganisationRepository] Loaded 4 organisations from /tmp/junit-4260173314825736214/organisations.json
2026-05-14 18:23:35 [INFO ] [VerificationService] Share code verification requested by org=ORG001
2026-05-14 18:23:35 [WARN ] [VerificationService] Rejected SHARE_CODE_VERIFICATION reason=Share code must be 9 uppercase alphanumeric characters org=ORG001
2026-05-14 18:23:35 [INFO ] [PersonRepository] Loaded 3 persons from /tmp/junit-4023418846513270701/persons.json
2026-05-14 18:23:35 [INFO ] [VisaRepository] Loaded 3 visas from /tmp/junit-4023418846513270701/visas.json
2026-05-14 18:23:35 [INFO ] [ShareCodeRepository] Loaded 4 share codes from /tmp/junit-4023418846513270701/share_codes.json
2026-05-14 18:23:35 [INFO ] [OrganisationRepository] Loaded 4 organisations from /tmp/junit-4023418846513270701/organisations.json
2026-05-14 18:23:35 [INFO ] [VerificationService] Document verification requested by org=ORG005 docType=PASSPORT
2026-05-14 18:23:35 [WARN ] [VerificationService] Rejected DOCUMENT_VERIFICATION reason=Person not found for document org=ORG005
2026-05-14 18:23:35 [INFO ] [PersonRepository] Loaded 3 persons from /tmp/junit-11046933228377551500/persons.json
2026-05-14 18:23:35 [INFO ] [VisaRepository] Loaded 3 visas from /tmp/junit-11046933228377551500/visas.json
2026-05-14 18:23:35 [INFO ] [ShareCodeRepository] Loaded 4 share codes from /tmp/junit-11046933228377551500/share_codes.json
2026-05-14 18:23:35 [INFO ] [OrganisationRepository] Loaded 4 organisations from /tmp/junit-11046933228377551500/organisations.json
2026-05-14 18:23:35 [INFO ] [VerificationService] Document verification requested by org=ORG005 docType=PASSPORT
2026-05-14 18:23:35 [WARN ] [VerificationService] Rejected DOCUMENT_VERIFICATION reason=Passport number must be 9 uppercase alphanumeric characters org=ORG005
2026-05-14 18:23:35 [INFO ] [PersonRepository] Loaded 3 persons from /tmp/junit-714204708795299849/persons.json
2026-05-14 18:23:35 [INFO ] [VisaRepository] Loaded 3 visas from /tmp/junit-714204708795299849/visas.json
2026-05-14 18:23:35 [INFO ] [ShareCodeRepository] Loaded 4 share codes from /tmp/junit-714204708795299849/share_codes.json
2026-05-14 18:23:35 [INFO ] [OrganisationRepository] Loaded 4 organisations from /tmp/junit-714204708795299849/organisations.json
2026-05-14 18:23:35 [INFO ] [VerificationService] Document verification requested by org=ORG001 docType=PASSPORT
2026-05-14 18:23:35 [WARN ] [VerificationService] Rejected DOCUMENT_VERIFICATION reason=Organisation role 'EMPLOYER' is not authorised for the document route org=ORG001
2026-05-14 18:23:35 [INFO ] [PersonRepository] Loaded 3 persons from /tmp/junit-4780036636384651292/persons.json
2026-05-14 18:23:35 [INFO ] [VisaRepository] Loaded 3 visas from /tmp/junit-4780036636384651292/visas.json
2026-05-14 18:23:35 [INFO ] [ShareCodeRepository] Loaded 4 share codes from /tmp/junit-4780036636384651292/share_codes.json
2026-05-14 18:23:35 [INFO ] [OrganisationRepository] Loaded 4 organisations from /tmp/junit-4780036636384651292/organisations.json
2026-05-14 18:23:35 [INFO ] [VerificationService] Share code verification requested by org=ORG999
2026-05-14 18:23:35 [WARN ] [VerificationService] Rejected SHARE_CODE_VERIFICATION reason=Organisation not recognised org=ORG999
2026-05-14 18:23:35 [INFO ] [PersonRepository] Loaded 3 persons from /tmp/junit-8661698695518895386/persons.json
2026-05-14 18:23:35 [INFO ] [VisaRepository] Loaded 3 visas from /tmp/junit-8661698695518895386/visas.json
2026-05-14 18:23:35 [INFO ] [ShareCodeRepository] Loaded 4 share codes from /tmp/junit-8661698695518895386/share_codes.json
2026-05-14 18:23:35 [INFO ] [OrganisationRepository] Loaded 4 organisations from /tmp/junit-8661698695518895386/organisations.json
2026-05-14 18:23:35 [INFO ] [VerificationService] Share code verification requested by org=ORG005
2026-05-14 18:23:35 [WARN ] [VerificationService] Rejected SHARE_CODE_VERIFICATION reason=Organisation role 'BORDER_CONTROL' is not authorised for the share code route org=ORG005
2026-05-14 18:23:35 [INFO ] [PersonRepository] Loaded 3 persons from /tmp/junit-16337423622473917884/persons.json
2026-05-14 18:23:35 [INFO ] [VisaRepository] Loaded 3 visas from /tmp/junit-16337423622473917884/visas.json
2026-05-14 18:23:35 [INFO ] [ShareCodeRepository] Loaded 4 share codes from /tmp/junit-16337423622473917884/share_codes.json
2026-05-14 18:23:35 [INFO ] [OrganisationRepository] Loaded 4 organisations from /tmp/junit-16337423622473917884/organisations.json
2026-05-14 18:23:35 [INFO ] [VerificationService] Share code verification requested by org=ORG001
2026-05-14 18:23:35 [INFO ] [VerificationService] Share code verification outcome=Right to work: true, expires: 2027-06-30 org=ORG001
2026-05-14 18:23:35 [INFO ] [VerificationService] Share code verification requested by org=ORG001
2026-05-14 18:23:35 [INFO ] [VerificationService] Share code verification outcome=Right to work: true, expires: 2027-06-30 org=ORG001
2026-05-14 18:23:44 [INFO ] [PersonRepository] Loaded 3 persons from /tmp/junit-13555734511534346754/persons.json
2026-05-14 18:23:44 [INFO ] [VisaRepository] Loaded 3 visas from /tmp/junit-13555734511534346754/visas.json
2026-05-14 18:23:44 [INFO ] [ShareCodeRepository] Loaded 4 share codes from /tmp/junit-13555734511534346754/share_codes.json
2026-05-14 18:23:44 [INFO ] [OrganisationRepository] Loaded 4 organisations from /tmp/junit-13555734511534346754/organisations.json
2026-05-14 18:23:45 [INFO ] [Javalin] Starting Javalin ...
2026-05-14 18:23:45 [INFO ] [Server] jetty-11.0.24; built: 2024-08-26T18:11:22.448Z; git: 5dfc59a691b748796f922208956bd1f2794bcd16; jvm 25.0.2+10-69
2026-05-14 18:23:45 [INFO ] [DefaultSessionIdManager] Session workerName=node0
2026-05-14 18:23:45 [INFO ] [ContextHandler] Started o.e.j.s.ServletContextHandler@2b9b7f1f{/,null,AVAILABLE}
2026-05-14 18:23:45 [INFO ] [AbstractConnector] Started ServerConnector@1adb7478{HTTP/1.1, (http/1.1)}{0.0.0.0:36669}
2026-05-14 18:23:45 [INFO ] [Server] Started Server@452c8a40{STARTING}[11.0.24,sto=0] @1851ms
2026-05-14 18:23:45 [INFO ] [Javalin] 
       __                  ___           _____
      / /___ __   ______ _/ (_)___      / ___/
 __  / / __ `/ | / / __ `/ / / __ \    / __ \
/ /_/ / /_/ /| |/ / /_/ / / / / / /   / /_/ /
\____/\__,_/ |___/\__,_/_/_/_/ /_/    \____/

       https://javalin.io/documentation

2026-05-14 18:23:45 [INFO ] [Javalin] Javalin started in 190ms \o/
2026-05-14 18:23:45 [INFO ] [Javalin] Listening on http://localhost:36669/
2026-05-14 18:23:45 [INFO ] [Javalin] You are running Javalin 6.4.0 (released December 17, 2024. Your Javalin version is 512 days old. Consider checking for a newer version.).
2026-05-14 18:23:45 [INFO ] [ApiServer] API server started on port 36669
2026-05-14 18:23:45 [INFO ] [ShareCodeRepository] Persisted new share code for person P001
2026-05-14 18:23:45 [INFO ] [ShareCodeService] Generated share code for person=P001**** purpose=EMPLOYMENT
2026-05-14 18:23:45 [INFO ] [VerificationService] Share code verification requested by org=ORG001
2026-05-14 18:23:45 [INFO ] [VerificationService] Share code verification outcome=Right to work: true, expires: 2027-06-30 org=ORG001
2026-05-14 18:23:46 [INFO ] [VerificationService] Share code verification requested by org=ORG001
2026-05-14 18:23:46 [INFO ] [VerificationService] Share code verification outcome=Right to work: true, expires: 2027-06-30 org=ORG001
2026-05-14 18:23:46 [INFO ] [ShareCodeRepository] Persisted new share code for person P001
2026-05-14 18:23:46 [INFO ] [ShareCodeService] Generated share code for person=P001**** purpose=EMPLOYMENT
2026-05-14 18:23:46 [INFO ] [VerificationService] Share code verification requested by org=ORG001
2026-05-14 18:23:46 [INFO ] [VerificationService] Share code verification outcome=Right to work: true, expires: 2027-06-30 org=ORG001
2026-05-14 18:23:46 [INFO ] [ShareCodeRepository] Persisted new share code for person P001
2026-05-14 18:23:46 [INFO ] [ShareCodeService] Generated share code for person=P001**** purpose=EMPLOYMENT
2026-05-14 18:23:46 [INFO ] [VerificationService] Share code verification requested by org=ORG001
2026-05-14 18:23:46 [INFO ] [VerificationService] Share code verification outcome=Right to work: true, expires: 2027-06-30 org=ORG001
2026-05-14 18:23:46 [INFO ] [VerificationService] Share code verification requested by org=ORG001
2026-05-14 18:23:46 [INFO ] [VerificationService] Share code verification outcome=Right to work: true, expires: 2027-06-30 org=ORG001
2026-05-14 18:23:46 [INFO ] [Javalin] Stopping Javalin ...
2026-05-14 18:23:46 [INFO ] [Server] Stopped Server@452c8a40{STOPPING}[11.0.24,sto=0]
2026-05-14 18:23:46 [INFO ] [AbstractConnector] Stopped ServerConnector@1adb7478{HTTP/1.1, (http/1.1)}{0.0.0.0:0}
2026-05-14 18:23:46 [INFO ] [ContextHandler] Stopped o.e.j.s.ServletContextHandler@2b9b7f1f{/,null,STOPPED}
2026-05-14 18:23:46 [INFO ] [Javalin] Javalin has stopped
2026-05-14 18:23:46 [INFO ] [PersonRepository] Loaded 3 persons from /tmp/junit-10610205865154341182/persons.json
2026-05-14 18:23:46 [INFO ] [VisaRepository] Loaded 3 visas from /tmp/junit-10610205865154341182/visas.json
2026-05-14 18:23:46 [INFO ] [ShareCodeRepository] Loaded 4 share codes from /tmp/junit-10610205865154341182/share_codes.json
2026-05-14 18:23:46 [INFO ] [OrganisationRepository] Loaded 4 organisations from /tmp/junit-10610205865154341182/organisations.json
2026-05-14 18:23:46 [INFO ] [Javalin] Starting Javalin ...
2026-05-14 18:23:46 [INFO ] [Server] jetty-11.0.24; built: 2024-08-26T18:11:22.448Z; git: 5dfc59a691b748796f922208956bd1f2794bcd16; jvm 25.0.2+10-69
2026-05-14 18:23:46 [INFO ] [DefaultSessionIdManager] Session workerName=node0
2026-05-14 18:23:46 [INFO ] [ContextHandler] Started o.e.j.s.ServletContextHandler@68c7ef83{/,null,AVAILABLE}
2026-05-14 18:23:46 [INFO ] [AbstractConnector] Started ServerConnector@563a89b5{HTTP/1.1, (http/1.1)}{0.0.0.0:38095}
2026-05-14 18:23:46 [INFO ] [Server] Started Server@270b6b5e{STARTING}[11.0.24,sto=0] @2421ms
2026-05-14 18:23:46 [INFO ] [Javalin] 
       __                  ___           _____
      / /___ __   ______ _/ (_)___      / ___/
 __  / / __ `/ | / / __ `/ / / __ \    / __ \
/ /_/ / /_/ /| |/ / /_/ / / / / / /   / /_/ /
\____/\__,_/ |___/\__,_/_/_/_/ /_/    \____/

       https://javalin.io/documentation

2026-05-14 18:23:46 [INFO ] [Javalin] Javalin started in 6ms \o/
2026-05-14 18:23:46 [INFO ] [Javalin] Listening on http://localhost:38095/
2026-05-14 18:23:46 [INFO ] [Javalin] You are running Javalin 6.4.0 (released December 17, 2024. Your Javalin version is 512 days old. Consider checking for a newer version.).
2026-05-14 18:23:46 [INFO ] [ApiServer] API server started on port 38095
2026-05-14 18:23:46 [WARN ] [VerificationService] Confirmation refused by org=ORG005
2026-05-14 18:23:46 [INFO ] [VerificationService] Document verification requested by org=ORG001 docType=PASSPORT
2026-05-14 18:23:46 [WARN ] [VerificationService] Rejected DOCUMENT_VERIFICATION reason=Organisation role 'EMPLOYER' is not authorised for the document route org=ORG001
2026-05-14 18:23:46 [INFO ] [VerificationService] Document verification requested by org=ORG005 docType=PASSPORT
2026-05-14 18:23:46 [INFO ] [VerificationService] Document verification outcome=Entry permitted: true, conditions: [] org=ORG005
2026-05-14 18:23:46 [INFO ] [VerificationService] Document verification requested by org=ORG006 docType=PASSPORT
2026-05-14 18:23:46 [INFO ] [VerificationService] Document verification outcome=Visa type: WORK, valid: true, expires: 2027-06-30 org=ORG006
2026-05-14 18:23:46 [INFO ] [VerificationService] Document verification requested by org=ORG005 docType=PASSPORT
2026-05-14 18:23:46 [WARN ] [VerificationService] Rejected DOCUMENT_VERIFICATION reason=Person not found for document org=ORG005
2026-05-14 18:23:46 [INFO ] [VerificationService] Document verification requested by org=ORG006 docType=PASSPORT
2026-05-14 18:23:46 [INFO ] [VerificationService] Document verification outcome=Visa type: WORK, valid: true, expires: 2027-06-30 org=ORG006
2026-05-14 18:23:46 [INFO ] [VerificationService] Document verification requested by org=ORG005 docType=PASSPORT
2026-05-14 18:23:46 [INFO ] [VerificationService] Document verification outcome=Entry permitted: true, conditions: [] org=ORG005
2026-05-14 18:23:46 [INFO ] [VerificationService] Document verification requested by org=ORG005 docType=PASSPORT
2026-05-14 18:23:46 [INFO ] [VerificationService] Document verification outcome=Entry permitted: true, conditions: [] org=ORG005
2026-05-14 18:23:46 [WARN ] [VerificationService] Confirmation refused by org=ORG005
2026-05-14 18:23:46 [INFO ] [Javalin] Stopping Javalin ...
2026-05-14 18:23:46 [INFO ] [Server] Stopped Server@270b6b5e{STOPPING}[11.0.24,sto=0]
2026-05-14 18:23:46 [INFO ] [AbstractConnector] Stopped ServerConnector@563a89b5{HTTP/1.1, (http/1.1)}{0.0.0.0:0}
2026-05-14 18:23:46 [INFO ] [ContextHandler] Stopped o.e.j.s.ServletContextHandler@68c7ef83{/,null,STOPPED}
2026-05-14 18:23:46 [INFO ] [Javalin] Javalin has stopped
2026-05-14 18:23:46 [INFO ] [PersonRepository] Loaded 3 persons from /tmp/junit-384123526238909167/persons.json
2026-05-14 18:23:46 [INFO ] [VisaRepository] Loaded 3 visas from /tmp/junit-384123526238909167/visas.json
2026-05-14 18:23:46 [INFO ] [ShareCodeRepository] Loaded 4 share codes from /tmp/junit-384123526238909167/share_codes.json
2026-05-14 18:23:46 [INFO ] [OrganisationRepository] Loaded 4 organisations from /tmp/junit-384123526238909167/organisations.json
2026-05-14 18:23:46 [INFO ] [Javalin] Starting Javalin ...
2026-05-14 18:23:46 [INFO ] [Server] jetty-11.0.24; built: 2024-08-26T18:11:22.448Z; git: 5dfc59a691b748796f922208956bd1f2794bcd16; jvm 25.0.2+10-69
2026-05-14 18:23:46 [INFO ] [DefaultSessionIdManager] Session workerName=node0
2026-05-14 18:23:46 [INFO ] [ContextHandler] Started o.e.j.s.ServletContextHandler@70e13fa{/,null,AVAILABLE}
2026-05-14 18:23:46 [INFO ] [AbstractConnector] Started ServerConnector@288cdaab{HTTP/1.1, (http/1.1)}{0.0.0.0:41251}
2026-05-14 18:23:46 [INFO ] [Server] Started Server@99407c2{STARTING}[11.0.24,sto=0] @2568ms
2026-05-14 18:23:46 [INFO ] [Javalin] 
       __                  ___           _____
      / /___ __   ______ _/ (_)___      / ___/
 __  / / __ `/ | / / __ `/ / / __ \    / __ \
/ /_/ / /_/ /| |/ / /_/ / / / / / /   / /_/ /
\____/\__,_/ |___/\__,_/_/_/_/ /_/    \____/

       https://javalin.io/documentation

2026-05-14 18:23:46 [INFO ] [Javalin] Javalin started in 8ms \o/
2026-05-14 18:23:46 [INFO ] [Javalin] Listening on http://localhost:41251/
2026-05-14 18:23:46 [INFO ] [Javalin] You are running Javalin 6.4.0 (released December 17, 2024. Your Javalin version is 512 days old. Consider checking for a newer version.).
2026-05-14 18:23:46 [INFO ] [ApiServer] API server started on port 41251
2026-05-14 18:23:46 [INFO ] [Javalin] Stopping Javalin ...
2026-05-14 18:23:46 [INFO ] [Server] Stopped Server@99407c2{STOPPING}[11.0.24,sto=0]
2026-05-14 18:23:46 [INFO ] [AbstractConnector] Stopped ServerConnector@288cdaab{HTTP/1.1, (http/1.1)}{0.0.0.0:0}
2026-05-14 18:23:46 [INFO ] [ContextHandler] Stopped o.e.j.s.ServletContextHandler@70e13fa{/,null,STOPPED}
2026-05-14 18:23:46 [INFO ] [Javalin] Javalin has stopped
2026-05-14 18:23:46 [INFO ] [PersonRepository] Loaded 3 persons from /tmp/junit-6548760085192319702/persons.json
2026-05-14 18:23:46 [INFO ] [VisaRepository] Loaded 3 visas from /tmp/junit-6548760085192319702/visas.json
2026-05-14 18:23:46 [INFO ] [ShareCodeRepository] Loaded 4 share codes from /tmp/junit-6548760085192319702/share_codes.json
2026-05-14 18:23:46 [INFO ] [OrganisationRepository] Loaded 4 organisations from /tmp/junit-6548760085192319702/organisations.json
2026-05-14 18:23:46 [INFO ] [Javalin] Starting Javalin ...
2026-05-14 18:23:46 [INFO ] [Server] jetty-11.0.24; built: 2024-08-26T18:11:22.448Z; git: 5dfc59a691b748796f922208956bd1f2794bcd16; jvm 25.0.2+10-69
2026-05-14 18:23:46 [INFO ] [DefaultSessionIdManager] Session workerName=node0
2026-05-14 18:23:46 [INFO ] [ContextHandler] Started o.e.j.s.ServletContextHandler@4f67e3df{/,null,AVAILABLE}
2026-05-14 18:23:46 [INFO ] [AbstractConnector] Started ServerConnector@58a2b4c{HTTP/1.1, (http/1.1)}{0.0.0.0:39299}
2026-05-14 18:23:46 [INFO ] [Server] Started Server@4f966719{STARTING}[11.0.24,sto=0] @2633ms
2026-05-14 18:23:46 [INFO ] [Javalin] 
       __                  ___           _____
      / /___ __   ______ _/ (_)___      / ___/
 __  / / __ `/ | / / __ `/ / / __ \    / __ \
/ /_/ / /_/ /| |/ / /_/ / / / / / /   / /_/ /
\____/\__,_/ |___/\__,_/_/_/_/ /_/    \____/

       https://javalin.io/documentation

2026-05-14 18:23:46 [INFO ] [Javalin] Javalin started in 5ms \o/
2026-05-14 18:23:46 [INFO ] [Javalin] Listening on http://localhost:39299/
2026-05-14 18:23:46 [INFO ] [Javalin] You are running Javalin 6.4.0 (released December 17, 2024. Your Javalin version is 512 days old. Consider checking for a newer version.).
2026-05-14 18:23:46 [INFO ] [ApiServer] API server started on port 39299
2026-05-14 18:23:46 [WARN ] [VerificationService] Confirmation refused by org=ORG001
2026-05-14 18:23:46 [INFO ] [VerificationService] Share code verification requested by org=ORG001
2026-05-14 18:23:46 [INFO ] [VerificationService] Share code verification outcome=Right to work: true, expires: 2027-06-30 org=ORG001
2026-05-14 18:23:46 [INFO ] [VerificationService] Share code verification requested by org=ORG001
2026-05-14 18:23:46 [WARN ] [VerificationService] Rejected SHARE_CODE_VERIFICATION reason=Purpose 'ACCOMMODATION' is not permitted for role 'EMPLOYER' org=ORG001
2026-05-14 18:23:46 [WARN ] [VerificationService] Confirmation refused by org=ORG001
2026-05-14 18:23:46 [INFO ] [VerificationService] Share code verification requested by org=ORG001
2026-05-14 18:23:46 [INFO ] [VerificationService] Share code verification outcome=Right to work: true, expires: 2027-06-30 org=ORG001
2026-05-14 18:23:46 [INFO ] [VerificationService] Share code verification requested by org=ORG001
2026-05-14 18:23:46 [WARN ] [VerificationService] Rejected SHARE_CODE_VERIFICATION reason=Date of birth does not match org=ORG001
2026-05-14 18:23:46 [INFO ] [VerificationService] Share code verification requested by org=ORG001
2026-05-14 18:23:46 [INFO ] [VerificationService] Share code verification outcome=Right to work: true, expires: 2027-06-30 org=ORG001
2026-05-14 18:23:46 [INFO ] [VerificationService] Share code verification requested by org=ORG001
2026-05-14 18:23:46 [INFO ] [VerificationService] Share code verification outcome=Right to work: true, expires: 2027-06-30 org=ORG001
2026-05-14 18:23:46 [INFO ] [VerificationService] Share code verification requested by org=ORG003
2026-05-14 18:23:46 [INFO ] [VerificationService] Share code verification outcome=Right to rent: true org=ORG003
2026-05-14 18:23:46 [INFO ] [VerificationService] Share code verification requested by org=ORG001
2026-05-14 18:23:46 [INFO ] [VerificationService] Share code verification outcome=Right to work: true, expires: 2027-06-30 org=ORG001
2026-05-14 18:23:46 [WARN ] [VerificationService] Confirmation refused by org=ORG001
2026-05-14 18:23:46 [INFO ] [VerificationService] Share code verification requested by org=ORG001
2026-05-14 18:23:46 [INFO ] [VerificationService] Share code verification outcome=Right to work: false, expires: 2026-10-25 org=ORG001
2026-05-14 18:23:46 [INFO ] [VerificationService] Share code verification requested by org=ORG001
2026-05-14 18:23:46 [WARN ] [VerificationService] Rejected SHARE_CODE_VERIFICATION reason=Share code has expired org=ORG001
2026-05-14 18:23:46 [WARN ] [VerificationService] Confirmation refused by org=ORG001
2026-05-14 18:23:46 [INFO ] [Javalin] Stopping Javalin ...
2026-05-14 18:23:46 [INFO ] [Server] Stopped Server@4f966719{STOPPING}[11.0.24,sto=0]
2026-05-14 18:23:46 [INFO ] [AbstractConnector] Stopped ServerConnector@58a2b4c{HTTP/1.1, (http/1.1)}{0.0.0.0:0}
2026-05-14 18:23:46 [INFO ] [ContextHandler] Stopped o.e.j.s.ServletContextHandler@4f67e3df{/,null,STOPPED}
2026-05-14 18:23:46 [INFO ] [Javalin] Javalin has stopped
2026-05-14 18:23:46 [INFO ] [PersonRepository] Loaded 3 persons from /tmp/junit-13494194543112097434/persons.json
2026-05-14 18:23:46 [INFO ] [VisaRepository] Loaded 3 visas from /tmp/junit-13494194543112097434/visas.json
2026-05-14 18:23:46 [INFO ] [ShareCodeRepository] Loaded 4 share codes from /tmp/junit-13494194543112097434/share_codes.json
2026-05-14 18:23:46 [INFO ] [OrganisationRepository] Loaded 4 organisations from /tmp/junit-13494194543112097434/organisations.json
2026-05-14 18:23:46 [INFO ] [Javalin] Starting Javalin ...
2026-05-14 18:23:46 [INFO ] [Server] jetty-11.0.24; built: 2024-08-26T18:11:22.448Z; git: 5dfc59a691b748796f922208956bd1f2794bcd16; jvm 25.0.2+10-69
2026-05-14 18:23:46 [INFO ] [DefaultSessionIdManager] Session workerName=node0
2026-05-14 18:23:46 [INFO ] [ContextHandler] Started o.e.j.s.ServletContextHandler@1a891add{/,null,AVAILABLE}
2026-05-14 18:23:46 [INFO ] [AbstractConnector] Started ServerConnector@5d7835a8{HTTP/1.1, (http/1.1)}{0.0.0.0:38559}
2026-05-14 18:23:46 [INFO ] [Server] Started Server@1976f537{STARTING}[11.0.24,sto=0] @2748ms
2026-05-14 18:23:46 [INFO ] [Javalin] 
       __                  ___           _____
      / /___ __   ______ _/ (_)___      / ___/
 __  / / __ `/ | / / __ `/ / / __ \    / __ \
/ /_/ / /_/ /| |/ / /_/ / / / / / /   / /_/ /
\____/\__,_/ |___/\__,_/_/_/_/ /_/    \____/

       https://javalin.io/documentation

2026-05-14 18:23:46 [INFO ] [Javalin] Javalin started in 6ms \o/
2026-05-14 18:23:46 [INFO ] [Javalin] Listening on http://localhost:38559/
2026-05-14 18:23:46 [INFO ] [Javalin] You are running Javalin 6.4.0 (released December 17, 2024. Your Javalin version is 512 days old. Consider checking for a newer version.).
2026-05-14 18:23:46 [INFO ] [ApiServer] API server started on port 38559
2026-05-14 18:23:46 [INFO ] [ShareCodeRepository] Persisted new share code for person P001
2026-05-14 18:23:46 [INFO ] [ShareCodeService] Generated share code for person=P001**** purpose=EMPLOYMENT
2026-05-14 18:23:46 [INFO ] [ShareCodeRepository] Persisted new share code for person P001
2026-05-14 18:23:46 [INFO ] [ShareCodeService] Generated share code for person=P001**** purpose=EMPLOYMENT
2026-05-14 18:23:46 [INFO ] [ShareCodeRepository] Persisted new share code for person P001
2026-05-14 18:23:46 [INFO ] [ShareCodeService] Generated share code for person=P001**** purpose=EMPLOYMENT
2026-05-14 18:23:46 [INFO ] [ShareCodeRepository] Persisted new share code for person P001
2026-05-14 18:23:46 [INFO ] [ShareCodeService] Generated share code for person=P001**** purpose=EMPLOYMENT
2026-05-14 18:23:46 [INFO ] [ShareCodeRepository] Persisted new share code for person P001
2026-05-14 18:23:46 [INFO ] [ShareCodeService] Generated share code for person=P001**** purpose=EMPLOYMENT
2026-05-14 18:23:46 [INFO ] [ShareCodeRepository] Persisted new share code for person P001
2026-05-14 18:23:46 [INFO ] [ShareCodeService] Generated share code for person=P001**** purpose=EMPLOYMENT
2026-05-14 18:23:46 [INFO ] [ShareCodeRepository] Persisted new share code for person P001
2026-05-14 18:23:46 [INFO ] [ShareCodeService] Generated share code for person=P001**** purpose=EMPLOYMENT
2026-05-14 18:23:46 [INFO ] [Javalin] Stopping Javalin ...
2026-05-14 18:23:46 [INFO ] [Server] Stopped Server@1976f537{STOPPING}[11.0.24,sto=0]
2026-05-14 18:23:46 [INFO ] [AbstractConnector] Stopped ServerConnector@5d7835a8{HTTP/1.1, (http/1.1)}{0.0.0.0:0}
2026-05-14 18:23:46 [INFO ] [ContextHandler] Stopped o.e.j.s.ServletContextHandler@1a891add{/,null,STOPPED}
2026-05-14 18:23:46 [INFO ] [Javalin] Javalin has stopped
2026-05-14 18:23:46 [INFO ] [PersonRepository] Loaded 3 persons from /tmp/junit-9770276026600490045/persons.json
2026-05-14 18:23:46 [INFO ] [VisaRepository] Loaded 3 visas from /tmp/junit-9770276026600490045/visas.json
2026-05-14 18:23:46 [INFO ] [ShareCodeRepository] Loaded 4 share codes from /tmp/junit-9770276026600490045/share_codes.json
2026-05-14 18:23:46 [INFO ] [OrganisationRepository] Loaded 4 organisations from /tmp/junit-9770276026600490045/organisations.json
2026-05-14 18:23:46 [INFO ] [Javalin] Starting Javalin ...
2026-05-14 18:23:46 [INFO ] [Server] jetty-11.0.24; built: 2024-08-26T18:11:22.448Z; git: 5dfc59a691b748796f922208956bd1f2794bcd16; jvm 25.0.2+10-69
2026-05-14 18:23:46 [INFO ] [DefaultSessionIdManager] Session workerName=node0
2026-05-14 18:23:46 [INFO ] [ContextHandler] Started o.e.j.s.ServletContextHandler@1ac45389{/,null,AVAILABLE}
2026-05-14 18:23:46 [INFO ] [AbstractConnector] Started ServerConnector@4aaae508{HTTP/1.1, (http/1.1)}{0.0.0.0:42135}
2026-05-14 18:23:46 [INFO ] [Server] Started Server@7bc6d27a{STARTING}[11.0.24,sto=0] @2829ms
2026-05-14 18:23:46 [INFO ] [Javalin] 
       __                  ___           _____
      / /___ __   ______ _/ (_)___      / ___/
 __  / / __ `/ | / / __ `/ / / __ \    / __ \
/ /_/ / /_/ /| |/ / /_/ / / / / / /   / /_/ /
\____/\__,_/ |___/\__,_/_/_/_/ /_/    \____/

       https://javalin.io/documentation

2026-05-14 18:23:46 [INFO ] [Javalin] Javalin started in 4ms \o/
2026-05-14 18:23:46 [INFO ] [Javalin] Listening on http://localhost:42135/
2026-05-14 18:23:46 [INFO ] [Javalin] You are running Javalin 6.4.0 (released December 17, 2024. Your Javalin version is 512 days old. Consider checking for a newer version.).
2026-05-14 18:23:46 [INFO ] [ApiServer] API server started on port 42135
2026-05-14 18:23:46 [WARN ] [VerificationService] Confirmation refused by org=ORG005
2026-05-14 18:23:46 [WARN ] [VerificationService] Confirmation refused by org=ORG001
2026-05-14 18:23:46 [INFO ] [Javalin] Stopping Javalin ...
2026-05-14 18:23:46 [INFO ] [Server] Stopped Server@7bc6d27a{STOPPING}[11.0.24,sto=0]
2026-05-14 18:23:46 [INFO ] [AbstractConnector] Stopped ServerConnector@4aaae508{HTTP/1.1, (http/1.1)}{0.0.0.0:0}
2026-05-14 18:23:46 [INFO ] [ContextHandler] Stopped o.e.j.s.ServletContextHandler@1ac45389{/,null,STOPPED}
2026-05-14 18:23:46 [INFO ] [Javalin] Javalin has stopped
2026-05-14 18:23:46 [INFO ] [PersonRepository] Loaded 3 persons from /tmp/junit-219961793941633789/persons.json
2026-05-14 18:23:46 [INFO ] [VisaRepository] Loaded 3 visas from /tmp/junit-219961793941633789/visas.json
2026-05-14 18:23:46 [INFO ] [ShareCodeRepository] Loaded 4 share codes from /tmp/junit-219961793941633789/share_codes.json
2026-05-14 18:23:46 [INFO ] [OrganisationRepository] Loaded 5 organisations from /tmp/junit-219961793941633789/organisations.json
2026-05-14 18:23:46 [INFO ] [Javalin] Starting Javalin ...
2026-05-14 18:23:46 [INFO ] [Server] jetty-11.0.24; built: 2024-08-26T18:11:22.448Z; git: 5dfc59a691b748796f922208956bd1f2794bcd16; jvm 25.0.2+10-69
2026-05-14 18:23:46 [INFO ] [DefaultSessionIdManager] Session workerName=node0
2026-05-14 18:23:46 [INFO ] [ContextHandler] Started o.e.j.s.ServletContextHandler@221dad51{/,null,AVAILABLE}
2026-05-14 18:23:46 [INFO ] [AbstractConnector] Started ServerConnector@4bbb49b0{HTTP/1.1, (http/1.1)}{0.0.0.0:35019}
2026-05-14 18:23:46 [INFO ] [Server] Started Server@3effd4f3{STARTING}[11.0.24,sto=0] @2875ms
2026-05-14 18:23:46 [INFO ] [Javalin] 
       __                  ___           _____
      / /___ __   ______ _/ (_)___      / ___/
 __  / / __ `/ | / / __ `/ / / __ \    / __ \
/ /_/ / /_/ /| |/ / /_/ / / / / / /   / /_/ /
\____/\__,_/ |___/\__,_/_/_/_/ /_/    \____/

       https://javalin.io/documentation

2026-05-14 18:23:46 [INFO ] [Javalin] Javalin started in 5ms \o/
2026-05-14 18:23:46 [INFO ] [Javalin] Listening on http://localhost:35019/
2026-05-14 18:23:46 [INFO ] [Javalin] You are running Javalin 6.4.0 (released December 17, 2024. Your Javalin version is 512 days old. Consider checking for a newer version.).
2026-05-14 18:23:46 [INFO ] [ApiServer] API server started on port 35019
2026-05-14 18:23:46 [INFO ] [ShareCodeRepository] Persisted new share code for person P001
2026-05-14 18:23:46 [INFO ] [ShareCodeService] Generated share code for person=P001**** purpose=EMPLOYMENT
2026-05-14 18:23:46 [INFO ] [VerificationService] Share code verification requested by org=ORG001
2026-05-14 18:23:46 [INFO ] [VerificationService] Share code verification outcome=Right to work: true, expires: 2027-06-30 org=ORG001
2026-05-14 18:23:46 [INFO ] [VerificationService] Share code verification requested by org=ORG001
2026-05-14 18:23:46 [INFO ] [VerificationService] Share code verification outcome=Right to work: true, expires: 2027-06-30 org=ORG001
2026-05-14 18:23:46 [INFO ] [Javalin] Stopping Javalin ...
2026-05-14 18:23:46 [INFO ] [Server] Stopped Server@3effd4f3{STOPPING}[11.0.24,sto=0]
2026-05-14 18:23:46 [INFO ] [AbstractConnector] Stopped ServerConnector@4bbb49b0{HTTP/1.1, (http/1.1)}{0.0.0.0:0}
2026-05-14 18:23:46 [INFO ] [ContextHandler] Stopped o.e.j.s.ServletContextHandler@221dad51{/,null,STOPPED}
2026-05-14 18:23:46 [INFO ] [Javalin] Javalin has stopped
2026-05-14 18:23:46 [INFO ] [PersonRepository] Loaded 3 persons from /tmp/junit-10605698223719195450/persons.json
2026-05-14 18:23:46 [INFO ] [VisaRepository] Loaded 3 visas from /tmp/junit-10605698223719195450/visas.json
2026-05-14 18:23:46 [INFO ] [ShareCodeRepository] Loaded 4 share codes from /tmp/junit-10605698223719195450/share_codes.json
2026-05-14 18:23:46 [INFO ] [OrganisationRepository] Loaded 5 organisations from /tmp/junit-10605698223719195450/organisations.json
2026-05-14 18:23:46 [INFO ] [Javalin] Starting Javalin ...
2026-05-14 18:23:46 [INFO ] [Server] jetty-11.0.24; built: 2024-08-26T18:11:22.448Z; git: 5dfc59a691b748796f922208956bd1f2794bcd16; jvm 25.0.2+10-69
2026-05-14 18:23:46 [INFO ] [DefaultSessionIdManager] Session workerName=node0
2026-05-14 18:23:46 [INFO ] [ContextHandler] Started o.e.j.s.ServletContextHandler@3d8b319e{/,null,AVAILABLE}
2026-05-14 18:23:46 [INFO ] [AbstractConnector] Started ServerConnector@68b58644{HTTP/1.1, (http/1.1)}{0.0.0.0:38565}
2026-05-14 18:23:46 [INFO ] [Server] Started Server@6ae3fb94{STARTING}[11.0.24,sto=0] @2937ms
2026-05-14 18:23:46 [INFO ] [Javalin] 
       __                  ___           _____
      / /___ __   ______ _/ (_)___      / ___/
 __  / / __ `/ | / / __ `/ / / __ \    / __ \
/ /_/ / /_/ /| |/ / /_/ / / / / / /   / /_/ /
\____/\__,_/ |___/\__,_/_/_/_/ /_/    \____/

       https://javalin.io/documentation

2026-05-14 18:23:46 [INFO ] [Javalin] Javalin started in 5ms \o/
2026-05-14 18:23:46 [INFO ] [Javalin] Listening on http://localhost:38565/
2026-05-14 18:23:46 [INFO ] [Javalin] You are running Javalin 6.4.0 (released December 17, 2024. Your Javalin version is 512 days old. Consider checking for a newer version.).
2026-05-14 18:23:46 [INFO ] [ApiServer] API server started on port 38565
2026-05-14 18:23:46 [INFO ] [ShareCodeRepository] Persisted new share code for person P004
2026-05-14 18:23:46 [INFO ] [ShareCodeService] Generated share code for person=P004**** purpose=ACCOMMODATION
2026-05-14 18:23:46 [INFO ] [ShareCodeRepository] Persisted new share code for person P001
2026-05-14 18:23:46 [INFO ] [ShareCodeService] Generated share code for person=P001**** purpose=EMPLOYMENT
2026-05-14 18:23:46 [INFO ] [VerificationService] Share code verification requested by org=ORG001
2026-05-14 18:23:46 [INFO ] [VerificationService] Share code verification outcome=Right to work: true, expires: 2027-06-30 org=ORG001
2026-05-14 18:23:46 [INFO ] [VerificationService] Share code verification requested by org=ORG001
2026-05-14 18:23:46 [INFO ] [VerificationService] Share code verification outcome=Right to work: true, expires: 2027-06-30 org=ORG001
2026-05-14 18:23:46 [INFO ] [ShareCodeRepository] Persisted new share code for person P001
2026-05-14 18:23:46 [INFO ] [ShareCodeService] Generated share code for person=P001**** purpose=EMPLOYMENT
2026-05-14 18:23:46 [INFO ] [VerificationService] Share code verification requested by org=ORG001
2026-05-14 18:23:46 [INFO ] [VerificationService] Share code verification outcome=Right to work: true, expires: 2027-06-30 org=ORG001
2026-05-14 18:23:46 [INFO ] [VerificationService] Share code verification requested by org=ORG001
2026-05-14 18:23:46 [INFO ] [VerificationService] Share code verification outcome=Right to work: true, expires: 2027-06-30 org=ORG001
2026-05-14 18:23:46 [INFO ] [ShareCodeRepository] Persisted new share code for person P004
2026-05-14 18:23:46 [INFO ] [ShareCodeService] Generated share code for person=P004**** purpose=ACCOMMODATION
2026-05-14 18:23:46 [INFO ] [VerificationService] Share code verification requested by org=ORG003
2026-05-14 18:23:46 [INFO ] [VerificationService] Share code verification outcome=Right to rent: true org=ORG003
2026-05-14 18:23:46 [INFO ] [VerificationService] Share code verification requested by org=ORG003
2026-05-14 18:23:46 [INFO ] [VerificationService] Share code verification outcome=Right to rent: true org=ORG003
2026-05-14 18:23:46 [INFO ] [Javalin] Stopping Javalin ...
2026-05-14 18:23:46 [INFO ] [Server] Stopped Server@6ae3fb94{STOPPING}[11.0.24,sto=0]
2026-05-14 18:23:46 [INFO ] [AbstractConnector] Stopped ServerConnector@68b58644{HTTP/1.1, (http/1.1)}{0.0.0.0:0}
2026-05-14 18:23:46 [INFO ] [ContextHandler] Stopped o.e.j.s.ServletContextHandler@3d8b319e{/,null,STOPPED}
2026-05-14 18:23:46 [INFO ] [Javalin] Javalin has stopped
2026-05-14 18:23:46 [INFO ] [PersonRepository] Loaded 3 persons from /tmp/junit-4559593074462532599/persons.json
2026-05-14 18:23:46 [INFO ] [VisaRepository] Loaded 3 visas from /tmp/junit-4559593074462532599/visas.json
2026-05-14 18:23:46 [INFO ] [ShareCodeRepository] Loaded 4 share codes from /tmp/junit-4559593074462532599/share_codes.json
2026-05-14 18:23:46 [INFO ] [OrganisationRepository] Loaded 5 organisations from /tmp/junit-4559593074462532599/organisations.json
2026-05-14 18:23:46 [INFO ] [Javalin] Starting Javalin ...
2026-05-14 18:23:46 [INFO ] [Server] jetty-11.0.24; built: 2024-08-26T18:11:22.448Z; git: 5dfc59a691b748796f922208956bd1f2794bcd16; jvm 25.0.2+10-69
2026-05-14 18:23:46 [INFO ] [DefaultSessionIdManager] Session workerName=node0
2026-05-14 18:23:46 [INFO ] [ContextHandler] Started o.e.j.s.ServletContextHandler@61d34b4{/,null,AVAILABLE}
2026-05-14 18:23:46 [INFO ] [AbstractConnector] Started ServerConnector@2f651f93{HTTP/1.1, (http/1.1)}{0.0.0.0:35949}
2026-05-14 18:23:46 [INFO ] [Server] Started Server@6c575325{STARTING}[11.0.24,sto=0] @3017ms
2026-05-14 18:23:46 [INFO ] [Javalin] 
       __                  ___           _____
      / /___ __   ______ _/ (_)___      / ___/
 __  / / __ `/ | / / __ `/ / / __ \    / __ \
/ /_/ / /_/ /| |/ / /_/ / / / / / /   / /_/ /
\____/\__,_/ |___/\__,_/_/_/_/ /_/    \____/

       https://javalin.io/documentation

2026-05-14 18:23:46 [INFO ] [Javalin] Javalin started in 6ms \o/
2026-05-14 18:23:46 [INFO ] [Javalin] Listening on http://localhost:35949/
2026-05-14 18:23:46 [INFO ] [Javalin] You are running Javalin 6.4.0 (released December 17, 2024. Your Javalin version is 512 days old. Consider checking for a newer version.).
2026-05-14 18:23:46 [INFO ] [ApiServer] API server started on port 35949
2026-05-14 18:23:46 [INFO ] [ShareCodeRepository] Persisted new share code for person P004
2026-05-14 18:23:46 [INFO ] [ShareCodeService] Generated share code for person=P004**** purpose=ACCOMMODATION
2026-05-14 18:23:46 [INFO ] [ShareCodeRepository] Persisted new share code for person P001
2026-05-14 18:23:46 [INFO ] [ShareCodeService] Generated share code for person=P001**** purpose=EMPLOYMENT
2026-05-14 18:23:46 [INFO ] [ShareCodeRepository] Persisted new share code for person P001
2026-05-14 18:23:46 [INFO ] [ShareCodeService] Generated share code for person=P001**** purpose=EDUCATION
2026-05-14 18:23:46 [INFO ] [Javalin] Stopping Javalin ...
2026-05-14 18:23:46 [INFO ] [Server] Stopped Server@6c575325{STOPPING}[11.0.24,sto=0]
2026-05-14 18:23:46 [INFO ] [AbstractConnector] Stopped ServerConnector@2f651f93{HTTP/1.1, (http/1.1)}{0.0.0.0:0}
2026-05-14 18:23:46 [INFO ] [ContextHandler] Stopped o.e.j.s.ServletContextHandler@61d34b4{/,null,STOPPED}
2026-05-14 18:23:46 [INFO ] [Javalin] Javalin has stopped
2026-05-14 18:23:46 [INFO ] [PersonRepository] Loaded 3 persons from /tmp/junit-12854466870032831810/persons.json
2026-05-14 18:23:46 [INFO ] [VisaRepository] Loaded 3 visas from /tmp/junit-12854466870032831810/visas.json
2026-05-14 18:23:46 [INFO ] [ShareCodeRepository] Loaded 4 share codes from /tmp/junit-12854466870032831810/share_codes.json
2026-05-14 18:23:46 [INFO ] [OrganisationRepository] Loaded 5 organisations from /tmp/junit-12854466870032831810/organisations.json
2026-05-14 18:23:46 [INFO ] [Javalin] Starting Javalin ...
2026-05-14 18:23:46 [INFO ] [Server] jetty-11.0.24; built: 2024-08-26T18:11:22.448Z; git: 5dfc59a691b748796f922208956bd1f2794bcd16; jvm 25.0.2+10-69
2026-05-14 18:23:46 [INFO ] [DefaultSessionIdManager] Session workerName=node0
2026-05-14 18:23:46 [INFO ] [ContextHandler] Started o.e.j.s.ServletContextHandler@6a48a7f3{/,null,AVAILABLE}
2026-05-14 18:23:46 [INFO ] [AbstractConnector] Started ServerConnector@572e6fd9{HTTP/1.1, (http/1.1)}{0.0.0.0:35169}
2026-05-14 18:23:46 [INFO ] [Server] Started Server@58b71ceb{STARTING}[11.0.24,sto=0] @3070ms
2026-05-14 18:23:46 [INFO ] [Javalin] 
       __                  ___           _____
      / /___ __   ______ _/ (_)___      / ___/
 __  / / __ `/ | / / __ `/ / / __ \    / __ \
/ /_/ / /_/ /| |/ / /_/ / / / / / /   / /_/ /
\____/\__,_/ |___/\__,_/_/_/_/ /_/    \____/

       https://javalin.io/documentation

2026-05-14 18:23:46 [INFO ] [Javalin] Javalin started in 5ms \o/
2026-05-14 18:23:46 [INFO ] [Javalin] Listening on http://localhost:35169/
2026-05-14 18:23:46 [INFO ] [Javalin] You are running Javalin 6.4.0 (released December 17, 2024. Your Javalin version is 512 days old. Consider checking for a newer version.).
2026-05-14 18:23:46 [INFO ] [ApiServer] API server started on port 35169
2026-05-14 18:23:46 [INFO ] [Javalin] Stopping Javalin ...
2026-05-14 18:23:46 [INFO ] [Server] Stopped Server@58b71ceb{STOPPING}[11.0.24,sto=0]
2026-05-14 18:23:46 [INFO ] [AbstractConnector] Stopped ServerConnector@572e6fd9{HTTP/1.1, (http/1.1)}{0.0.0.0:0}
2026-05-14 18:23:46 [INFO ] [ContextHandler] Stopped o.e.j.s.ServletContextHandler@6a48a7f3{/,null,STOPPED}
2026-05-14 18:23:46 [INFO ] [Javalin] Javalin has stopped
2026-05-14 18:23:46 [INFO ] [PersonRepository] Loaded 3 persons from /tmp/junit-5423097686089950472/persons.json
2026-05-14 18:23:46 [INFO ] [VisaRepository] Loaded 3 visas from /tmp/junit-5423097686089950472/visas.json
2026-05-14 18:23:46 [INFO ] [ShareCodeRepository] Loaded 4 share codes from /tmp/junit-5423097686089950472/share_codes.json
2026-05-14 18:23:46 [INFO ] [OrganisationRepository] Loaded 5 organisations from /tmp/junit-5423097686089950472/organisations.json
2026-05-14 18:23:46 [INFO ] [Javalin] Starting Javalin ...
2026-05-14 18:23:46 [INFO ] [Server] jetty-11.0.24; built: 2024-08-26T18:11:22.448Z; git: 5dfc59a691b748796f922208956bd1f2794bcd16; jvm 25.0.2+10-69
2026-05-14 18:23:46 [INFO ] [DefaultSessionIdManager] Session workerName=node0
2026-05-14 18:23:46 [INFO ] [ContextHandler] Started o.e.j.s.ServletContextHandler@3ed03652{/,null,AVAILABLE}
2026-05-14 18:23:46 [INFO ] [AbstractConnector] Started ServerConnector@23592946{HTTP/1.1, (http/1.1)}{0.0.0.0:38031}
2026-05-14 18:23:46 [INFO ] [Server] Started Server@7c2b58c0{STARTING}[11.0.24,sto=0] @3122ms
2026-05-14 18:23:46 [INFO ] [Javalin] 
       __                  ___           _____
      / /___ __   ______ _/ (_)___      / ___/
 __  / / __ `/ | / / __ `/ / / __ \    / __ \
/ /_/ / /_/ /| |/ / /_/ / / / / / /   / /_/ /
\____/\__,_/ |___/\__,_/_/_/_/ /_/    \____/

       https://javalin.io/documentation

2026-05-14 18:23:46 [INFO ] [Javalin] Javalin started in 6ms \o/
2026-05-14 18:23:46 [INFO ] [Javalin] Listening on http://localhost:38031/
2026-05-14 18:23:46 [INFO ] [Javalin] You are running Javalin 6.4.0 (released December 17, 2024. Your Javalin version is 512 days old. Consider checking for a newer version.).
2026-05-14 18:23:46 [INFO ] [ApiServer] API server started on port 38031
2026-05-14 18:23:46 [INFO ] [VerificationService] Share code verification requested by org=ORG001
2026-05-14 18:23:46 [INFO ] [VerificationService] Share code verification outcome=Right to work: true, expires: 2027-06-30 org=ORG001
2026-05-14 18:23:46 [INFO ] [VerificationService] Document verification requested by org=ORG005 docType=PASSPORT
2026-05-14 18:23:46 [INFO ] [VerificationService] Document verification outcome=Entry permitted: true, conditions: [] org=ORG005
2026-05-14 18:23:46 [INFO ] [VerificationService] Share code verification requested by org=ORG001
2026-05-14 18:23:46 [WARN ] [VerificationService] Rejected SHARE_CODE_VERIFICATION reason=Share code has expired org=ORG001
2026-05-14 18:23:46 [INFO ] [VerificationService] Share code verification requested by org=ORG001
2026-05-14 18:23:46 [INFO ] [VerificationService] Share code verification outcome=Right to work: true, expires: 2027-06-30 org=ORG001
2026-05-14 18:23:46 [INFO ] [VerificationService] Share code verification requested by org=ORG001
2026-05-14 18:23:46 [WARN ] [VerificationService] Rejected SHARE_CODE_VERIFICATION reason=Purpose 'ACCOMMODATION' is not permitted for role 'EMPLOYER' org=ORG001
2026-05-14 18:23:46 [INFO ] [VerificationService] Share code verification requested by org=ORG001
2026-05-14 18:23:46 [WARN ] [VerificationService] Rejected SHARE_CODE_VERIFICATION reason=Share code not found org=ORG001
2026-05-14 18:23:46 [INFO ] [VerificationService] Share code verification requested by org=ORG001
2026-05-14 18:23:46 [WARN ] [VerificationService] Rejected SHARE_CODE_VERIFICATION reason=Share code must be 9 uppercase alphanumeric characters org=ORG001
2026-05-14 18:23:46 [INFO ] [VerificationService] Share code verification requested by org=ORG005
2026-05-14 18:23:46 [WARN ] [VerificationService] Rejected SHARE_CODE_VERIFICATION reason=Organisation role 'BORDER_CONTROL' is not authorised for the share code route org=ORG005
2026-05-14 18:23:46 [WARN ] [VerificationService] Confirmation refused by org=ORG001
2026-05-14 18:23:46 [INFO ] [VerificationService] Document verification requested by org=ORG005 docType=PASSPORT
2026-05-14 18:23:46 [WARN ] [VerificationService] Rejected DOCUMENT_VERIFICATION reason=Person not found for document org=ORG005
2026-05-14 18:23:46 [INFO ] [VerificationService] Share code verification requested by org=ORG003
2026-05-14 18:23:46 [INFO ] [VerificationService] Share code verification outcome=Right to rent: true org=ORG003
2026-05-14 18:23:46 [WARN ] [VerificationService] Confirmation refused by org=ORG005
2026-05-14 18:23:46 [INFO ] [VerificationService] Share code verification requested by org=ORG001
2026-05-14 18:23:46 [WARN ] [VerificationService] Rejected SHARE_CODE_VERIFICATION reason=Date of birth does not match org=ORG001
2026-05-14 18:23:46 [INFO ] [VerificationService] Document verification requested by org=ORG001 docType=PASSPORT
2026-05-14 18:23:46 [WARN ] [VerificationService] Rejected DOCUMENT_VERIFICATION reason=Organisation role 'EMPLOYER' is not authorised for the document route org=ORG001
2026-05-14 18:23:46 [INFO ] [VerificationService] Document verification requested by org=ORG005 docType=PASSPORT
2026-05-14 18:23:46 [WARN ] [VerificationService] Rejected DOCUMENT_VERIFICATION reason=Passport number must be 9 uppercase alphanumeric characters org=ORG005
2026-05-14 18:23:46 [INFO ] [VerificationService] Share code verification requested by org=ORG001
2026-05-14 18:23:46 [INFO ] [VerificationService] Share code verification outcome=Right to work: false, expires: 2026-10-25 org=ORG001
2026-05-14 18:23:46 [INFO ] [VerificationService] Share code verification requested by org=ORG001
2026-05-14 18:23:46 [INFO ] [VerificationService] Share code verification outcome=Right to work: true, expires: 2027-06-30 org=ORG001
2026-05-14 18:23:46 [INFO ] [VerificationService] Share code verification requested by org=ORG001
2026-05-14 18:23:46 [INFO ] [VerificationService] Share code verification outcome=Right to work: true, expires: 2027-06-30 org=ORG001
2026-05-14 18:23:46 [WARN ] [VerificationService] Confirmation refused by org=ORG001
2026-05-14 18:23:46 [INFO ] [VerificationService] Document verification requested by org=ORG006 docType=PASSPORT
2026-05-14 18:23:46 [INFO ] [VerificationService] Document verification outcome=Visa type: WORK, valid: true, expires: 2027-06-30 org=ORG006
2026-05-14 18:23:46 [INFO ] [Javalin] Stopping Javalin ...
2026-05-14 18:23:46 [INFO ] [Server] Stopped Server@7c2b58c0{STOPPING}[11.0.24,sto=0]
2026-05-14 18:23:46 [INFO ] [AbstractConnector] Stopped ServerConnector@23592946{HTTP/1.1, (http/1.1)}{0.0.0.0:0}
2026-05-14 18:23:46 [INFO ] [ContextHandler] Stopped o.e.j.s.ServletContextHandler@3ed03652{/,null,STOPPED}
2026-05-14 18:23:46 [INFO ] [Javalin] Javalin has stopped
2026-05-14 18:23:46 [INFO ] [ShareCodeRepository] Loaded 0 share codes from /tmp/junit-7692368758901819477/share_codes.json
2026-05-14 18:23:46 [INFO ] [ShareCodeRepository] Persisted new share code for person P003
2026-05-14 18:23:46 [INFO ] [ShareCodeService] Generated share code for person=P003**** purpose=ACCOMMODATION
2026-05-14 18:23:46 [INFO ] [ShareCodeRepository] Loaded 0 share codes from /tmp/junit-17324211543984402852/share_codes.json
2026-05-14 18:23:46 [INFO ] [ShareCodeRepository] Persisted new share code for person P001
2026-05-14 18:23:46 [INFO ] [ShareCodeService] Generated share code for person=P001**** purpose=EMPLOYMENT
2026-05-14 18:23:46 [INFO ] [ShareCodeRepository] Loaded 0 share codes from /tmp/junit-3393840636478920858/share_codes.json
2026-05-14 18:23:46 [INFO ] [ShareCodeRepository] Persisted new share code for person P001
2026-05-14 18:23:46 [INFO ] [ShareCodeService] Generated share code for person=P001**** purpose=EMPLOYMENT
2026-05-14 18:23:46 [INFO ] [ShareCodeRepository] Loaded 0 share codes from /tmp/junit-15734944797235896428/share_codes.json
2026-05-14 18:23:46 [INFO ] [ShareCodeRepository] Persisted new share code for person P001
2026-05-14 18:23:46 [INFO ] [ShareCodeService] Generated share code for person=P001**** purpose=EMPLOYMENT
2026-05-14 18:23:46 [INFO ] [ShareCodeRepository] Loaded 0 share codes from /tmp/junit-1271993569609756857/share_codes.json
2026-05-14 18:23:46 [INFO ] [ShareCodeRepository] Persisted new share code for person P001
2026-05-14 18:23:46 [INFO ] [ShareCodeService] Generated share code for person=P001**** purpose=EMPLOYMENT
2026-05-14 18:23:46 [INFO ] [ShareCodeRepository] Persisted new share code for person P001
2026-05-14 18:23:46 [INFO ] [ShareCodeService] Generated share code for person=P001**** purpose=EMPLOYMENT
2026-05-14 18:23:46 [INFO ] [PersonRepository] Loaded 3 persons from /tmp/junit-7503667881787364325/persons.json
2026-05-14 18:23:46 [INFO ] [VisaRepository] Loaded 3 visas from /tmp/junit-7503667881787364325/visas.json
2026-05-14 18:23:46 [INFO ] [ShareCodeRepository] Loaded 4 share codes from /tmp/junit-7503667881787364325/share_codes.json
2026-05-14 18:23:46 [INFO ] [OrganisationRepository] Loaded 4 organisations from /tmp/junit-7503667881787364325/organisations.json
2026-05-14 18:23:46 [INFO ] [VerificationService] Share code verification requested by org=ORG001
2026-05-14 18:23:46 [WARN ] [VerificationService] Rejected SHARE_CODE_VERIFICATION reason=Share code has expired org=ORG001
2026-05-14 18:23:46 [INFO ] [PersonRepository] Loaded 3 persons from /tmp/junit-2464239474938259512/persons.json
2026-05-14 18:23:46 [INFO ] [VisaRepository] Loaded 3 visas from /tmp/junit-2464239474938259512/visas.json
2026-05-14 18:23:46 [INFO ] [ShareCodeRepository] Loaded 4 share codes from /tmp/junit-2464239474938259512/share_codes.json
2026-05-14 18:23:46 [INFO ] [OrganisationRepository] Loaded 4 organisations from /tmp/junit-2464239474938259512/organisations.json
2026-05-14 18:23:46 [INFO ] [VerificationService] Share code verification requested by org=ORG003
2026-05-14 18:23:46 [INFO ] [VerificationService] Share code verification outcome=Right to rent: true org=ORG003
2026-05-14 18:23:46 [INFO ] [PersonRepository] Loaded 3 persons from /tmp/junit-13269037347323946283/persons.json
2026-05-14 18:23:46 [INFO ] [VisaRepository] Loaded 3 visas from /tmp/junit-13269037347323946283/visas.json
2026-05-14 18:23:46 [INFO ] [ShareCodeRepository] Loaded 4 share codes from /tmp/junit-13269037347323946283/share_codes.json
2026-05-14 18:23:46 [INFO ] [OrganisationRepository] Loaded 4 organisations from /tmp/junit-13269037347323946283/organisations.json
2026-05-14 18:23:46 [INFO ] [VerificationService] Document verification requested by org=ORG005 docType=PASSPORT
2026-05-14 18:23:46 [INFO ] [VerificationService] Document verification outcome=Entry permitted: true, conditions: [] org=ORG005
2026-05-14 18:23:46 [INFO ] [PersonRepository] Loaded 3 persons from /tmp/junit-12388397219329300050/persons.json
2026-05-14 18:23:46 [INFO ] [VisaRepository] Loaded 3 visas from /tmp/junit-12388397219329300050/visas.json
2026-05-14 18:23:46 [INFO ] [ShareCodeRepository] Loaded 4 share codes from /tmp/junit-12388397219329300050/share_codes.json
2026-05-14 18:23:46 [INFO ] [OrganisationRepository] Loaded 4 organisations from /tmp/junit-12388397219329300050/organisations.json
2026-05-14 18:23:46 [INFO ] [VerificationService] Share code verification requested by org=ORG001
2026-05-14 18:23:46 [WARN ] [VerificationService] Rejected SHARE_CODE_VERIFICATION reason=Purpose 'ACCOMMODATION' is not permitted for role 'EMPLOYER' org=ORG001
2026-05-14 18:23:46 [INFO ] [PersonRepository] Loaded 3 persons from /tmp/junit-2545699021694019599/persons.json
2026-05-14 18:23:46 [INFO ] [VisaRepository] Loaded 3 visas from /tmp/junit-2545699021694019599/visas.json
2026-05-14 18:23:46 [INFO ] [ShareCodeRepository] Loaded 4 share codes from /tmp/junit-2545699021694019599/share_codes.json
2026-05-14 18:23:46 [INFO ] [OrganisationRepository] Loaded 4 organisations from /tmp/junit-2545699021694019599/organisations.json
2026-05-14 18:23:46 [INFO ] [VerificationService] Share code verification requested by org=ORG001
2026-05-14 18:23:46 [WARN ] [VerificationService] Rejected SHARE_CODE_VERIFICATION reason=Date of birth does not match org=ORG001
2026-05-14 18:23:46 [INFO ] [PersonRepository] Loaded 3 persons from /tmp/junit-2896263520427303861/persons.json
2026-05-14 18:23:46 [INFO ] [VisaRepository] Loaded 3 visas from /tmp/junit-2896263520427303861/visas.json
2026-05-14 18:23:46 [INFO ] [ShareCodeRepository] Loaded 4 share codes from /tmp/junit-2896263520427303861/share_codes.json
2026-05-14 18:23:46 [INFO ] [OrganisationRepository] Loaded 4 organisations from /tmp/junit-2896263520427303861/organisations.json
2026-05-14 18:23:46 [INFO ] [VerificationService] Share code verification requested by org=ORG001
2026-05-14 18:23:46 [INFO ] [VerificationService] Share code verification outcome=Right to work: false, expires: 2026-10-25 org=ORG001
2026-05-14 18:23:46 [INFO ] [PersonRepository] Loaded 3 persons from /tmp/junit-8839788852369475171/persons.json
2026-05-14 18:23:46 [INFO ] [VisaRepository] Loaded 3 visas from /tmp/junit-8839788852369475171/visas.json
2026-05-14 18:23:46 [INFO ] [ShareCodeRepository] Loaded 4 share codes from /tmp/junit-8839788852369475171/share_codes.json
2026-05-14 18:23:46 [INFO ] [OrganisationRepository] Loaded 4 organisations from /tmp/junit-8839788852369475171/organisations.json
2026-05-14 18:23:46 [INFO ] [VerificationService] Document verification requested by org=ORG006 docType=PASSPORT
2026-05-14 18:23:46 [INFO ] [VerificationService] Document verification outcome=Visa type: WORK, valid: true, expires: 2027-06-30 org=ORG006
2026-05-14 18:23:46 [INFO ] [PersonRepository] Loaded 3 persons from /tmp/junit-4378394367589652395/persons.json
2026-05-14 18:23:46 [INFO ] [VisaRepository] Loaded 3 visas from /tmp/junit-4378394367589652395/visas.json
2026-05-14 18:23:46 [INFO ] [ShareCodeRepository] Loaded 4 share codes from /tmp/junit-4378394367589652395/share_codes.json
2026-05-14 18:23:46 [INFO ] [OrganisationRepository] Loaded 4 organisations from /tmp/junit-4378394367589652395/organisations.json
2026-05-14 18:23:46 [INFO ] [VerificationService] Share code verification requested by org=ORG001
2026-05-14 18:23:46 [INFO ] [VerificationService] Share code verification outcome=Right to work: true, expires: 2027-06-30 org=ORG001
2026-05-14 18:23:46 [INFO ] [PersonRepository] Loaded 3 persons from /tmp/junit-2859672418413215693/persons.json
2026-05-14 18:23:46 [INFO ] [VisaRepository] Loaded 3 visas from /tmp/junit-2859672418413215693/visas.json
2026-05-14 18:23:46 [INFO ] [ShareCodeRepository] Loaded 4 share codes from /tmp/junit-2859672418413215693/share_codes.json
2026-05-14 18:23:46 [INFO ] [OrganisationRepository] Loaded 4 organisations from /tmp/junit-2859672418413215693/organisations.json
2026-05-14 18:23:46 [INFO ] [VerificationService] Share code verification requested by org=ORG001
2026-05-14 18:23:46 [WARN ] [VerificationService] Rejected SHARE_CODE_VERIFICATION reason=Share code must be 9 uppercase alphanumeric characters org=ORG001
2026-05-14 18:23:46 [INFO ] [PersonRepository] Loaded 3 persons from /tmp/junit-13423857325849219835/persons.json
2026-05-14 18:23:46 [INFO ] [VisaRepository] Loaded 3 visas from /tmp/junit-13423857325849219835/visas.json
2026-05-14 18:23:46 [INFO ] [ShareCodeRepository] Loaded 4 share codes from /tmp/junit-13423857325849219835/share_codes.json
2026-05-14 18:23:46 [INFO ] [OrganisationRepository] Loaded 4 organisations from /tmp/junit-13423857325849219835/organisations.json
2026-05-14 18:23:47 [INFO ] [VerificationService] Document verification requested by org=ORG005 docType=PASSPORT
2026-05-14 18:23:47 [WARN ] [VerificationService] Rejected DOCUMENT_VERIFICATION reason=Person not found for document org=ORG005
2026-05-14 18:23:47 [INFO ] [PersonRepository] Loaded 3 persons from /tmp/junit-18062426113399938160/persons.json
2026-05-14 18:23:47 [INFO ] [VisaRepository] Loaded 3 visas from /tmp/junit-18062426113399938160/visas.json
2026-05-14 18:23:47 [INFO ] [ShareCodeRepository] Loaded 4 share codes from /tmp/junit-18062426113399938160/share_codes.json
2026-05-14 18:23:47 [INFO ] [OrganisationRepository] Loaded 4 organisations from /tmp/junit-18062426113399938160/organisations.json
2026-05-14 18:23:47 [INFO ] [VerificationService] Document verification requested by org=ORG005 docType=PASSPORT
2026-05-14 18:23:47 [WARN ] [VerificationService] Rejected DOCUMENT_VERIFICATION reason=Passport number must be 9 uppercase alphanumeric characters org=ORG005
2026-05-14 18:23:47 [INFO ] [PersonRepository] Loaded 3 persons from /tmp/junit-14606120432343693908/persons.json
2026-05-14 18:23:47 [INFO ] [VisaRepository] Loaded 3 visas from /tmp/junit-14606120432343693908/visas.json
2026-05-14 18:23:47 [INFO ] [ShareCodeRepository] Loaded 4 share codes from /tmp/junit-14606120432343693908/share_codes.json
2026-05-14 18:23:47 [INFO ] [OrganisationRepository] Loaded 4 organisations from /tmp/junit-14606120432343693908/organisations.json
2026-05-14 18:23:47 [INFO ] [VerificationService] Document verification requested by org=ORG001 docType=PASSPORT
2026-05-14 18:23:47 [WARN ] [VerificationService] Rejected DOCUMENT_VERIFICATION reason=Organisation role 'EMPLOYER' is not authorised for the document route org=ORG001
2026-05-14 18:23:47 [INFO ] [PersonRepository] Loaded 3 persons from /tmp/junit-8009076612891897862/persons.json
2026-05-14 18:23:47 [INFO ] [VisaRepository] Loaded 3 visas from /tmp/junit-8009076612891897862/visas.json
2026-05-14 18:23:47 [INFO ] [ShareCodeRepository] Loaded 4 share codes from /tmp/junit-8009076612891897862/share_codes.json
2026-05-14 18:23:47 [INFO ] [OrganisationRepository] Loaded 4 organisations from /tmp/junit-8009076612891897862/organisations.json
2026-05-14 18:23:47 [INFO ] [VerificationService] Share code verification requested by org=ORG999
2026-05-14 18:23:47 [WARN ] [VerificationService] Rejected SHARE_CODE_VERIFICATION reason=Organisation not recognised org=ORG999
2026-05-14 18:23:47 [INFO ] [PersonRepository] Loaded 3 persons from /tmp/junit-10137739464613364850/persons.json
2026-05-14 18:23:47 [INFO ] [VisaRepository] Loaded 3 visas from /tmp/junit-10137739464613364850/visas.json
2026-05-14 18:23:47 [INFO ] [ShareCodeRepository] Loaded 4 share codes from /tmp/junit-10137739464613364850/share_codes.json
2026-05-14 18:23:47 [INFO ] [OrganisationRepository] Loaded 4 organisations from /tmp/junit-10137739464613364850/organisations.json
2026-05-14 18:23:47 [INFO ] [VerificationService] Share code verification requested by org=ORG005
2026-05-14 18:23:47 [WARN ] [VerificationService] Rejected SHARE_CODE_VERIFICATION reason=Organisation role 'BORDER_CONTROL' is not authorised for the share code route org=ORG005
2026-05-14 18:23:47 [INFO ] [PersonRepository] Loaded 3 persons from /tmp/junit-2902196549929353703/persons.json
2026-05-14 18:23:47 [INFO ] [VisaRepository] Loaded 3 visas from /tmp/junit-2902196549929353703/visas.json
2026-05-14 18:23:47 [INFO ] [ShareCodeRepository] Loaded 4 share codes from /tmp/junit-2902196549929353703/share_codes.json
2026-05-14 18:23:47 [INFO ] [OrganisationRepository] Loaded 4 organisations from /tmp/junit-2902196549929353703/organisations.json
2026-05-14 18:23:47 [INFO ] [VerificationService] Share code verification requested by org=ORG001
2026-05-14 18:23:47 [INFO ] [VerificationService] Share code verification outcome=Right to work: true, expires: 2027-06-30 org=ORG001
2026-05-14 18:23:47 [INFO ] [VerificationService] Share code verification requested by org=ORG001
2026-05-14 18:23:47 [INFO ] [VerificationService] Share code verification outcome=Right to work: true, expires: 2027-06-30 org=ORG001
2026-05-14 18:26:59 [INFO ] [PersonRepository] Loaded 5 persons from data/persons.json
2026-05-14 18:26:59 [INFO ] [VisaRepository] Loaded 5 visas from data/visas.json
2026-05-14 18:26:59 [INFO ] [ShareCodeRepository] Loaded 10 share codes from data/share_codes.json
2026-05-14 18:26:59 [INFO ] [OrganisationRepository] Loaded 6 organisations from data/organisations.json
2026-05-14 18:26:59 [INFO ] [Javalin] Starting Javalin ...
2026-05-14 18:26:59 [INFO ] [Server] jetty-11.0.24; built: 2024-08-26T18:11:22.448Z; git: 5dfc59a691b748796f922208956bd1f2794bcd16; jvm 25.0.2+10-69
2026-05-14 18:26:59 [INFO ] [DefaultSessionIdManager] Session workerName=node0
2026-05-14 18:26:59 [INFO ] [ContextHandler] Started o.e.j.s.ServletContextHandler@784b990c{/,null,AVAILABLE}
2026-05-14 18:26:59 [INFO ] [AbstractConnector] Started ServerConnector@41d426b5{HTTP/1.1, (http/1.1)}{0.0.0.0:7070}
2026-05-14 18:26:59 [INFO ] [Server] Started Server@2a76840c{STARTING}[11.0.24,sto=0] @1449ms
2026-05-14 18:26:59 [INFO ] [Javalin] 
       __                  ___           _____
      / /___ __   ______ _/ (_)___      / ___/
 __  / / __ `/ | / / __ `/ / / __ \    / __ \
/ /_/ / /_/ /| |/ / /_/ / / / / / /   / /_/ /
\____/\__,_/ |___/\__,_/_/_/_/ /_/    \____/

       https://javalin.io/documentation

2026-05-14 18:26:59 [INFO ] [Javalin] Javalin started in 177ms \o/
2026-05-14 18:26:59 [INFO ] [Javalin] Listening on http://localhost:7070/
2026-05-14 18:27:00 [INFO ] [Javalin] You are running Javalin 6.4.0 (released December 17, 2024. Your Javalin version is 512 days old. Consider checking for a newer version.).
2026-05-14 18:27:00 [INFO ] [ApiServer] API server started on port 7070
2026-05-14 18:27:14 [INFO ] [ApiServer] Shutdown signal received — stopping API server
2026-05-14 18:27:14 [INFO ] [Javalin] Stopping Javalin ...
2026-05-14 18:27:14 [INFO ] [Server] Stopped Server@2a76840c{STOPPING}[11.0.24,sto=0]
2026-05-14 18:27:14 [INFO ] [AbstractConnector] Stopped ServerConnector@41d426b5{HTTP/1.1, (http/1.1)}{0.0.0.0:7070}
2026-05-14 18:27:14 [INFO ] [ContextHandler] Stopped o.e.j.s.ServletContextHandler@784b990c{/,null,STOPPED}
2026-05-14 18:27:14 [INFO ] [Javalin] Javalin has stopped
2026-05-14 18:27:17 [INFO ] [PersonRepository] Loaded 5 persons from data/persons.json
2026-05-14 18:27:17 [INFO ] [VisaRepository] Loaded 5 visas from data/visas.json
2026-05-14 18:27:17 [INFO ] [ShareCodeRepository] Loaded 10 share codes from data/share_codes.json
2026-05-14 18:27:17 [INFO ] [OrganisationRepository] Loaded 6 organisations from data/organisations.json
2026-05-14 18:27:18 [INFO ] [Javalin] Starting Javalin ...
2026-05-14 18:27:18 [INFO ] [Server] jetty-11.0.24; built: 2024-08-26T18:11:22.448Z; git: 5dfc59a691b748796f922208956bd1f2794bcd16; jvm 25.0.2+10-69
2026-05-14 18:27:18 [INFO ] [DefaultSessionIdManager] Session workerName=node0
2026-05-14 18:27:18 [INFO ] [ContextHandler] Started o.e.j.s.ServletContextHandler@793138bd{/,null,AVAILABLE}
2026-05-14 18:27:18 [INFO ] [AbstractConnector] Started ServerConnector@a22cb6a{HTTP/1.1, (http/1.1)}{0.0.0.0:7070}
2026-05-14 18:27:18 [INFO ] [Server] Started Server@623e088f{STARTING}[11.0.24,sto=0] @1372ms
2026-05-14 18:27:18 [INFO ] [Javalin] 
       __                  ___           _____
      / /___ __   ______ _/ (_)___      / ___/
 __  / / __ `/ | / / __ `/ / / __ \    / __ \
/ /_/ / /_/ /| |/ / /_/ / / / / / /   / /_/ /
\____/\__,_/ |___/\__,_/_/_/_/ /_/    \____/

       https://javalin.io/documentation

2026-05-14 18:27:18 [INFO ] [Javalin] Javalin started in 174ms \o/
2026-05-14 18:27:18 [INFO ] [Javalin] Listening on http://localhost:7070/
2026-05-14 18:27:18 [INFO ] [Javalin] You are running Javalin 6.4.0 (released December 17, 2024. Your Javalin version is 512 days old. Consider checking for a newer version.).
2026-05-14 18:27:18 [INFO ] [ApiServer] API server started on port 7070
2026-05-14 18:27:25 [INFO ] [ApiServer] Shutdown signal received — stopping API server
2026-05-14 18:27:25 [INFO ] [Javalin] Stopping Javalin ...
2026-05-14 18:27:25 [INFO ] [Server] Stopped Server@623e088f{STOPPING}[11.0.24,sto=0]
2026-05-14 18:27:25 [INFO ] [AbstractConnector] Stopped ServerConnector@a22cb6a{HTTP/1.1, (http/1.1)}{0.0.0.0:7070}
2026-05-14 18:27:25 [INFO ] [ContextHandler] Stopped o.e.j.s.ServletContextHandler@793138bd{/,null,STOPPED}
2026-05-14 18:27:25 [INFO ] [Javalin] Javalin has stopped
2026-05-14 18:28:15 [INFO ] [PersonRepository] Loaded 5 persons from data/persons.json
2026-05-14 18:28:15 [INFO ] [VisaRepository] Loaded 5 visas from data/visas.json
2026-05-14 18:28:15 [INFO ] [ShareCodeRepository] Loaded 10 share codes from data/share_codes.json
2026-05-14 18:28:15 [INFO ] [OrganisationRepository] Loaded 6 organisations from data/organisations.json
2026-05-14 18:28:16 [INFO ] [Javalin] Starting Javalin ...
2026-05-14 18:28:16 [INFO ] [Server] jetty-11.0.24; built: 2024-08-26T18:11:22.448Z; git: 5dfc59a691b748796f922208956bd1f2794bcd16; jvm 25.0.2+10-69
2026-05-14 18:28:16 [INFO ] [DefaultSessionIdManager] Session workerName=node0
2026-05-14 18:28:16 [INFO ] [ContextHandler] Started o.e.j.s.ServletContextHandler@7096b474{/,null,AVAILABLE}
2026-05-14 18:28:16 [INFO ] [AbstractConnector] Started ServerConnector@253d9f73{HTTP/1.1, (http/1.1)}{0.0.0.0:7070}
2026-05-14 18:28:16 [INFO ] [Server] Started Server@25bfcafd{STARTING}[11.0.24,sto=0] @1629ms
2026-05-14 18:28:16 [INFO ] [Javalin] 
       __                  ___           _____
      / /___ __   ______ _/ (_)___      / ___/
 __  / / __ `/ | / / __ `/ / / __ \    / __ \
/ /_/ / /_/ /| |/ / /_/ / / / / / /   / /_/ /
\____/\__,_/ |___/\__,_/_/_/_/ /_/    \____/

       https://javalin.io/documentation

2026-05-14 18:28:16 [INFO ] [Javalin] Javalin started in 232ms \o/
2026-05-14 18:28:16 [INFO ] [Javalin] Listening on http://localhost:7070/
2026-05-14 18:28:16 [INFO ] [Javalin] You are running Javalin 6.4.0 (released December 17, 2024. Your Javalin version is 512 days old. Consider checking for a newer version.).
2026-05-14 18:28:16 [INFO ] [ApiServer] API server started on port 7070
2026-05-14 18:28:16 [INFO ] [ApiServer] Server started at port 7070
2026-05-14 18:28:28 [INFO ] [ApiServer] Shutdown signal received — stopping API server
2026-05-14 18:28:28 [INFO ] [Javalin] Stopping Javalin ...
2026-05-14 18:28:28 [INFO ] [Server] Stopped Server@25bfcafd{STOPPING}[11.0.24,sto=0]
2026-05-14 18:28:28 [INFO ] [AbstractConnector] Stopped ServerConnector@253d9f73{HTTP/1.1, (http/1.1)}{0.0.0.0:7070}
2026-05-14 18:28:28 [INFO ] [ContextHandler] Stopped o.e.j.s.ServletContextHandler@7096b474{/,null,STOPPED}
2026-05-14 18:28:28 [INFO ] [Javalin] Javalin has stopped
2026-05-14 18:30:28 [INFO ] [PersonRepository] Loaded 3 persons from /tmp/junit-9103766311381669830/persons.json
2026-05-14 18:30:28 [INFO ] [VisaRepository] Loaded 3 visas from /tmp/junit-9103766311381669830/visas.json
2026-05-14 18:30:28 [INFO ] [ShareCodeRepository] Loaded 4 share codes from /tmp/junit-9103766311381669830/share_codes.json
2026-05-14 18:30:28 [INFO ] [OrganisationRepository] Loaded 4 organisations from /tmp/junit-9103766311381669830/organisations.json
2026-05-14 18:30:28 [INFO ] [Javalin] Starting Javalin ...
2026-05-14 18:30:28 [INFO ] [Server] jetty-11.0.24; built: 2024-08-26T18:11:22.448Z; git: 5dfc59a691b748796f922208956bd1f2794bcd16; jvm 25.0.2+10-69
2026-05-14 18:30:28 [INFO ] [DefaultSessionIdManager] Session workerName=node0
2026-05-14 18:30:28 [INFO ] [ContextHandler] Started o.e.j.s.ServletContextHandler@2b9b7f1f{/,null,AVAILABLE}
2026-05-14 18:30:28 [INFO ] [AbstractConnector] Started ServerConnector@1adb7478{HTTP/1.1, (http/1.1)}{0.0.0.0:35471}
2026-05-14 18:30:28 [INFO ] [Server] Started Server@452c8a40{STARTING}[11.0.24,sto=0] @1608ms
2026-05-14 18:30:28 [INFO ] [Javalin] 
       __                  ___           _____
      / /___ __   ______ _/ (_)___      / ___/
 __  / / __ `/ | / / __ `/ / / __ \    / __ \
/ /_/ / /_/ /| |/ / /_/ / / / / / /   / /_/ /
\____/\__,_/ |___/\__,_/_/_/_/ /_/    \____/

       https://javalin.io/documentation

2026-05-14 18:30:28 [INFO ] [Javalin] Javalin started in 135ms \o/
2026-05-14 18:30:28 [INFO ] [Javalin] Listening on http://localhost:35471/
2026-05-14 18:30:28 [INFO ] [Javalin] You are running Javalin 6.4.0 (released December 17, 2024. Your Javalin version is 512 days old. Consider checking for a newer version.).
2026-05-14 18:30:28 [INFO ] [ApiServer] API server started on port 35471
2026-05-14 18:30:28 [INFO ] [ShareCodeRepository] Persisted new share code for person P001
2026-05-14 18:30:28 [INFO ] [ShareCodeService] Generated share code for person=P001**** purpose=EMPLOYMENT
2026-05-14 18:30:29 [INFO ] [VerificationService] Share code verification requested by org=ORG001
2026-05-14 18:30:29 [INFO ] [VerificationService] Share code verification outcome=Right to work: true, expires: 2027-06-30 org=ORG001
2026-05-14 18:30:29 [INFO ] [VerificationService] Share code verification requested by org=ORG001
2026-05-14 18:30:29 [INFO ] [VerificationService] Share code verification outcome=Right to work: true, expires: 2027-06-30 org=ORG001
2026-05-14 18:30:29 [INFO ] [ShareCodeRepository] Persisted new share code for person P001
2026-05-14 18:30:29 [INFO ] [ShareCodeService] Generated share code for person=P001**** purpose=EMPLOYMENT
2026-05-14 18:30:29 [INFO ] [VerificationService] Share code verification requested by org=ORG001
2026-05-14 18:30:29 [INFO ] [VerificationService] Share code verification outcome=Right to work: true, expires: 2027-06-30 org=ORG001
2026-05-14 18:30:29 [INFO ] [ShareCodeRepository] Persisted new share code for person P001
2026-05-14 18:30:29 [INFO ] [ShareCodeService] Generated share code for person=P001**** purpose=EMPLOYMENT
2026-05-14 18:30:29 [INFO ] [VerificationService] Share code verification requested by org=ORG001
2026-05-14 18:30:29 [INFO ] [VerificationService] Share code verification outcome=Right to work: true, expires: 2027-06-30 org=ORG001
2026-05-14 18:30:29 [INFO ] [VerificationService] Share code verification requested by org=ORG001
2026-05-14 18:30:29 [INFO ] [VerificationService] Share code verification outcome=Right to work: true, expires: 2027-06-30 org=ORG001
2026-05-14 18:30:29 [INFO ] [Javalin] Stopping Javalin ...
2026-05-14 18:30:29 [INFO ] [Server] Stopped Server@452c8a40{STOPPING}[11.0.24,sto=0]
2026-05-14 18:30:29 [INFO ] [AbstractConnector] Stopped ServerConnector@1adb7478{HTTP/1.1, (http/1.1)}{0.0.0.0:0}
2026-05-14 18:30:29 [INFO ] [ContextHandler] Stopped o.e.j.s.ServletContextHandler@2b9b7f1f{/,null,STOPPED}
2026-05-14 18:30:29 [INFO ] [Javalin] Javalin has stopped
2026-05-14 18:30:29 [INFO ] [PersonRepository] Loaded 3 persons from /tmp/junit-8318254087110387939/persons.json
2026-05-14 18:30:29 [INFO ] [VisaRepository] Loaded 3 visas from /tmp/junit-8318254087110387939/visas.json
2026-05-14 18:30:29 [INFO ] [ShareCodeRepository] Loaded 4 share codes from /tmp/junit-8318254087110387939/share_codes.json
2026-05-14 18:30:29 [INFO ] [OrganisationRepository] Loaded 4 organisations from /tmp/junit-8318254087110387939/organisations.json
2026-05-14 18:30:29 [INFO ] [Javalin] Starting Javalin ...
2026-05-14 18:30:29 [INFO ] [Server] jetty-11.0.24; built: 2024-08-26T18:11:22.448Z; git: 5dfc59a691b748796f922208956bd1f2794bcd16; jvm 25.0.2+10-69
2026-05-14 18:30:29 [INFO ] [DefaultSessionIdManager] Session workerName=node0
2026-05-14 18:30:29 [INFO ] [ContextHandler] Started o.e.j.s.ServletContextHandler@68c7ef83{/,null,AVAILABLE}
2026-05-14 18:30:29 [INFO ] [AbstractConnector] Started ServerConnector@563a89b5{HTTP/1.1, (http/1.1)}{0.0.0.0:34617}
2026-05-14 18:30:29 [INFO ] [Server] Started Server@270b6b5e{STARTING}[11.0.24,sto=0] @2206ms
2026-05-14 18:30:29 [INFO ] [Javalin] 
       __                  ___           _____
      / /___ __   ______ _/ (_)___      / ___/
 __  / / __ `/ | / / __ `/ / / __ \    / __ \
/ /_/ / /_/ /| |/ / /_/ / / / / / /   / /_/ /
\____/\__,_/ |___/\__,_/_/_/_/ /_/    \____/

       https://javalin.io/documentation

2026-05-14 18:30:29 [INFO ] [Javalin] Javalin started in 5ms \o/
2026-05-14 18:30:29 [INFO ] [Javalin] Listening on http://localhost:34617/
2026-05-14 18:30:29 [INFO ] [Javalin] You are running Javalin 6.4.0 (released December 17, 2024. Your Javalin version is 512 days old. Consider checking for a newer version.).
2026-05-14 18:30:29 [INFO ] [ApiServer] API server started on port 34617
2026-05-14 18:30:29 [WARN ] [VerificationService] Confirmation refused by org=ORG005
2026-05-14 18:30:29 [INFO ] [VerificationService] Document verification requested by org=ORG001 docType=PASSPORT
2026-05-14 18:30:29 [WARN ] [VerificationService] Rejected DOCUMENT_VERIFICATION reason=Organisation role 'EMPLOYER' is not authorised for the document route org=ORG001
2026-05-14 18:30:29 [INFO ] [VerificationService] Document verification requested by org=ORG005 docType=PASSPORT
2026-05-14 18:30:29 [INFO ] [VerificationService] Document verification outcome=Entry permitted: true, conditions: [] org=ORG005
2026-05-14 18:30:29 [INFO ] [VerificationService] Document verification requested by org=ORG006 docType=PASSPORT
2026-05-14 18:30:29 [INFO ] [VerificationService] Document verification outcome=Visa type: WORK, valid: true, expires: 2027-06-30 org=ORG006
2026-05-14 18:30:29 [INFO ] [VerificationService] Document verification requested by org=ORG005 docType=PASSPORT
2026-05-14 18:30:29 [WARN ] [VerificationService] Rejected DOCUMENT_VERIFICATION reason=Person not found for document org=ORG005
2026-05-14 18:30:29 [INFO ] [VerificationService] Document verification requested by org=ORG006 docType=PASSPORT
2026-05-14 18:30:29 [INFO ] [VerificationService] Document verification outcome=Visa type: WORK, valid: true, expires: 2027-06-30 org=ORG006
2026-05-14 18:30:29 [INFO ] [VerificationService] Document verification requested by org=ORG005 docType=PASSPORT
2026-05-14 18:30:29 [INFO ] [VerificationService] Document verification outcome=Entry permitted: true, conditions: [] org=ORG005
2026-05-14 18:30:29 [INFO ] [VerificationService] Document verification requested by org=ORG005 docType=PASSPORT
2026-05-14 18:30:29 [INFO ] [VerificationService] Document verification outcome=Entry permitted: true, conditions: [] org=ORG005
2026-05-14 18:30:29 [WARN ] [VerificationService] Confirmation refused by org=ORG005
2026-05-14 18:30:29 [INFO ] [Javalin] Stopping Javalin ...
2026-05-14 18:30:29 [INFO ] [Server] Stopped Server@270b6b5e{STOPPING}[11.0.24,sto=0]
2026-05-14 18:30:29 [INFO ] [AbstractConnector] Stopped ServerConnector@563a89b5{HTTP/1.1, (http/1.1)}{0.0.0.0:0}
2026-05-14 18:30:29 [INFO ] [ContextHandler] Stopped o.e.j.s.ServletContextHandler@68c7ef83{/,null,STOPPED}
2026-05-14 18:30:29 [INFO ] [Javalin] Javalin has stopped
2026-05-14 18:30:29 [INFO ] [PersonRepository] Loaded 3 persons from /tmp/junit-5804512064963270768/persons.json
2026-05-14 18:30:29 [INFO ] [VisaRepository] Loaded 3 visas from /tmp/junit-5804512064963270768/visas.json
2026-05-14 18:30:29 [INFO ] [ShareCodeRepository] Loaded 4 share codes from /tmp/junit-5804512064963270768/share_codes.json
2026-05-14 18:30:29 [INFO ] [OrganisationRepository] Loaded 4 organisations from /tmp/junit-5804512064963270768/organisations.json
2026-05-14 18:30:29 [INFO ] [Javalin] Starting Javalin ...
2026-05-14 18:30:29 [INFO ] [Server] jetty-11.0.24; built: 2024-08-26T18:11:22.448Z; git: 5dfc59a691b748796f922208956bd1f2794bcd16; jvm 25.0.2+10-69
2026-05-14 18:30:29 [INFO ] [DefaultSessionIdManager] Session workerName=node0
2026-05-14 18:30:29 [INFO ] [ContextHandler] Started o.e.j.s.ServletContextHandler@70e13fa{/,null,AVAILABLE}
2026-05-14 18:30:29 [INFO ] [AbstractConnector] Started ServerConnector@288cdaab{HTTP/1.1, (http/1.1)}{0.0.0.0:37027}
2026-05-14 18:30:29 [INFO ] [Server] Started Server@99407c2{STARTING}[11.0.24,sto=0] @2323ms
2026-05-14 18:30:29 [INFO ] [Javalin] 
       __                  ___           _____
      / /___ __   ______ _/ (_)___      / ___/
 __  / / __ `/ | / / __ `/ / / __ \    / __ \
/ /_/ / /_/ /| |/ / /_/ / / / / / /   / /_/ /
\____/\__,_/ |___/\__,_/_/_/_/ /_/    \____/

       https://javalin.io/documentation

2026-05-14 18:30:29 [INFO ] [Javalin] Javalin started in 6ms \o/
2026-05-14 18:30:29 [INFO ] [Javalin] Listening on http://localhost:37027/
2026-05-14 18:30:29 [INFO ] [Javalin] You are running Javalin 6.4.0 (released December 17, 2024. Your Javalin version is 512 days old. Consider checking for a newer version.).
2026-05-14 18:30:29 [INFO ] [ApiServer] API server started on port 37027
2026-05-14 18:30:29 [INFO ] [Javalin] Stopping Javalin ...
2026-05-14 18:30:29 [INFO ] [Server] Stopped Server@99407c2{STOPPING}[11.0.24,sto=0]
2026-05-14 18:30:29 [INFO ] [AbstractConnector] Stopped ServerConnector@288cdaab{HTTP/1.1, (http/1.1)}{0.0.0.0:0}
2026-05-14 18:30:29 [INFO ] [ContextHandler] Stopped o.e.j.s.ServletContextHandler@70e13fa{/,null,STOPPED}
2026-05-14 18:30:29 [INFO ] [Javalin] Javalin has stopped
2026-05-14 18:30:29 [INFO ] [PersonRepository] Loaded 3 persons from /tmp/junit-9116321606063210000/persons.json
2026-05-14 18:30:29 [INFO ] [VisaRepository] Loaded 3 visas from /tmp/junit-9116321606063210000/visas.json
2026-05-14 18:30:29 [INFO ] [ShareCodeRepository] Loaded 4 share codes from /tmp/junit-9116321606063210000/share_codes.json
2026-05-14 18:30:29 [INFO ] [OrganisationRepository] Loaded 4 organisations from /tmp/junit-9116321606063210000/organisations.json
2026-05-14 18:30:29 [INFO ] [Javalin] Starting Javalin ...
2026-05-14 18:30:29 [INFO ] [Server] jetty-11.0.24; built: 2024-08-26T18:11:22.448Z; git: 5dfc59a691b748796f922208956bd1f2794bcd16; jvm 25.0.2+10-69
2026-05-14 18:30:29 [INFO ] [DefaultSessionIdManager] Session workerName=node0
2026-05-14 18:30:29 [INFO ] [ContextHandler] Started o.e.j.s.ServletContextHandler@4f67e3df{/,null,AVAILABLE}
2026-05-14 18:30:29 [INFO ] [AbstractConnector] Started ServerConnector@58a2b4c{HTTP/1.1, (http/1.1)}{0.0.0.0:34513}
2026-05-14 18:30:29 [INFO ] [Server] Started Server@4f966719{STARTING}[11.0.24,sto=0] @2397ms
2026-05-14 18:30:29 [INFO ] [Javalin] 
       __                  ___           _____
      / /___ __   ______ _/ (_)___      / ___/
 __  / / __ `/ | / / __ `/ / / __ \    / __ \
/ /_/ / /_/ /| |/ / /_/ / / / / / /   / /_/ /
\____/\__,_/ |___/\__,_/_/_/_/ /_/    \____/

       https://javalin.io/documentation

2026-05-14 18:30:29 [INFO ] [Javalin] Javalin started in 5ms \o/
2026-05-14 18:30:29 [INFO ] [Javalin] Listening on http://localhost:34513/
2026-05-14 18:30:29 [INFO ] [Javalin] You are running Javalin 6.4.0 (released December 17, 2024. Your Javalin version is 512 days old. Consider checking for a newer version.).
2026-05-14 18:30:29 [INFO ] [ApiServer] API server started on port 34513
2026-05-14 18:30:29 [WARN ] [VerificationService] Confirmation refused by org=ORG001
2026-05-14 18:30:29 [INFO ] [VerificationService] Share code verification requested by org=ORG001
2026-05-14 18:30:29 [INFO ] [VerificationService] Share code verification outcome=Right to work: true, expires: 2027-06-30 org=ORG001
2026-05-14 18:30:29 [INFO ] [VerificationService] Share code verification requested by org=ORG001
2026-05-14 18:30:29 [WARN ] [VerificationService] Rejected SHARE_CODE_VERIFICATION reason=Purpose 'ACCOMMODATION' is not permitted for role 'EMPLOYER' org=ORG001
2026-05-14 18:30:29 [WARN ] [VerificationService] Confirmation refused by org=ORG001
2026-05-14 18:30:29 [INFO ] [VerificationService] Share code verification requested by org=ORG001
2026-05-14 18:30:29 [INFO ] [VerificationService] Share code verification outcome=Right to work: true, expires: 2027-06-30 org=ORG001
2026-05-14 18:30:29 [INFO ] [VerificationService] Share code verification requested by org=ORG001
2026-05-14 18:30:29 [WARN ] [VerificationService] Rejected SHARE_CODE_VERIFICATION reason=Date of birth does not match org=ORG001
2026-05-14 18:30:29 [INFO ] [VerificationService] Share code verification requested by org=ORG001
2026-05-14 18:30:29 [INFO ] [VerificationService] Share code verification outcome=Right to work: true, expires: 2027-06-30 org=ORG001
2026-05-14 18:30:29 [INFO ] [VerificationService] Share code verification requested by org=ORG001
2026-05-14 18:30:29 [INFO ] [VerificationService] Share code verification outcome=Right to work: true, expires: 2027-06-30 org=ORG001
2026-05-14 18:30:29 [INFO ] [VerificationService] Share code verification requested by org=ORG003
2026-05-14 18:30:29 [INFO ] [VerificationService] Share code verification outcome=Right to rent: true org=ORG003
2026-05-14 18:30:29 [INFO ] [VerificationService] Share code verification requested by org=ORG001
2026-05-14 18:30:29 [INFO ] [VerificationService] Share code verification outcome=Right to work: true, expires: 2027-06-30 org=ORG001
2026-05-14 18:30:29 [WARN ] [VerificationService] Confirmation refused by org=ORG001
2026-05-14 18:30:29 [INFO ] [VerificationService] Share code verification requested by org=ORG001
2026-05-14 18:30:29 [INFO ] [VerificationService] Share code verification outcome=Right to work: false, expires: 2026-10-25 org=ORG001
2026-05-14 18:30:29 [INFO ] [VerificationService] Share code verification requested by org=ORG001
2026-05-14 18:30:29 [WARN ] [VerificationService] Rejected SHARE_CODE_VERIFICATION reason=Share code has expired org=ORG001
2026-05-14 18:30:29 [WARN ] [VerificationService] Confirmation refused by org=ORG001
2026-05-14 18:30:29 [INFO ] [Javalin] Stopping Javalin ...
2026-05-14 18:30:29 [INFO ] [Server] Stopped Server@4f966719{STOPPING}[11.0.24,sto=0]
2026-05-14 18:30:29 [INFO ] [AbstractConnector] Stopped ServerConnector@58a2b4c{HTTP/1.1, (http/1.1)}{0.0.0.0:0}
2026-05-14 18:30:29 [INFO ] [ContextHandler] Stopped o.e.j.s.ServletContextHandler@4f67e3df{/,null,STOPPED}
2026-05-14 18:30:29 [INFO ] [Javalin] Javalin has stopped
2026-05-14 18:30:29 [INFO ] [PersonRepository] Loaded 3 persons from /tmp/junit-18257171329630946731/persons.json
2026-05-14 18:30:29 [INFO ] [VisaRepository] Loaded 3 visas from /tmp/junit-18257171329630946731/visas.json
2026-05-14 18:30:29 [INFO ] [ShareCodeRepository] Loaded 4 share codes from /tmp/junit-18257171329630946731/share_codes.json
2026-05-14 18:30:29 [INFO ] [OrganisationRepository] Loaded 4 organisations from /tmp/junit-18257171329630946731/organisations.json
2026-05-14 18:30:29 [INFO ] [Javalin] Starting Javalin ...
2026-05-14 18:30:29 [INFO ] [Server] jetty-11.0.24; built: 2024-08-26T18:11:22.448Z; git: 5dfc59a691b748796f922208956bd1f2794bcd16; jvm 25.0.2+10-69
2026-05-14 18:30:29 [INFO ] [DefaultSessionIdManager] Session workerName=node0
2026-05-14 18:30:29 [INFO ] [ContextHandler] Started o.e.j.s.ServletContextHandler@1a891add{/,null,AVAILABLE}
2026-05-14 18:30:29 [INFO ] [AbstractConnector] Started ServerConnector@5d7835a8{HTTP/1.1, (http/1.1)}{0.0.0.0:46813}
2026-05-14 18:30:29 [INFO ] [Server] Started Server@1976f537{STARTING}[11.0.24,sto=0] @2513ms
2026-05-14 18:30:29 [INFO ] [Javalin] 
       __                  ___           _____
      / /___ __   ______ _/ (_)___      / ___/
 __  / / __ `/ | / / __ `/ / / __ \    / __ \
/ /_/ / /_/ /| |/ / /_/ / / / / / /   / /_/ /
\____/\__,_/ |___/\__,_/_/_/_/ /_/    \____/

       https://javalin.io/documentation

2026-05-14 18:30:29 [INFO ] [Javalin] Javalin started in 5ms \o/
2026-05-14 18:30:29 [INFO ] [Javalin] Listening on http://localhost:46813/
2026-05-14 18:30:29 [INFO ] [Javalin] You are running Javalin 6.4.0 (released December 17, 2024. Your Javalin version is 512 days old. Consider checking for a newer version.).
2026-05-14 18:30:29 [INFO ] [ApiServer] API server started on port 46813
2026-05-14 18:30:29 [INFO ] [ShareCodeRepository] Persisted new share code for person P001
2026-05-14 18:30:29 [INFO ] [ShareCodeService] Generated share code for person=P001**** purpose=EMPLOYMENT
2026-05-14 18:30:29 [INFO ] [ShareCodeRepository] Persisted new share code for person P001
2026-05-14 18:30:29 [INFO ] [ShareCodeService] Generated share code for person=P001**** purpose=EMPLOYMENT
2026-05-14 18:30:29 [INFO ] [ShareCodeRepository] Persisted new share code for person P001
2026-05-14 18:30:29 [INFO ] [ShareCodeService] Generated share code for person=P001**** purpose=EMPLOYMENT
2026-05-14 18:30:29 [INFO ] [ShareCodeRepository] Persisted new share code for person P001
2026-05-14 18:30:29 [INFO ] [ShareCodeService] Generated share code for person=P001**** purpose=EMPLOYMENT
2026-05-14 18:30:29 [INFO ] [ShareCodeRepository] Persisted new share code for person P001
2026-05-14 18:30:29 [INFO ] [ShareCodeService] Generated share code for person=P001**** purpose=EMPLOYMENT
2026-05-14 18:30:29 [INFO ] [ShareCodeRepository] Persisted new share code for person P001
2026-05-14 18:30:29 [INFO ] [ShareCodeService] Generated share code for person=P001**** purpose=EMPLOYMENT
2026-05-14 18:30:29 [INFO ] [ShareCodeRepository] Persisted new share code for person P001
2026-05-14 18:30:29 [INFO ] [ShareCodeService] Generated share code for person=P001**** purpose=EMPLOYMENT
2026-05-14 18:30:29 [INFO ] [Javalin] Stopping Javalin ...
2026-05-14 18:30:29 [INFO ] [Server] Stopped Server@1976f537{STOPPING}[11.0.24,sto=0]
2026-05-14 18:30:29 [INFO ] [AbstractConnector] Stopped ServerConnector@5d7835a8{HTTP/1.1, (http/1.1)}{0.0.0.0:0}
2026-05-14 18:30:29 [INFO ] [ContextHandler] Stopped o.e.j.s.ServletContextHandler@1a891add{/,null,STOPPED}
2026-05-14 18:30:29 [INFO ] [Javalin] Javalin has stopped
2026-05-14 18:30:29 [INFO ] [PersonRepository] Loaded 3 persons from /tmp/junit-6628026785609666603/persons.json
2026-05-14 18:30:29 [INFO ] [VisaRepository] Loaded 3 visas from /tmp/junit-6628026785609666603/visas.json
2026-05-14 18:30:29 [INFO ] [ShareCodeRepository] Loaded 4 share codes from /tmp/junit-6628026785609666603/share_codes.json
2026-05-14 18:30:29 [INFO ] [OrganisationRepository] Loaded 4 organisations from /tmp/junit-6628026785609666603/organisations.json
2026-05-14 18:30:29 [INFO ] [Javalin] Starting Javalin ...
2026-05-14 18:30:29 [INFO ] [Server] jetty-11.0.24; built: 2024-08-26T18:11:22.448Z; git: 5dfc59a691b748796f922208956bd1f2794bcd16; jvm 25.0.2+10-69
2026-05-14 18:30:29 [INFO ] [DefaultSessionIdManager] Session workerName=node0
2026-05-14 18:30:29 [INFO ] [ContextHandler] Started o.e.j.s.ServletContextHandler@1ac45389{/,null,AVAILABLE}
2026-05-14 18:30:29 [INFO ] [AbstractConnector] Started ServerConnector@4aaae508{HTTP/1.1, (http/1.1)}{0.0.0.0:34383}
2026-05-14 18:30:29 [INFO ] [Server] Started Server@7bc6d27a{STARTING}[11.0.24,sto=0] @2587ms
2026-05-14 18:30:29 [INFO ] [Javalin] 
       __                  ___           _____
      / /___ __   ______ _/ (_)___      / ___/
 __  / / __ `/ | / / __ `/ / / __ \    / __ \
/ /_/ / /_/ /| |/ / /_/ / / / / / /   / /_/ /
\____/\__,_/ |___/\__,_/_/_/_/ /_/    \____/

       https://javalin.io/documentation

2026-05-14 18:30:29 [INFO ] [Javalin] Javalin started in 4ms \o/
2026-05-14 18:30:29 [INFO ] [Javalin] Listening on http://localhost:34383/
2026-05-14 18:30:29 [INFO ] [Javalin] You are running Javalin 6.4.0 (released December 17, 2024. Your Javalin version is 512 days old. Consider checking for a newer version.).
2026-05-14 18:30:29 [INFO ] [ApiServer] API server started on port 34383
2026-05-14 18:30:29 [WARN ] [VerificationService] Confirmation refused by org=ORG005
2026-05-14 18:30:29 [WARN ] [VerificationService] Confirmation refused by org=ORG001
2026-05-14 18:30:29 [INFO ] [Javalin] Stopping Javalin ...
2026-05-14 18:30:29 [INFO ] [Server] Stopped Server@7bc6d27a{STOPPING}[11.0.24,sto=0]
2026-05-14 18:30:29 [INFO ] [AbstractConnector] Stopped ServerConnector@4aaae508{HTTP/1.1, (http/1.1)}{0.0.0.0:0}
2026-05-14 18:30:29 [INFO ] [ContextHandler] Stopped o.e.j.s.ServletContextHandler@1ac45389{/,null,STOPPED}
2026-05-14 18:30:29 [INFO ] [Javalin] Javalin has stopped
2026-05-14 18:30:29 [INFO ] [PersonRepository] Loaded 3 persons from /tmp/junit-6082860578308424042/persons.json
2026-05-14 18:30:29 [INFO ] [VisaRepository] Loaded 3 visas from /tmp/junit-6082860578308424042/visas.json
2026-05-14 18:30:29 [INFO ] [ShareCodeRepository] Loaded 4 share codes from /tmp/junit-6082860578308424042/share_codes.json
2026-05-14 18:30:29 [INFO ] [OrganisationRepository] Loaded 5 organisations from /tmp/junit-6082860578308424042/organisations.json
2026-05-14 18:30:29 [INFO ] [Javalin] Starting Javalin ...
2026-05-14 18:30:29 [INFO ] [Server] jetty-11.0.24; built: 2024-08-26T18:11:22.448Z; git: 5dfc59a691b748796f922208956bd1f2794bcd16; jvm 25.0.2+10-69
2026-05-14 18:30:29 [INFO ] [DefaultSessionIdManager] Session workerName=node0
2026-05-14 18:30:29 [INFO ] [ContextHandler] Started o.e.j.s.ServletContextHandler@221dad51{/,null,AVAILABLE}
2026-05-14 18:30:29 [INFO ] [AbstractConnector] Started ServerConnector@4bbb49b0{HTTP/1.1, (http/1.1)}{0.0.0.0:37515}
2026-05-14 18:30:29 [INFO ] [Server] Started Server@3effd4f3{STARTING}[11.0.24,sto=0] @2639ms
2026-05-14 18:30:29 [INFO ] [Javalin] 
       __                  ___           _____
      / /___ __   ______ _/ (_)___      / ___/
 __  / / __ `/ | / / __ `/ / / __ \    / __ \
/ /_/ / /_/ /| |/ / /_/ / / / / / /   / /_/ /
\____/\__,_/ |___/\__,_/_/_/_/ /_/    \____/

       https://javalin.io/documentation

2026-05-14 18:30:29 [INFO ] [Javalin] Javalin started in 9ms \o/
2026-05-14 18:30:29 [INFO ] [Javalin] Listening on http://localhost:37515/
2026-05-14 18:30:29 [INFO ] [Javalin] You are running Javalin 6.4.0 (released December 17, 2024. Your Javalin version is 512 days old. Consider checking for a newer version.).
2026-05-14 18:30:29 [INFO ] [ApiServer] API server started on port 37515
2026-05-14 18:30:29 [INFO ] [ShareCodeRepository] Persisted new share code for person P001
2026-05-14 18:30:29 [INFO ] [ShareCodeService] Generated share code for person=P001**** purpose=EMPLOYMENT
2026-05-14 18:30:29 [INFO ] [VerificationService] Share code verification requested by org=ORG001
2026-05-14 18:30:29 [INFO ] [VerificationService] Share code verification outcome=Right to work: true, expires: 2027-06-30 org=ORG001
2026-05-14 18:30:29 [INFO ] [VerificationService] Share code verification requested by org=ORG001
2026-05-14 18:30:29 [INFO ] [VerificationService] Share code verification outcome=Right to work: true, expires: 2027-06-30 org=ORG001
2026-05-14 18:30:29 [INFO ] [Javalin] Stopping Javalin ...
2026-05-14 18:30:29 [INFO ] [Server] Stopped Server@3effd4f3{STOPPING}[11.0.24,sto=0]
2026-05-14 18:30:29 [INFO ] [AbstractConnector] Stopped ServerConnector@4bbb49b0{HTTP/1.1, (http/1.1)}{0.0.0.0:0}
2026-05-14 18:30:29 [INFO ] [ContextHandler] Stopped o.e.j.s.ServletContextHandler@221dad51{/,null,STOPPED}
2026-05-14 18:30:29 [INFO ] [Javalin] Javalin has stopped
2026-05-14 18:30:29 [INFO ] [PersonRepository] Loaded 3 persons from /tmp/junit-12036919864936847457/persons.json
2026-05-14 18:30:29 [INFO ] [VisaRepository] Loaded 3 visas from /tmp/junit-12036919864936847457/visas.json
2026-05-14 18:30:29 [INFO ] [ShareCodeRepository] Loaded 4 share codes from /tmp/junit-12036919864936847457/share_codes.json
2026-05-14 18:30:29 [INFO ] [OrganisationRepository] Loaded 5 organisations from /tmp/junit-12036919864936847457/organisations.json
2026-05-14 18:30:29 [INFO ] [Javalin] Starting Javalin ...
2026-05-14 18:30:29 [INFO ] [Server] jetty-11.0.24; built: 2024-08-26T18:11:22.448Z; git: 5dfc59a691b748796f922208956bd1f2794bcd16; jvm 25.0.2+10-69
2026-05-14 18:30:29 [INFO ] [DefaultSessionIdManager] Session workerName=node0
2026-05-14 18:30:29 [INFO ] [ContextHandler] Started o.e.j.s.ServletContextHandler@3d8b319e{/,null,AVAILABLE}
2026-05-14 18:30:29 [INFO ] [AbstractConnector] Started ServerConnector@68b58644{HTTP/1.1, (http/1.1)}{0.0.0.0:39599}
2026-05-14 18:30:29 [INFO ] [Server] Started Server@6ae3fb94{STARTING}[11.0.24,sto=0] @2703ms
2026-05-14 18:30:29 [INFO ] [Javalin] 
       __                  ___           _____
      / /___ __   ______ _/ (_)___      / ___/
 __  / / __ `/ | / / __ `/ / / __ \    / __ \
/ /_/ / /_/ /| |/ / /_/ / / / / / /   / /_/ /
\____/\__,_/ |___/\__,_/_/_/_/ /_/    \____/

       https://javalin.io/documentation

2026-05-14 18:30:29 [INFO ] [Javalin] Javalin started in 5ms \o/
2026-05-14 18:30:29 [INFO ] [Javalin] Listening on http://localhost:39599/
2026-05-14 18:30:29 [INFO ] [Javalin] You are running Javalin 6.4.0 (released December 17, 2024. Your Javalin version is 512 days old. Consider checking for a newer version.).
2026-05-14 18:30:29 [INFO ] [ApiServer] API server started on port 39599
2026-05-14 18:30:29 [INFO ] [ShareCodeRepository] Persisted new share code for person P004
2026-05-14 18:30:29 [INFO ] [ShareCodeService] Generated share code for person=P004**** purpose=ACCOMMODATION
2026-05-14 18:30:29 [INFO ] [ShareCodeRepository] Persisted new share code for person P001
2026-05-14 18:30:29 [INFO ] [ShareCodeService] Generated share code for person=P001**** purpose=EMPLOYMENT
2026-05-14 18:30:29 [INFO ] [VerificationService] Share code verification requested by org=ORG001
2026-05-14 18:30:29 [INFO ] [VerificationService] Share code verification outcome=Right to work: true, expires: 2027-06-30 org=ORG001
2026-05-14 18:30:29 [INFO ] [VerificationService] Share code verification requested by org=ORG001
2026-05-14 18:30:29 [INFO ] [VerificationService] Share code verification outcome=Right to work: true, expires: 2027-06-30 org=ORG001
2026-05-14 18:30:29 [INFO ] [ShareCodeRepository] Persisted new share code for person P001
2026-05-14 18:30:29 [INFO ] [ShareCodeService] Generated share code for person=P001**** purpose=EMPLOYMENT
2026-05-14 18:30:29 [INFO ] [VerificationService] Share code verification requested by org=ORG001
2026-05-14 18:30:29 [INFO ] [VerificationService] Share code verification outcome=Right to work: true, expires: 2027-06-30 org=ORG001
2026-05-14 18:30:29 [INFO ] [VerificationService] Share code verification requested by org=ORG001
2026-05-14 18:30:29 [INFO ] [VerificationService] Share code verification outcome=Right to work: true, expires: 2027-06-30 org=ORG001
2026-05-14 18:30:29 [INFO ] [ShareCodeRepository] Persisted new share code for person P004
2026-05-14 18:30:29 [INFO ] [ShareCodeService] Generated share code for person=P004**** purpose=ACCOMMODATION
2026-05-14 18:30:29 [INFO ] [VerificationService] Share code verification requested by org=ORG003
2026-05-14 18:30:29 [INFO ] [VerificationService] Share code verification outcome=Right to rent: true org=ORG003
2026-05-14 18:30:29 [INFO ] [VerificationService] Share code verification requested by org=ORG003
2026-05-14 18:30:29 [INFO ] [VerificationService] Share code verification outcome=Right to rent: true org=ORG003
2026-05-14 18:30:29 [INFO ] [Javalin] Stopping Javalin ...
2026-05-14 18:30:29 [INFO ] [Server] Stopped Server@6ae3fb94{STOPPING}[11.0.24,sto=0]
2026-05-14 18:30:29 [INFO ] [AbstractConnector] Stopped ServerConnector@68b58644{HTTP/1.1, (http/1.1)}{0.0.0.0:0}
2026-05-14 18:30:29 [INFO ] [ContextHandler] Stopped o.e.j.s.ServletContextHandler@3d8b319e{/,null,STOPPED}
2026-05-14 18:30:29 [INFO ] [Javalin] Javalin has stopped
2026-05-14 18:30:29 [INFO ] [PersonRepository] Loaded 3 persons from /tmp/junit-9570214907904214389/persons.json
2026-05-14 18:30:29 [INFO ] [VisaRepository] Loaded 3 visas from /tmp/junit-9570214907904214389/visas.json
2026-05-14 18:30:29 [INFO ] [ShareCodeRepository] Loaded 4 share codes from /tmp/junit-9570214907904214389/share_codes.json
2026-05-14 18:30:29 [INFO ] [OrganisationRepository] Loaded 5 organisations from /tmp/junit-9570214907904214389/organisations.json
2026-05-14 18:30:29 [INFO ] [Javalin] Starting Javalin ...
2026-05-14 18:30:29 [INFO ] [Server] jetty-11.0.24; built: 2024-08-26T18:11:22.448Z; git: 5dfc59a691b748796f922208956bd1f2794bcd16; jvm 25.0.2+10-69
2026-05-14 18:30:29 [INFO ] [DefaultSessionIdManager] Session workerName=node0
2026-05-14 18:30:29 [INFO ] [ContextHandler] Started o.e.j.s.ServletContextHandler@61d34b4{/,null,AVAILABLE}
2026-05-14 18:30:29 [INFO ] [AbstractConnector] Started ServerConnector@2f651f93{HTTP/1.1, (http/1.1)}{0.0.0.0:36767}
2026-05-14 18:30:29 [INFO ] [Server] Started Server@6c575325{STARTING}[11.0.24,sto=0] @2781ms
2026-05-14 18:30:29 [INFO ] [Javalin] 
       __                  ___           _____
      / /___ __   ______ _/ (_)___      / ___/
 __  / / __ `/ | / / __ `/ / / __ \    / __ \
/ /_/ / /_/ /| |/ / /_/ / / / / / /   / /_/ /
\____/\__,_/ |___/\__,_/_/_/_/ /_/    \____/

       https://javalin.io/documentation

2026-05-14 18:30:29 [INFO ] [Javalin] Javalin started in 4ms \o/
2026-05-14 18:30:29 [INFO ] [Javalin] Listening on http://localhost:36767/
2026-05-14 18:30:29 [INFO ] [Javalin] You are running Javalin 6.4.0 (released December 17, 2024. Your Javalin version is 512 days old. Consider checking for a newer version.).
2026-05-14 18:30:29 [INFO ] [ApiServer] API server started on port 36767
2026-05-14 18:30:29 [INFO ] [ShareCodeRepository] Persisted new share code for person P004
2026-05-14 18:30:29 [INFO ] [ShareCodeService] Generated share code for person=P004**** purpose=ACCOMMODATION
2026-05-14 18:30:29 [INFO ] [ShareCodeRepository] Persisted new share code for person P001
2026-05-14 18:30:29 [INFO ] [ShareCodeService] Generated share code for person=P001**** purpose=EMPLOYMENT
2026-05-14 18:30:29 [INFO ] [ShareCodeRepository] Persisted new share code for person P001
2026-05-14 18:30:29 [INFO ] [ShareCodeService] Generated share code for person=P001**** purpose=EDUCATION
2026-05-14 18:30:29 [INFO ] [Javalin] Stopping Javalin ...
2026-05-14 18:30:29 [INFO ] [Server] Stopped Server@6c575325{STOPPING}[11.0.24,sto=0]
2026-05-14 18:30:29 [INFO ] [AbstractConnector] Stopped ServerConnector@2f651f93{HTTP/1.1, (http/1.1)}{0.0.0.0:0}
2026-05-14 18:30:29 [INFO ] [ContextHandler] Stopped o.e.j.s.ServletContextHandler@61d34b4{/,null,STOPPED}
2026-05-14 18:30:29 [INFO ] [Javalin] Javalin has stopped
2026-05-14 18:30:29 [INFO ] [PersonRepository] Loaded 3 persons from /tmp/junit-15495826448891000980/persons.json
2026-05-14 18:30:29 [INFO ] [VisaRepository] Loaded 3 visas from /tmp/junit-15495826448891000980/visas.json
2026-05-14 18:30:29 [INFO ] [ShareCodeRepository] Loaded 4 share codes from /tmp/junit-15495826448891000980/share_codes.json
2026-05-14 18:30:29 [INFO ] [OrganisationRepository] Loaded 5 organisations from /tmp/junit-15495826448891000980/organisations.json
2026-05-14 18:30:29 [INFO ] [Javalin] Starting Javalin ...
2026-05-14 18:30:29 [INFO ] [Server] jetty-11.0.24; built: 2024-08-26T18:11:22.448Z; git: 5dfc59a691b748796f922208956bd1f2794bcd16; jvm 25.0.2+10-69
2026-05-14 18:30:29 [INFO ] [DefaultSessionIdManager] Session workerName=node0
2026-05-14 18:30:29 [INFO ] [ContextHandler] Started o.e.j.s.ServletContextHandler@6a48a7f3{/,null,AVAILABLE}
2026-05-14 18:30:29 [INFO ] [AbstractConnector] Started ServerConnector@572e6fd9{HTTP/1.1, (http/1.1)}{0.0.0.0:40483}
2026-05-14 18:30:29 [INFO ] [Server] Started Server@58b71ceb{STARTING}[11.0.24,sto=0] @2840ms
2026-05-14 18:30:29 [INFO ] [Javalin] 
       __                  ___           _____
      / /___ __   ______ _/ (_)___      / ___/
 __  / / __ `/ | / / __ `/ / / __ \    / __ \
/ /_/ / /_/ /| |/ / /_/ / / / / / /   / /_/ /
\____/\__,_/ |___/\__,_/_/_/_/ /_/    \____/

       https://javalin.io/documentation

2026-05-14 18:30:29 [INFO ] [Javalin] Javalin started in 6ms \o/
2026-05-14 18:30:29 [INFO ] [Javalin] Listening on http://localhost:40483/
2026-05-14 18:30:29 [INFO ] [Javalin] You are running Javalin 6.4.0 (released December 17, 2024. Your Javalin version is 512 days old. Consider checking for a newer version.).
2026-05-14 18:30:29 [INFO ] [ApiServer] API server started on port 40483
2026-05-14 18:30:29 [INFO ] [Javalin] Stopping Javalin ...
2026-05-14 18:30:29 [INFO ] [Server] Stopped Server@58b71ceb{STOPPING}[11.0.24,sto=0]
2026-05-14 18:30:29 [INFO ] [AbstractConnector] Stopped ServerConnector@572e6fd9{HTTP/1.1, (http/1.1)}{0.0.0.0:0}
2026-05-14 18:30:29 [INFO ] [ContextHandler] Stopped o.e.j.s.ServletContextHandler@6a48a7f3{/,null,STOPPED}
2026-05-14 18:30:29 [INFO ] [Javalin] Javalin has stopped
2026-05-14 18:30:29 [INFO ] [PersonRepository] Loaded 3 persons from /tmp/junit-2006122684366021865/persons.json
2026-05-14 18:30:29 [INFO ] [VisaRepository] Loaded 3 visas from /tmp/junit-2006122684366021865/visas.json
2026-05-14 18:30:29 [INFO ] [ShareCodeRepository] Loaded 4 share codes from /tmp/junit-2006122684366021865/share_codes.json
2026-05-14 18:30:29 [INFO ] [OrganisationRepository] Loaded 5 organisations from /tmp/junit-2006122684366021865/organisations.json
2026-05-14 18:30:29 [INFO ] [Javalin] Starting Javalin ...
2026-05-14 18:30:29 [INFO ] [Server] jetty-11.0.24; built: 2024-08-26T18:11:22.448Z; git: 5dfc59a691b748796f922208956bd1f2794bcd16; jvm 25.0.2+10-69
2026-05-14 18:30:29 [INFO ] [DefaultSessionIdManager] Session workerName=node0
2026-05-14 18:30:29 [INFO ] [ContextHandler] Started o.e.j.s.ServletContextHandler@3ed03652{/,null,AVAILABLE}
2026-05-14 18:30:29 [INFO ] [AbstractConnector] Started ServerConnector@23592946{HTTP/1.1, (http/1.1)}{0.0.0.0:33219}
2026-05-14 18:30:29 [INFO ] [Server] Started Server@7c2b58c0{STARTING}[11.0.24,sto=0] @2895ms
2026-05-14 18:30:29 [INFO ] [Javalin] 
       __                  ___           _____
      / /___ __   ______ _/ (_)___      / ___/
 __  / / __ `/ | / / __ `/ / / __ \    / __ \
/ /_/ / /_/ /| |/ / /_/ / / / / / /   / /_/ /
\____/\__,_/ |___/\__,_/_/_/_/ /_/    \____/

       https://javalin.io/documentation

2026-05-14 18:30:29 [INFO ] [Javalin] Javalin started in 10ms \o/
2026-05-14 18:30:29 [INFO ] [Javalin] Listening on http://localhost:33219/
2026-05-14 18:30:29 [INFO ] [Javalin] You are running Javalin 6.4.0 (released December 17, 2024. Your Javalin version is 512 days old. Consider checking for a newer version.).
2026-05-14 18:30:29 [INFO ] [ApiServer] API server started on port 33219
2026-05-14 18:30:29 [INFO ] [VerificationService] Share code verification requested by org=ORG001
2026-05-14 18:30:29 [INFO ] [VerificationService] Share code verification outcome=Right to work: true, expires: 2027-06-30 org=ORG001
2026-05-14 18:30:29 [INFO ] [VerificationService] Document verification requested by org=ORG005 docType=PASSPORT
2026-05-14 18:30:29 [INFO ] [VerificationService] Document verification outcome=Entry permitted: true, conditions: [] org=ORG005
2026-05-14 18:30:29 [INFO ] [VerificationService] Share code verification requested by org=ORG001
2026-05-14 18:30:29 [WARN ] [VerificationService] Rejected SHARE_CODE_VERIFICATION reason=Share code has expired org=ORG001
2026-05-14 18:30:29 [INFO ] [VerificationService] Share code verification requested by org=ORG001
2026-05-14 18:30:29 [INFO ] [VerificationService] Share code verification outcome=Right to work: true, expires: 2027-06-30 org=ORG001
2026-05-14 18:30:29 [INFO ] [VerificationService] Share code verification requested by org=ORG001
2026-05-14 18:30:29 [WARN ] [VerificationService] Rejected SHARE_CODE_VERIFICATION reason=Purpose 'ACCOMMODATION' is not permitted for role 'EMPLOYER' org=ORG001
2026-05-14 18:30:29 [INFO ] [VerificationService] Share code verification requested by org=ORG001
2026-05-14 18:30:29 [WARN ] [VerificationService] Rejected SHARE_CODE_VERIFICATION reason=Share code not found org=ORG001
2026-05-14 18:30:29 [INFO ] [VerificationService] Share code verification requested by org=ORG001
2026-05-14 18:30:29 [WARN ] [VerificationService] Rejected SHARE_CODE_VERIFICATION reason=Share code must be 9 uppercase alphanumeric characters org=ORG001
2026-05-14 18:30:29 [INFO ] [VerificationService] Share code verification requested by org=ORG005
2026-05-14 18:30:29 [WARN ] [VerificationService] Rejected SHARE_CODE_VERIFICATION reason=Organisation role 'BORDER_CONTROL' is not authorised for the share code route org=ORG005
2026-05-14 18:30:29 [WARN ] [VerificationService] Confirmation refused by org=ORG001
2026-05-14 18:30:29 [INFO ] [VerificationService] Document verification requested by org=ORG005 docType=PASSPORT
2026-05-14 18:30:29 [WARN ] [VerificationService] Rejected DOCUMENT_VERIFICATION reason=Person not found for document org=ORG005
2026-05-14 18:30:29 [INFO ] [VerificationService] Share code verification requested by org=ORG003
2026-05-14 18:30:29 [INFO ] [VerificationService] Share code verification outcome=Right to rent: true org=ORG003
2026-05-14 18:30:29 [WARN ] [VerificationService] Confirmation refused by org=ORG005
2026-05-14 18:30:29 [INFO ] [VerificationService] Share code verification requested by org=ORG001
2026-05-14 18:30:29 [WARN ] [VerificationService] Rejected SHARE_CODE_VERIFICATION reason=Date of birth does not match org=ORG001
2026-05-14 18:30:29 [INFO ] [VerificationService] Document verification requested by org=ORG001 docType=PASSPORT
2026-05-14 18:30:29 [WARN ] [VerificationService] Rejected DOCUMENT_VERIFICATION reason=Organisation role 'EMPLOYER' is not authorised for the document route org=ORG001
2026-05-14 18:30:29 [INFO ] [VerificationService] Document verification requested by org=ORG005 docType=PASSPORT
2026-05-14 18:30:29 [WARN ] [VerificationService] Rejected DOCUMENT_VERIFICATION reason=Passport number must be 9 uppercase alphanumeric characters org=ORG005
2026-05-14 18:30:29 [INFO ] [VerificationService] Share code verification requested by org=ORG001
2026-05-14 18:30:29 [INFO ] [VerificationService] Share code verification outcome=Right to work: false, expires: 2026-10-25 org=ORG001
2026-05-14 18:30:29 [INFO ] [VerificationService] Share code verification requested by org=ORG001
2026-05-14 18:30:29 [INFO ] [VerificationService] Share code verification outcome=Right to work: true, expires: 2027-06-30 org=ORG001
2026-05-14 18:30:29 [INFO ] [VerificationService] Share code verification requested by org=ORG001
2026-05-14 18:30:29 [INFO ] [VerificationService] Share code verification outcome=Right to work: true, expires: 2027-06-30 org=ORG001
2026-05-14 18:30:30 [WARN ] [VerificationService] Confirmation refused by org=ORG001
2026-05-14 18:30:30 [INFO ] [VerificationService] Document verification requested by org=ORG006 docType=PASSPORT
2026-05-14 18:30:30 [INFO ] [VerificationService] Document verification outcome=Visa type: WORK, valid: true, expires: 2027-06-30 org=ORG006
2026-05-14 18:30:30 [INFO ] [Javalin] Stopping Javalin ...
2026-05-14 18:30:30 [INFO ] [Server] Stopped Server@7c2b58c0{STOPPING}[11.0.24,sto=0]
2026-05-14 18:30:30 [INFO ] [AbstractConnector] Stopped ServerConnector@23592946{HTTP/1.1, (http/1.1)}{0.0.0.0:0}
2026-05-14 18:30:30 [INFO ] [ContextHandler] Stopped o.e.j.s.ServletContextHandler@3ed03652{/,null,STOPPED}
2026-05-14 18:30:30 [INFO ] [Javalin] Javalin has stopped
2026-05-14 18:30:30 [INFO ] [ShareCodeRepository] Loaded 0 share codes from /tmp/junit-12021068183472839792/share_codes.json
2026-05-14 18:30:30 [INFO ] [ShareCodeRepository] Persisted new share code for person P003
2026-05-14 18:30:30 [INFO ] [ShareCodeService] Generated share code for person=P003**** purpose=ACCOMMODATION
2026-05-14 18:30:30 [INFO ] [ShareCodeRepository] Loaded 0 share codes from /tmp/junit-18349401630857715374/share_codes.json
2026-05-14 18:30:30 [INFO ] [ShareCodeRepository] Persisted new share code for person P001
2026-05-14 18:30:30 [INFO ] [ShareCodeService] Generated share code for person=P001**** purpose=EMPLOYMENT
2026-05-14 18:30:30 [INFO ] [ShareCodeRepository] Loaded 0 share codes from /tmp/junit-9414652021756074738/share_codes.json
2026-05-14 18:30:30 [INFO ] [ShareCodeRepository] Persisted new share code for person P001
2026-05-14 18:30:30 [INFO ] [ShareCodeService] Generated share code for person=P001**** purpose=EMPLOYMENT
2026-05-14 18:30:30 [INFO ] [ShareCodeRepository] Loaded 0 share codes from /tmp/junit-7244494342093147720/share_codes.json
2026-05-14 18:30:30 [INFO ] [ShareCodeRepository] Persisted new share code for person P001
2026-05-14 18:30:30 [INFO ] [ShareCodeService] Generated share code for person=P001**** purpose=EMPLOYMENT
2026-05-14 18:30:30 [INFO ] [ShareCodeRepository] Loaded 0 share codes from /tmp/junit-16224124334970651128/share_codes.json
2026-05-14 18:30:30 [INFO ] [ShareCodeRepository] Persisted new share code for person P001
2026-05-14 18:30:30 [INFO ] [ShareCodeService] Generated share code for person=P001**** purpose=EMPLOYMENT
2026-05-14 18:30:30 [INFO ] [ShareCodeRepository] Persisted new share code for person P001
2026-05-14 18:30:30 [INFO ] [ShareCodeService] Generated share code for person=P001**** purpose=EMPLOYMENT
2026-05-14 18:30:30 [INFO ] [PersonRepository] Loaded 3 persons from /tmp/junit-3698104438804245355/persons.json
2026-05-14 18:30:30 [INFO ] [VisaRepository] Loaded 3 visas from /tmp/junit-3698104438804245355/visas.json
2026-05-14 18:30:30 [INFO ] [ShareCodeRepository] Loaded 4 share codes from /tmp/junit-3698104438804245355/share_codes.json
2026-05-14 18:30:30 [INFO ] [OrganisationRepository] Loaded 4 organisations from /tmp/junit-3698104438804245355/organisations.json
2026-05-14 18:30:30 [INFO ] [VerificationService] Share code verification requested by org=ORG001
2026-05-14 18:30:30 [WARN ] [VerificationService] Rejected SHARE_CODE_VERIFICATION reason=Share code has expired org=ORG001
2026-05-14 18:30:30 [INFO ] [PersonRepository] Loaded 3 persons from /tmp/junit-13793489187809540320/persons.json
2026-05-14 18:30:30 [INFO ] [VisaRepository] Loaded 3 visas from /tmp/junit-13793489187809540320/visas.json
2026-05-14 18:30:30 [INFO ] [ShareCodeRepository] Loaded 4 share codes from /tmp/junit-13793489187809540320/share_codes.json
2026-05-14 18:30:30 [INFO ] [OrganisationRepository] Loaded 4 organisations from /tmp/junit-13793489187809540320/organisations.json
2026-05-14 18:30:30 [INFO ] [VerificationService] Share code verification requested by org=ORG003
2026-05-14 18:30:30 [INFO ] [VerificationService] Share code verification outcome=Right to rent: true org=ORG003
2026-05-14 18:30:30 [INFO ] [PersonRepository] Loaded 3 persons from /tmp/junit-3599977968527661904/persons.json
2026-05-14 18:30:30 [INFO ] [VisaRepository] Loaded 3 visas from /tmp/junit-3599977968527661904/visas.json
2026-05-14 18:30:30 [INFO ] [ShareCodeRepository] Loaded 4 share codes from /tmp/junit-3599977968527661904/share_codes.json
2026-05-14 18:30:30 [INFO ] [OrganisationRepository] Loaded 4 organisations from /tmp/junit-3599977968527661904/organisations.json
2026-05-14 18:30:30 [INFO ] [VerificationService] Document verification requested by org=ORG005 docType=PASSPORT
2026-05-14 18:30:30 [INFO ] [VerificationService] Document verification outcome=Entry permitted: true, conditions: [] org=ORG005
2026-05-14 18:30:30 [INFO ] [PersonRepository] Loaded 3 persons from /tmp/junit-4922444447770112403/persons.json
2026-05-14 18:30:30 [INFO ] [VisaRepository] Loaded 3 visas from /tmp/junit-4922444447770112403/visas.json
2026-05-14 18:30:30 [INFO ] [ShareCodeRepository] Loaded 4 share codes from /tmp/junit-4922444447770112403/share_codes.json
2026-05-14 18:30:30 [INFO ] [OrganisationRepository] Loaded 4 organisations from /tmp/junit-4922444447770112403/organisations.json
2026-05-14 18:30:30 [INFO ] [VerificationService] Share code verification requested by org=ORG001
2026-05-14 18:30:30 [WARN ] [VerificationService] Rejected SHARE_CODE_VERIFICATION reason=Purpose 'ACCOMMODATION' is not permitted for role 'EMPLOYER' org=ORG001
2026-05-14 18:30:30 [INFO ] [PersonRepository] Loaded 3 persons from /tmp/junit-15477652614198890645/persons.json
2026-05-14 18:30:30 [INFO ] [VisaRepository] Loaded 3 visas from /tmp/junit-15477652614198890645/visas.json
2026-05-14 18:30:30 [INFO ] [ShareCodeRepository] Loaded 4 share codes from /tmp/junit-15477652614198890645/share_codes.json
2026-05-14 18:30:30 [INFO ] [OrganisationRepository] Loaded 4 organisations from /tmp/junit-15477652614198890645/organisations.json
2026-05-14 18:30:30 [INFO ] [VerificationService] Share code verification requested by org=ORG001
2026-05-14 18:30:30 [WARN ] [VerificationService] Rejected SHARE_CODE_VERIFICATION reason=Date of birth does not match org=ORG001
2026-05-14 18:30:30 [INFO ] [PersonRepository] Loaded 3 persons from /tmp/junit-2043950707395115390/persons.json
2026-05-14 18:30:30 [INFO ] [VisaRepository] Loaded 3 visas from /tmp/junit-2043950707395115390/visas.json
2026-05-14 18:30:30 [INFO ] [ShareCodeRepository] Loaded 4 share codes from /tmp/junit-2043950707395115390/share_codes.json
2026-05-14 18:30:30 [INFO ] [OrganisationRepository] Loaded 4 organisations from /tmp/junit-2043950707395115390/organisations.json
2026-05-14 18:30:30 [INFO ] [VerificationService] Share code verification requested by org=ORG001
2026-05-14 18:30:30 [INFO ] [VerificationService] Share code verification outcome=Right to work: false, expires: 2026-10-25 org=ORG001
2026-05-14 18:30:30 [INFO ] [PersonRepository] Loaded 3 persons from /tmp/junit-3845949635707807736/persons.json
2026-05-14 18:30:30 [INFO ] [VisaRepository] Loaded 3 visas from /tmp/junit-3845949635707807736/visas.json
2026-05-14 18:30:30 [INFO ] [ShareCodeRepository] Loaded 4 share codes from /tmp/junit-3845949635707807736/share_codes.json
2026-05-14 18:30:30 [INFO ] [OrganisationRepository] Loaded 4 organisations from /tmp/junit-3845949635707807736/organisations.json
2026-05-14 18:30:30 [INFO ] [VerificationService] Document verification requested by org=ORG006 docType=PASSPORT
2026-05-14 18:30:30 [INFO ] [VerificationService] Document verification outcome=Visa type: WORK, valid: true, expires: 2027-06-30 org=ORG006
2026-05-14 18:30:30 [INFO ] [PersonRepository] Loaded 3 persons from /tmp/junit-14585511322695502301/persons.json
2026-05-14 18:30:30 [INFO ] [VisaRepository] Loaded 3 visas from /tmp/junit-14585511322695502301/visas.json
2026-05-14 18:30:30 [INFO ] [ShareCodeRepository] Loaded 4 share codes from /tmp/junit-14585511322695502301/share_codes.json
2026-05-14 18:30:30 [INFO ] [OrganisationRepository] Loaded 4 organisations from /tmp/junit-14585511322695502301/organisations.json
2026-05-14 18:30:30 [INFO ] [VerificationService] Share code verification requested by org=ORG001
2026-05-14 18:30:30 [INFO ] [VerificationService] Share code verification outcome=Right to work: true, expires: 2027-06-30 org=ORG001
2026-05-14 18:30:30 [INFO ] [PersonRepository] Loaded 3 persons from /tmp/junit-9926533322811139057/persons.json
2026-05-14 18:30:30 [INFO ] [VisaRepository] Loaded 3 visas from /tmp/junit-9926533322811139057/visas.json
2026-05-14 18:30:30 [INFO ] [ShareCodeRepository] Loaded 4 share codes from /tmp/junit-9926533322811139057/share_codes.json
2026-05-14 18:30:30 [INFO ] [OrganisationRepository] Loaded 4 organisations from /tmp/junit-9926533322811139057/organisations.json
2026-05-14 18:30:30 [INFO ] [VerificationService] Share code verification requested by org=ORG001
2026-05-14 18:30:30 [WARN ] [VerificationService] Rejected SHARE_CODE_VERIFICATION reason=Share code must be 9 uppercase alphanumeric characters org=ORG001
2026-05-14 18:30:30 [INFO ] [PersonRepository] Loaded 3 persons from /tmp/junit-5641333113141347737/persons.json
2026-05-14 18:30:30 [INFO ] [VisaRepository] Loaded 3 visas from /tmp/junit-5641333113141347737/visas.json
2026-05-14 18:30:30 [INFO ] [ShareCodeRepository] Loaded 4 share codes from /tmp/junit-5641333113141347737/share_codes.json
2026-05-14 18:30:30 [INFO ] [OrganisationRepository] Loaded 4 organisations from /tmp/junit-5641333113141347737/organisations.json
2026-05-14 18:30:30 [INFO ] [VerificationService] Document verification requested by org=ORG005 docType=PASSPORT
2026-05-14 18:30:30 [WARN ] [VerificationService] Rejected DOCUMENT_VERIFICATION reason=Person not found for document org=ORG005
2026-05-14 18:30:30 [INFO ] [PersonRepository] Loaded 3 persons from /tmp/junit-10616101950819850129/persons.json
2026-05-14 18:30:30 [INFO ] [VisaRepository] Loaded 3 visas from /tmp/junit-10616101950819850129/visas.json
2026-05-14 18:30:30 [INFO ] [ShareCodeRepository] Loaded 4 share codes from /tmp/junit-10616101950819850129/share_codes.json
2026-05-14 18:30:30 [INFO ] [OrganisationRepository] Loaded 4 organisations from /tmp/junit-10616101950819850129/organisations.json
2026-05-14 18:30:30 [INFO ] [VerificationService] Document verification requested by org=ORG005 docType=PASSPORT
2026-05-14 18:30:30 [WARN ] [VerificationService] Rejected DOCUMENT_VERIFICATION reason=Passport number must be 9 uppercase alphanumeric characters org=ORG005
2026-05-14 18:30:30 [INFO ] [PersonRepository] Loaded 3 persons from /tmp/junit-17229417244804549054/persons.json
2026-05-14 18:30:30 [INFO ] [VisaRepository] Loaded 3 visas from /tmp/junit-17229417244804549054/visas.json
2026-05-14 18:30:30 [INFO ] [ShareCodeRepository] Loaded 4 share codes from /tmp/junit-17229417244804549054/share_codes.json
2026-05-14 18:30:30 [INFO ] [OrganisationRepository] Loaded 4 organisations from /tmp/junit-17229417244804549054/organisations.json
2026-05-14 18:30:30 [INFO ] [VerificationService] Document verification requested by org=ORG001 docType=PASSPORT
2026-05-14 18:30:30 [WARN ] [VerificationService] Rejected DOCUMENT_VERIFICATION reason=Organisation role 'EMPLOYER' is not authorised for the document route org=ORG001
2026-05-14 18:30:30 [INFO ] [PersonRepository] Loaded 3 persons from /tmp/junit-12259415042304467781/persons.json
2026-05-14 18:30:30 [INFO ] [VisaRepository] Loaded 3 visas from /tmp/junit-12259415042304467781/visas.json
2026-05-14 18:30:30 [INFO ] [ShareCodeRepository] Loaded 4 share codes from /tmp/junit-12259415042304467781/share_codes.json
2026-05-14 18:30:30 [INFO ] [OrganisationRepository] Loaded 4 organisations from /tmp/junit-12259415042304467781/organisations.json
2026-05-14 18:30:30 [INFO ] [VerificationService] Share code verification requested by org=ORG999
2026-05-14 18:30:30 [WARN ] [VerificationService] Rejected SHARE_CODE_VERIFICATION reason=Organisation not recognised org=ORG999
2026-05-14 18:30:30 [INFO ] [PersonRepository] Loaded 3 persons from /tmp/junit-971882882984453942/persons.json
2026-05-14 18:30:30 [INFO ] [VisaRepository] Loaded 3 visas from /tmp/junit-971882882984453942/visas.json
2026-05-14 18:30:30 [INFO ] [ShareCodeRepository] Loaded 4 share codes from /tmp/junit-971882882984453942/share_codes.json
2026-05-14 18:30:30 [INFO ] [OrganisationRepository] Loaded 4 organisations from /tmp/junit-971882882984453942/organisations.json
2026-05-14 18:30:30 [INFO ] [VerificationService] Share code verification requested by org=ORG005
2026-05-14 18:30:30 [WARN ] [VerificationService] Rejected SHARE_CODE_VERIFICATION reason=Organisation role 'BORDER_CONTROL' is not authorised for the share code route org=ORG005
2026-05-14 18:30:30 [INFO ] [PersonRepository] Loaded 3 persons from /tmp/junit-15582290090912604151/persons.json
2026-05-14 18:30:30 [INFO ] [VisaRepository] Loaded 3 visas from /tmp/junit-15582290090912604151/visas.json
2026-05-14 18:30:30 [INFO ] [ShareCodeRepository] Loaded 4 share codes from /tmp/junit-15582290090912604151/share_codes.json
2026-05-14 18:30:30 [INFO ] [OrganisationRepository] Loaded 4 organisations from /tmp/junit-15582290090912604151/organisations.json
2026-05-14 18:30:30 [INFO ] [VerificationService] Share code verification requested by org=ORG001
2026-05-14 18:30:30 [INFO ] [VerificationService] Share code verification outcome=Right to work: true, expires: 2027-06-30 org=ORG001
2026-05-14 18:30:30 [INFO ] [VerificationService] Share code verification requested by org=ORG001
2026-05-14 18:30:30 [INFO ] [VerificationService] Share code verification outcome=Right to work: true, expires: 2027-06-30 org=ORG001
2026-05-14 18:30:48 [INFO ] [PersonRepository] Loaded 5 persons from data/persons.json
2026-05-14 18:30:48 [INFO ] [VisaRepository] Loaded 5 visas from data/visas.json
2026-05-14 18:30:48 [INFO ] [ShareCodeRepository] Loaded 10 share codes from data/share_codes.json
2026-05-14 18:30:48 [INFO ] [OrganisationRepository] Loaded 6 organisations from data/organisations.json
2026-05-14 18:30:48 [INFO ] [Javalin] Starting Javalin ...
2026-05-14 18:30:48 [INFO ] [Server] jetty-11.0.24; built: 2024-08-26T18:11:22.448Z; git: 5dfc59a691b748796f922208956bd1f2794bcd16; jvm 25.0.2+10-69
2026-05-14 18:30:48 [INFO ] [DefaultSessionIdManager] Session workerName=node0
2026-05-14 18:30:48 [INFO ] [ContextHandler] Started o.e.j.s.ServletContextHandler@1951b871{/,null,AVAILABLE}
2026-05-14 18:30:48 [INFO ] [AbstractConnector] Started ServerConnector@5dd1c9f2{HTTP/1.1, (http/1.1)}{0.0.0.0:7070}
2026-05-14 18:30:48 [INFO ] [Server] Started Server@39fcbef6{STARTING}[11.0.24,sto=0] @1301ms
2026-05-14 18:30:48 [INFO ] [Javalin] 
       __                  ___           _____
      / /___ __   ______ _/ (_)___      / ___/
 __  / / __ `/ | / / __ `/ / / __ \    / __ \
/ /_/ / /_/ /| |/ / /_/ / / / / / /   / /_/ /
\____/\__,_/ |___/\__,_/_/_/_/ /_/    \____/

       https://javalin.io/documentation

2026-05-14 18:30:48 [INFO ] [Javalin] Javalin started in 200ms \o/
2026-05-14 18:30:48 [INFO ] [Javalin] Listening on http://localhost:7070/
2026-05-14 18:30:48 [INFO ] [Javalin] You are running Javalin 6.4.0 (released December 17, 2024. Your Javalin version is 512 days old. Consider checking for a newer version.).
2026-05-14 18:30:48 [INFO ] [ApiServer] API server started on port 7070
2026-05-14 18:31:40 [INFO ] [Main] Immigration CLI starting
2026-05-14 18:32:04 [INFO ] [ShareCodeRepository] Persisted new share code for person P001
2026-05-14 18:32:04 [INFO ] [ShareCodeService] Generated share code for person=P001**** purpose=EMPLOYMENT
2026-05-14 18:34:03 [INFO ] [VerificationService] Share code verification requested by org=ORG001
2026-05-14 18:34:03 [INFO ] [VerificationService] Share code verification outcome=Right to work: true, expires: 2027-06-30 org=ORG001
2026-05-14 18:35:10 [INFO ] [ApiServer] Shutdown signal received — stopping API server
2026-05-14 18:35:10 [INFO ] [Javalin] Stopping Javalin ...
2026-05-14 18:35:10 [INFO ] [Server] Stopped Server@39fcbef6{STOPPING}[11.0.24,sto=0]
2026-05-14 18:35:10 [INFO ] [AbstractConnector] Stopped ServerConnector@5dd1c9f2{HTTP/1.1, (http/1.1)}{0.0.0.0:7070}
2026-05-14 18:35:10 [INFO ] [ContextHandler] Stopped o.e.j.s.ServletContextHandler@1951b871{/,null,STOPPED}
2026-05-14 18:35:10 [INFO ] [Javalin] Javalin has stopped
2026-05-14 18:36:34 [INFO ] [PersonRepository] Loaded 5 persons from data/persons.json
2026-05-14 18:36:34 [INFO ] [VisaRepository] Loaded 5 visas from data/visas.json
2026-05-14 18:36:34 [INFO ] [ShareCodeRepository] Loaded 11 share codes from data/share_codes.json
2026-05-14 18:36:34 [INFO ] [OrganisationRepository] Loaded 6 organisations from data/organisations.json
2026-05-14 18:36:35 [INFO ] [Javalin] Starting Javalin ...
2026-05-14 18:36:35 [INFO ] [Server] jetty-11.0.24; built: 2024-08-26T18:11:22.448Z; git: 5dfc59a691b748796f922208956bd1f2794bcd16; jvm 25.0.2+10-69
2026-05-14 18:36:35 [INFO ] [DefaultSessionIdManager] Session workerName=node0
2026-05-14 18:36:35 [INFO ] [ContextHandler] Started o.e.j.s.ServletContextHandler@3c989952{/,null,AVAILABLE}
2026-05-14 18:36:35 [INFO ] [AbstractConnector] Started ServerConnector@331acdad{HTTP/1.1, (http/1.1)}{0.0.0.0:7070}
2026-05-14 18:36:35 [INFO ] [Server] Started Server@46268f08{STARTING}[11.0.24,sto=0] @1412ms
2026-05-14 18:36:35 [INFO ] [Javalin] 
       __                  ___           _____
      / /___ __   ______ _/ (_)___      / ___/
 __  / / __ `/ | / / __ `/ / / __ \    / __ \
/ /_/ / /_/ /| |/ / /_/ / / / / / /   / /_/ /
\____/\__,_/ |___/\__,_/_/_/_/ /_/    \____/

       https://javalin.io/documentation

2026-05-14 18:36:35 [INFO ] [Javalin] Javalin started in 214ms \o/
2026-05-14 18:36:35 [INFO ] [Javalin] Listening on http://localhost:7070/
2026-05-14 18:36:35 [INFO ] [Javalin] You are running Javalin 6.4.0 (released December 17, 2024. Your Javalin version is 512 days old. Consider checking for a newer version.).
2026-05-14 18:36:35 [INFO ] [ApiServer] API server started on port 7070
2026-05-14 18:50:04 [INFO ] [PersonRepository] Loaded 3 persons from /tmp/junit-11268605935844297310/persons.json
2026-05-14 18:50:04 [INFO ] [VisaRepository] Loaded 3 visas from /tmp/junit-11268605935844297310/visas.json
2026-05-14 18:50:04 [INFO ] [ShareCodeRepository] Loaded 4 share codes from /tmp/junit-11268605935844297310/share_codes.json
2026-05-14 18:50:04 [INFO ] [OrganisationRepository] Loaded 4 organisations from /tmp/junit-11268605935844297310/organisations.json
2026-05-14 18:50:06 [INFO ] [Javalin] Starting Javalin ...
2026-05-14 18:50:06 [INFO ] [Server] jetty-11.0.24; built: 2024-08-26T18:11:22.448Z; git: 5dfc59a691b748796f922208956bd1f2794bcd16; jvm 25.0.2+10-69
2026-05-14 18:50:06 [INFO ] [DefaultSessionIdManager] Session workerName=node0
2026-05-14 18:50:06 [INFO ] [ContextHandler] Started o.e.j.s.ServletContextHandler@332f25c8{/,null,AVAILABLE}
2026-05-14 18:50:06 [INFO ] [AbstractConnector] Started ServerConnector@36a7abe1{HTTP/1.1, (http/1.1)}{0.0.0.0:33157}
2026-05-14 18:50:06 [INFO ] [Server] Started Server@5339bbad{STARTING}[11.0.24,sto=0] @5065ms
2026-05-14 18:50:06 [INFO ] [Javalin] 
       __                  ___           _____
      / /___ __   ______ _/ (_)___      / ___/
 __  / / __ `/ | / / __ `/ / / __ \    / __ \
/ /_/ / /_/ /| |/ / /_/ / / / / / /   / /_/ /
\____/\__,_/ |___/\__,_/_/_/_/ /_/    \____/

       https://javalin.io/documentation

2026-05-14 18:50:06 [INFO ] [Javalin] Javalin started in 331ms \o/
2026-05-14 18:50:06 [INFO ] [Javalin] Listening on http://localhost:33157/
2026-05-14 18:50:06 [INFO ] [Javalin] You are running Javalin 6.4.0 (released December 17, 2024. Your Javalin version is 512 days old. Consider checking for a newer version.).
2026-05-14 18:50:06 [INFO ] [ApiServer] API server started on port 33157
2026-05-14 18:50:07 [INFO ] [ShareCodeRepository] Persisted new share code for person P001
2026-05-14 18:50:07 [INFO ] [ShareCodeService] Generated share code for person=P001**** purpose=EMPLOYMENT
2026-05-14 18:50:07 [INFO ] [VerificationService] Share code verification requested by org=ORG001
2026-05-14 18:50:07 [INFO ] [VerificationService] Share code verification outcome=Right to work: true, expires: 2027-06-30 org=ORG001
2026-05-14 18:50:07 [INFO ] [VerificationService] Share code verification requested by org=ORG001
2026-05-14 18:50:07 [INFO ] [VerificationService] Share code verification outcome=Right to work: true, expires: 2027-06-30 org=ORG001
2026-05-14 18:50:07 [INFO ] [ShareCodeRepository] Persisted new share code for person P001
2026-05-14 18:50:07 [INFO ] [ShareCodeService] Generated share code for person=P001**** purpose=EMPLOYMENT
2026-05-14 18:50:07 [INFO ] [VerificationService] Share code verification requested by org=ORG001
2026-05-14 18:50:07 [INFO ] [VerificationService] Share code verification outcome=Right to work: true, expires: 2027-06-30 org=ORG001
2026-05-14 18:50:07 [INFO ] [ShareCodeRepository] Persisted new share code for person P001
2026-05-14 18:50:07 [INFO ] [ShareCodeService] Generated share code for person=P001**** purpose=EMPLOYMENT
2026-05-14 18:50:07 [INFO ] [VerificationService] Share code verification requested by org=ORG001
2026-05-14 18:50:07 [INFO ] [VerificationService] Share code verification outcome=Right to work: true, expires: 2027-06-30 org=ORG001
2026-05-14 18:50:07 [INFO ] [VerificationService] Share code verification requested by org=ORG001
2026-05-14 18:50:07 [INFO ] [VerificationService] Share code verification outcome=Right to work: true, expires: 2027-06-30 org=ORG001
2026-05-14 18:50:07 [INFO ] [Javalin] Stopping Javalin ...
2026-05-14 18:50:07 [INFO ] [Server] Stopped Server@5339bbad{STOPPING}[11.0.24,sto=0]
2026-05-14 18:50:07 [INFO ] [AbstractConnector] Stopped ServerConnector@36a7abe1{HTTP/1.1, (http/1.1)}{0.0.0.0:0}
2026-05-14 18:50:07 [INFO ] [ContextHandler] Stopped o.e.j.s.ServletContextHandler@332f25c8{/,null,STOPPED}
2026-05-14 18:50:07 [INFO ] [Javalin] Javalin has stopped
2026-05-14 18:50:07 [INFO ] [PersonRepository] Loaded 3 persons from /tmp/junit-15645193535982892849/persons.json
2026-05-14 18:50:07 [INFO ] [VisaRepository] Loaded 3 visas from /tmp/junit-15645193535982892849/visas.json
2026-05-14 18:50:07 [INFO ] [ShareCodeRepository] Loaded 4 share codes from /tmp/junit-15645193535982892849/share_codes.json
2026-05-14 18:50:07 [INFO ] [OrganisationRepository] Loaded 4 organisations from /tmp/junit-15645193535982892849/organisations.json
2026-05-14 18:50:07 [INFO ] [Javalin] Starting Javalin ...
2026-05-14 18:50:07 [INFO ] [Server] jetty-11.0.24; built: 2024-08-26T18:11:22.448Z; git: 5dfc59a691b748796f922208956bd1f2794bcd16; jvm 25.0.2+10-69
2026-05-14 18:50:07 [INFO ] [DefaultSessionIdManager] Session workerName=node0
2026-05-14 18:50:07 [INFO ] [ContextHandler] Started o.e.j.s.ServletContextHandler@1a480135{/,null,AVAILABLE}
2026-05-14 18:50:07 [INFO ] [AbstractConnector] Started ServerConnector@3533df16{HTTP/1.1, (http/1.1)}{0.0.0.0:46851}
2026-05-14 18:50:07 [INFO ] [Server] Started Server@4038cd3a{STARTING}[11.0.24,sto=0] @6179ms
2026-05-14 18:50:07 [INFO ] [Javalin] 
       __                  ___           _____
      / /___ __   ______ _/ (_)___      / ___/
 __  / / __ `/ | / / __ `/ / / __ \    / __ \
/ /_/ / /_/ /| |/ / /_/ / / / / / /   / /_/ /
\____/\__,_/ |___/\__,_/_/_/_/ /_/    \____/

       https://javalin.io/documentation

2026-05-14 18:50:07 [INFO ] [Javalin] Javalin started in 23ms \o/
2026-05-14 18:50:07 [INFO ] [Javalin] Listening on http://localhost:46851/
2026-05-14 18:50:07 [INFO ] [Javalin] You are running Javalin 6.4.0 (released December 17, 2024. Your Javalin version is 512 days old. Consider checking for a newer version.).
2026-05-14 18:50:07 [INFO ] [ApiServer] API server started on port 46851
2026-05-14 18:50:07 [WARN ] [VerificationService] Confirmation refused by org=ORG005
2026-05-14 18:50:07 [INFO ] [VerificationService] Document verification requested by org=ORG001 docType=PASSPORT
2026-05-14 18:50:07 [WARN ] [VerificationService] Rejected DOCUMENT_VERIFICATION reason=Organisation role 'EMPLOYER' is not authorised for the document route org=ORG001
2026-05-14 18:50:07 [INFO ] [VerificationService] Document verification requested by org=ORG005 docType=PASSPORT
2026-05-14 18:50:07 [INFO ] [VerificationService] Document verification outcome=Entry permitted: true, conditions: [] org=ORG005
2026-05-14 18:50:07 [INFO ] [VerificationService] Document verification requested by org=ORG006 docType=PASSPORT
2026-05-14 18:50:07 [INFO ] [VerificationService] Document verification outcome=Visa type: WORK, valid: true, expires: 2027-06-30 org=ORG006
2026-05-14 18:50:07 [INFO ] [VerificationService] Document verification requested by org=ORG005 docType=PASSPORT
2026-05-14 18:50:07 [WARN ] [VerificationService] Rejected DOCUMENT_VERIFICATION reason=Person not found for document org=ORG005
2026-05-14 18:50:07 [INFO ] [VerificationService] Document verification requested by org=ORG006 docType=PASSPORT
2026-05-14 18:50:07 [INFO ] [VerificationService] Document verification outcome=Visa type: WORK, valid: true, expires: 2027-06-30 org=ORG006
2026-05-14 18:50:07 [INFO ] [VerificationService] Document verification requested by org=ORG005 docType=PASSPORT
2026-05-14 18:50:07 [INFO ] [VerificationService] Document verification outcome=Entry permitted: true, conditions: [] org=ORG005
2026-05-14 18:50:07 [INFO ] [VerificationService] Document verification requested by org=ORG005 docType=PASSPORT
2026-05-14 18:50:07 [INFO ] [VerificationService] Document verification outcome=Entry permitted: true, conditions: [] org=ORG005
2026-05-14 18:50:07 [WARN ] [VerificationService] Confirmation refused by org=ORG005
2026-05-14 18:50:07 [INFO ] [Javalin] Stopping Javalin ...
2026-05-14 18:50:07 [INFO ] [Server] Stopped Server@4038cd3a{STOPPING}[11.0.24,sto=0]
2026-05-14 18:50:07 [INFO ] [AbstractConnector] Stopped ServerConnector@3533df16{HTTP/1.1, (http/1.1)}{0.0.0.0:0}
2026-05-14 18:50:07 [INFO ] [ContextHandler] Stopped o.e.j.s.ServletContextHandler@1a480135{/,null,STOPPED}
2026-05-14 18:50:07 [INFO ] [Javalin] Javalin has stopped
2026-05-14 18:50:07 [INFO ] [PersonRepository] Loaded 3 persons from /tmp/junit-2025081802487454207/persons.json
2026-05-14 18:50:07 [INFO ] [VisaRepository] Loaded 3 visas from /tmp/junit-2025081802487454207/visas.json
2026-05-14 18:50:07 [INFO ] [ShareCodeRepository] Loaded 4 share codes from /tmp/junit-2025081802487454207/share_codes.json
2026-05-14 18:50:07 [INFO ] [OrganisationRepository] Loaded 4 organisations from /tmp/junit-2025081802487454207/organisations.json
2026-05-14 18:50:07 [INFO ] [Javalin] Starting Javalin ...
2026-05-14 18:50:07 [INFO ] [Server] jetty-11.0.24; built: 2024-08-26T18:11:22.448Z; git: 5dfc59a691b748796f922208956bd1f2794bcd16; jvm 25.0.2+10-69
2026-05-14 18:50:07 [INFO ] [DefaultSessionIdManager] Session workerName=node0
2026-05-14 18:50:07 [INFO ] [ContextHandler] Started o.e.j.s.ServletContextHandler@743c6ce4{/,null,AVAILABLE}
2026-05-14 18:50:07 [INFO ] [AbstractConnector] Started ServerConnector@4a7a965d{HTTP/1.1, (http/1.1)}{0.0.0.0:37779}
2026-05-14 18:50:07 [INFO ] [Server] Started Server@64a9d48c{STARTING}[11.0.24,sto=0] @6322ms
2026-05-14 18:50:07 [INFO ] [Javalin] 
       __                  ___           _____
      / /___ __   ______ _/ (_)___      / ___/
 __  / / __ `/ | / / __ `/ / / __ \    / __ \
/ /_/ / /_/ /| |/ / /_/ / / / / / /   / /_/ /
\____/\__,_/ |___/\__,_/_/_/_/ /_/    \____/

       https://javalin.io/documentation

2026-05-14 18:50:07 [INFO ] [Javalin] Javalin started in 8ms \o/
2026-05-14 18:50:07 [INFO ] [Javalin] Listening on http://localhost:37779/
2026-05-14 18:50:07 [INFO ] [Javalin] You are running Javalin 6.4.0 (released December 17, 2024. Your Javalin version is 512 days old. Consider checking for a newer version.).
2026-05-14 18:50:07 [INFO ] [ApiServer] API server started on port 37779
2026-05-14 18:50:07 [INFO ] [Javalin] Stopping Javalin ...
2026-05-14 18:50:07 [INFO ] [Server] Stopped Server@64a9d48c{STOPPING}[11.0.24,sto=0]
2026-05-14 18:50:07 [INFO ] [AbstractConnector] Stopped ServerConnector@4a7a965d{HTTP/1.1, (http/1.1)}{0.0.0.0:0}
2026-05-14 18:50:07 [INFO ] [ContextHandler] Stopped o.e.j.s.ServletContextHandler@743c6ce4{/,null,STOPPED}
2026-05-14 18:50:07 [INFO ] [Javalin] Javalin has stopped
2026-05-14 18:50:07 [INFO ] [PersonRepository] Loaded 3 persons from /tmp/junit-5565174706671708652/persons.json
2026-05-14 18:50:07 [INFO ] [VisaRepository] Loaded 3 visas from /tmp/junit-5565174706671708652/visas.json
2026-05-14 18:50:07 [INFO ] [ShareCodeRepository] Loaded 4 share codes from /tmp/junit-5565174706671708652/share_codes.json
2026-05-14 18:50:07 [INFO ] [OrganisationRepository] Loaded 4 organisations from /tmp/junit-5565174706671708652/organisations.json
2026-05-14 18:50:07 [INFO ] [Javalin] Starting Javalin ...
2026-05-14 18:50:07 [INFO ] [Server] jetty-11.0.24; built: 2024-08-26T18:11:22.448Z; git: 5dfc59a691b748796f922208956bd1f2794bcd16; jvm 25.0.2+10-69
2026-05-14 18:50:07 [INFO ] [DefaultSessionIdManager] Session workerName=node0
2026-05-14 18:50:07 [INFO ] [ContextHandler] Started o.e.j.s.ServletContextHandler@34819867{/,null,AVAILABLE}
2026-05-14 18:50:07 [INFO ] [AbstractConnector] Started ServerConnector@1eb2d371{HTTP/1.1, (http/1.1)}{0.0.0.0:45413}
2026-05-14 18:50:07 [INFO ] [Server] Started Server@479f2dc2{STARTING}[11.0.24,sto=0] @6411ms
2026-05-14 18:50:07 [INFO ] [Javalin] 
       __                  ___           _____
      / /___ __   ______ _/ (_)___      / ___/
 __  / / __ `/ | / / __ `/ / / __ \    / __ \
/ /_/ / /_/ /| |/ / /_/ / / / / / /   / /_/ /
\____/\__,_/ |___/\__,_/_/_/_/ /_/    \____/

       https://javalin.io/documentation

2026-05-14 18:50:07 [INFO ] [Javalin] Javalin started in 6ms \o/
2026-05-14 18:50:07 [INFO ] [Javalin] Listening on http://localhost:45413/
2026-05-14 18:50:07 [INFO ] [Javalin] You are running Javalin 6.4.0 (released December 17, 2024. Your Javalin version is 512 days old. Consider checking for a newer version.).
2026-05-14 18:50:07 [INFO ] [ApiServer] API server started on port 45413
2026-05-14 18:50:07 [WARN ] [VerificationService] Confirmation refused by org=ORG001
2026-05-14 18:50:07 [INFO ] [VerificationService] Share code verification requested by org=ORG001
2026-05-14 18:50:07 [INFO ] [VerificationService] Share code verification outcome=Right to work: true, expires: 2027-06-30 org=ORG001
2026-05-14 18:50:07 [INFO ] [VerificationService] Share code verification requested by org=ORG001
2026-05-14 18:50:07 [WARN ] [VerificationService] Rejected SHARE_CODE_VERIFICATION reason=Purpose 'ACCOMMODATION' is not permitted for role 'EMPLOYER' org=ORG001
2026-05-14 18:50:07 [WARN ] [VerificationService] Confirmation refused by org=ORG001
2026-05-14 18:50:07 [INFO ] [VerificationService] Share code verification requested by org=ORG001
2026-05-14 18:50:07 [INFO ] [VerificationService] Share code verification outcome=Right to work: true, expires: 2027-06-30 org=ORG001
2026-05-14 18:50:07 [INFO ] [VerificationService] Share code verification requested by org=ORG001
2026-05-14 18:50:07 [WARN ] [VerificationService] Rejected SHARE_CODE_VERIFICATION reason=Date of birth does not match org=ORG001
2026-05-14 18:50:07 [INFO ] [VerificationService] Share code verification requested by org=ORG001
2026-05-14 18:50:07 [INFO ] [VerificationService] Share code verification outcome=Right to work: true, expires: 2027-06-30 org=ORG001
2026-05-14 18:50:07 [INFO ] [VerificationService] Share code verification requested by org=ORG001
2026-05-14 18:50:07 [INFO ] [VerificationService] Share code verification outcome=Right to work: true, expires: 2027-06-30 org=ORG001
2026-05-14 18:50:07 [INFO ] [VerificationService] Share code verification requested by org=ORG003
2026-05-14 18:50:07 [INFO ] [VerificationService] Share code verification outcome=Right to rent: true org=ORG003
2026-05-14 18:50:07 [INFO ] [VerificationService] Share code verification requested by org=ORG001
2026-05-14 18:50:07 [INFO ] [VerificationService] Share code verification outcome=Right to work: true, expires: 2027-06-30 org=ORG001
2026-05-14 18:50:07 [WARN ] [VerificationService] Confirmation refused by org=ORG001
2026-05-14 18:50:07 [INFO ] [VerificationService] Share code verification requested by org=ORG001
2026-05-14 18:50:07 [INFO ] [VerificationService] Share code verification outcome=Right to work: false, expires: 2026-10-25 org=ORG001
2026-05-14 18:50:07 [INFO ] [VerificationService] Share code verification requested by org=ORG001
2026-05-14 18:50:07 [WARN ] [VerificationService] Rejected SHARE_CODE_VERIFICATION reason=Share code has expired org=ORG001
2026-05-14 18:50:07 [WARN ] [VerificationService] Confirmation refused by org=ORG001
2026-05-14 18:50:07 [INFO ] [Javalin] Stopping Javalin ...
2026-05-14 18:50:07 [INFO ] [Server] Stopped Server@479f2dc2{STOPPING}[11.0.24,sto=0]
2026-05-14 18:50:07 [INFO ] [AbstractConnector] Stopped ServerConnector@1eb2d371{HTTP/1.1, (http/1.1)}{0.0.0.0:0}
2026-05-14 18:50:07 [INFO ] [ContextHandler] Stopped o.e.j.s.ServletContextHandler@34819867{/,null,STOPPED}
2026-05-14 18:50:07 [INFO ] [Javalin] Javalin has stopped
2026-05-14 18:50:07 [INFO ] [PersonRepository] Loaded 3 persons from /tmp/junit-6270905015469496745/persons.json
2026-05-14 18:50:07 [INFO ] [VisaRepository] Loaded 3 visas from /tmp/junit-6270905015469496745/visas.json
2026-05-14 18:50:07 [INFO ] [ShareCodeRepository] Loaded 4 share codes from /tmp/junit-6270905015469496745/share_codes.json
2026-05-14 18:50:07 [INFO ] [OrganisationRepository] Loaded 4 organisations from /tmp/junit-6270905015469496745/organisations.json
2026-05-14 18:50:07 [INFO ] [Javalin] Starting Javalin ...
2026-05-14 18:50:07 [INFO ] [Server] jetty-11.0.24; built: 2024-08-26T18:11:22.448Z; git: 5dfc59a691b748796f922208956bd1f2794bcd16; jvm 25.0.2+10-69
2026-05-14 18:50:07 [INFO ] [DefaultSessionIdManager] Session workerName=node0
2026-05-14 18:50:07 [INFO ] [ContextHandler] Started o.e.j.s.ServletContextHandler@3a5c2626{/,null,AVAILABLE}
2026-05-14 18:50:07 [INFO ] [AbstractConnector] Started ServerConnector@7e736350{HTTP/1.1, (http/1.1)}{0.0.0.0:41401}
2026-05-14 18:50:07 [INFO ] [Server] Started Server@76c387f9{STARTING}[11.0.24,sto=0] @6564ms
2026-05-14 18:50:07 [INFO ] [Javalin] 
       __                  ___           _____
      / /___ __   ______ _/ (_)___      / ___/
 __  / / __ `/ | / / __ `/ / / __ \    / __ \
/ /_/ / /_/ /| |/ / /_/ / / / / / /   / /_/ /
\____/\__,_/ |___/\__,_/_/_/_/ /_/    \____/

       https://javalin.io/documentation

2026-05-14 18:50:07 [INFO ] [Javalin] Javalin started in 11ms \o/
2026-05-14 18:50:07 [INFO ] [Javalin] Listening on http://localhost:41401/
2026-05-14 18:50:07 [INFO ] [Javalin] You are running Javalin 6.4.0 (released December 17, 2024. Your Javalin version is 512 days old. Consider checking for a newer version.).
2026-05-14 18:50:07 [INFO ] [ApiServer] API server started on port 41401
2026-05-14 18:50:07 [INFO ] [ShareCodeRepository] Persisted new share code for person P001
2026-05-14 18:50:07 [INFO ] [ShareCodeService] Generated share code for person=P001**** purpose=EMPLOYMENT
2026-05-14 18:50:07 [INFO ] [ShareCodeRepository] Persisted new share code for person P001
2026-05-14 18:50:07 [INFO ] [ShareCodeService] Generated share code for person=P001**** purpose=EMPLOYMENT
2026-05-14 18:50:07 [INFO ] [ShareCodeRepository] Persisted new share code for person P001
2026-05-14 18:50:07 [INFO ] [ShareCodeService] Generated share code for person=P001**** purpose=EMPLOYMENT
2026-05-14 18:50:07 [INFO ] [ShareCodeRepository] Persisted new share code for person P001
2026-05-14 18:50:07 [INFO ] [ShareCodeService] Generated share code for person=P001**** purpose=EMPLOYMENT
2026-05-14 18:50:07 [INFO ] [ShareCodeRepository] Persisted new share code for person P001
2026-05-14 18:50:07 [INFO ] [ShareCodeService] Generated share code for person=P001**** purpose=EMPLOYMENT
2026-05-14 18:50:07 [INFO ] [ShareCodeRepository] Persisted new share code for person P001
2026-05-14 18:50:07 [INFO ] [ShareCodeService] Generated share code for person=P001**** purpose=EMPLOYMENT
2026-05-14 18:50:07 [INFO ] [ShareCodeRepository] Persisted new share code for person P001
2026-05-14 18:50:07 [INFO ] [ShareCodeService] Generated share code for person=P001**** purpose=EMPLOYMENT
2026-05-14 18:50:07 [INFO ] [Javalin] Stopping Javalin ...
2026-05-14 18:50:07 [INFO ] [Server] Stopped Server@76c387f9{STOPPING}[11.0.24,sto=0]
2026-05-14 18:50:07 [INFO ] [AbstractConnector] Stopped ServerConnector@7e736350{HTTP/1.1, (http/1.1)}{0.0.0.0:0}
2026-05-14 18:50:07 [INFO ] [ContextHandler] Stopped o.e.j.s.ServletContextHandler@3a5c2626{/,null,STOPPED}
2026-05-14 18:50:07 [INFO ] [Javalin] Javalin has stopped
2026-05-14 18:50:07 [INFO ] [PersonRepository] Loaded 3 persons from /tmp/junit-18275463878645568543/persons.json
2026-05-14 18:50:07 [INFO ] [VisaRepository] Loaded 3 visas from /tmp/junit-18275463878645568543/visas.json
2026-05-14 18:50:07 [INFO ] [ShareCodeRepository] Loaded 4 share codes from /tmp/junit-18275463878645568543/share_codes.json
2026-05-14 18:50:07 [INFO ] [OrganisationRepository] Loaded 4 organisations from /tmp/junit-18275463878645568543/organisations.json
2026-05-14 18:50:07 [INFO ] [Javalin] Starting Javalin ...
2026-05-14 18:50:07 [INFO ] [Server] jetty-11.0.24; built: 2024-08-26T18:11:22.448Z; git: 5dfc59a691b748796f922208956bd1f2794bcd16; jvm 25.0.2+10-69
2026-05-14 18:50:07 [INFO ] [DefaultSessionIdManager] Session workerName=node0
2026-05-14 18:50:07 [INFO ] [ContextHandler] Started o.e.j.s.ServletContextHandler@713064e8{/,null,AVAILABLE}
2026-05-14 18:50:07 [INFO ] [AbstractConnector] Started ServerConnector@164a62bf{HTTP/1.1, (http/1.1)}{0.0.0.0:33355}
2026-05-14 18:50:07 [INFO ] [Server] Started Server@aaee2a2{STARTING}[11.0.24,sto=0] @6667ms
2026-05-14 18:50:07 [INFO ] [Javalin] 
       __                  ___           _____
      / /___ __   ______ _/ (_)___      / ___/
 __  / / __ `/ | / / __ `/ / / __ \    / __ \
/ /_/ / /_/ /| |/ / /_/ / / / / / /   / /_/ /
\____/\__,_/ |___/\__,_/_/_/_/ /_/    \____/

       https://javalin.io/documentation

2026-05-14 18:50:07 [INFO ] [Javalin] Javalin started in 5ms \o/
2026-05-14 18:50:07 [INFO ] [Javalin] Listening on http://localhost:33355/
2026-05-14 18:50:07 [INFO ] [Javalin] You are running Javalin 6.4.0 (released December 17, 2024. Your Javalin version is 512 days old. Consider checking for a newer version.).
2026-05-14 18:50:07 [INFO ] [ApiServer] API server started on port 33355
2026-05-14 18:50:07 [WARN ] [VerificationService] Confirmation refused by org=ORG005
2026-05-14 18:50:07 [WARN ] [VerificationService] Confirmation refused by org=ORG001
2026-05-14 18:50:07 [INFO ] [Javalin] Stopping Javalin ...
2026-05-14 18:50:07 [INFO ] [Server] Stopped Server@aaee2a2{STOPPING}[11.0.24,sto=0]
2026-05-14 18:50:07 [INFO ] [AbstractConnector] Stopped ServerConnector@164a62bf{HTTP/1.1, (http/1.1)}{0.0.0.0:0}
2026-05-14 18:50:07 [INFO ] [ContextHandler] Stopped o.e.j.s.ServletContextHandler@713064e8{/,null,STOPPED}
2026-05-14 18:50:07 [INFO ] [Javalin] Javalin has stopped
2026-05-14 18:50:07 [INFO ] [PersonRepository] Loaded 3 persons from /tmp/junit-7794481607482506754/persons.json
2026-05-14 18:50:07 [INFO ] [VisaRepository] Loaded 3 visas from /tmp/junit-7794481607482506754/visas.json
2026-05-14 18:50:07 [INFO ] [ShareCodeRepository] Loaded 4 share codes from /tmp/junit-7794481607482506754/share_codes.json
2026-05-14 18:50:07 [INFO ] [OrganisationRepository] Loaded 5 organisations from /tmp/junit-7794481607482506754/organisations.json
2026-05-14 18:50:07 [INFO ] [Javalin] Starting Javalin ...
2026-05-14 18:50:07 [INFO ] [Server] jetty-11.0.24; built: 2024-08-26T18:11:22.448Z; git: 5dfc59a691b748796f922208956bd1f2794bcd16; jvm 25.0.2+10-69
2026-05-14 18:50:07 [INFO ] [DefaultSessionIdManager] Session workerName=node0
2026-05-14 18:50:07 [INFO ] [ContextHandler] Started o.e.j.s.ServletContextHandler@2f98635e{/,null,AVAILABLE}
2026-05-14 18:50:07 [INFO ] [AbstractConnector] Started ServerConnector@670ce331{HTTP/1.1, (http/1.1)}{0.0.0.0:41491}
2026-05-14 18:50:07 [INFO ] [Server] Started Server@7c29adc8{STARTING}[11.0.24,sto=0] @6718ms
2026-05-14 18:50:07 [INFO ] [Javalin] 
       __                  ___           _____
      / /___ __   ______ _/ (_)___      / ___/
 __  / / __ `/ | / / __ `/ / / __ \    / __ \
/ /_/ / /_/ /| |/ / /_/ / / / / / /   / /_/ /
\____/\__,_/ |___/\__,_/_/_/_/ /_/    \____/

       https://javalin.io/documentation

2026-05-14 18:50:07 [INFO ] [Javalin] Javalin started in 9ms \o/
2026-05-14 18:50:07 [INFO ] [Javalin] Listening on http://localhost:41491/
2026-05-14 18:50:07 [INFO ] [Javalin] You are running Javalin 6.4.0 (released December 17, 2024. Your Javalin version is 512 days old. Consider checking for a newer version.).
2026-05-14 18:50:07 [INFO ] [ApiServer] API server started on port 41491
2026-05-14 18:50:07 [INFO ] [ShareCodeRepository] Persisted new share code for person P001
2026-05-14 18:50:07 [INFO ] [ShareCodeService] Generated share code for person=P001**** purpose=EMPLOYMENT
2026-05-14 18:50:07 [INFO ] [VerificationService] Share code verification requested by org=ORG001
2026-05-14 18:50:07 [INFO ] [VerificationService] Share code verification outcome=Right to work: true, expires: 2027-06-30 org=ORG001
2026-05-14 18:50:07 [INFO ] [VerificationService] Share code verification requested by org=ORG001
2026-05-14 18:50:07 [INFO ] [VerificationService] Share code verification outcome=Right to work: true, expires: 2027-06-30 org=ORG001
2026-05-14 18:50:07 [INFO ] [Javalin] Stopping Javalin ...
2026-05-14 18:50:07 [INFO ] [Server] Stopped Server@7c29adc8{STOPPING}[11.0.24,sto=0]
2026-05-14 18:50:07 [INFO ] [AbstractConnector] Stopped ServerConnector@670ce331{HTTP/1.1, (http/1.1)}{0.0.0.0:0}
2026-05-14 18:50:07 [INFO ] [ContextHandler] Stopped o.e.j.s.ServletContextHandler@2f98635e{/,null,STOPPED}
2026-05-14 18:50:07 [INFO ] [Javalin] Javalin has stopped
2026-05-14 18:50:08 [INFO ] [PersonRepository] Loaded 3 persons from /tmp/junit-13807118756499930729/persons.json
2026-05-14 18:50:08 [INFO ] [VisaRepository] Loaded 3 visas from /tmp/junit-13807118756499930729/visas.json
2026-05-14 18:50:08 [INFO ] [ShareCodeRepository] Loaded 4 share codes from /tmp/junit-13807118756499930729/share_codes.json
2026-05-14 18:50:08 [INFO ] [OrganisationRepository] Loaded 5 organisations from /tmp/junit-13807118756499930729/organisations.json
2026-05-14 18:50:08 [INFO ] [Javalin] Starting Javalin ...
2026-05-14 18:50:08 [INFO ] [Server] jetty-11.0.24; built: 2024-08-26T18:11:22.448Z; git: 5dfc59a691b748796f922208956bd1f2794bcd16; jvm 25.0.2+10-69
2026-05-14 18:50:08 [INFO ] [DefaultSessionIdManager] Session workerName=node0
2026-05-14 18:50:08 [INFO ] [ContextHandler] Started o.e.j.s.ServletContextHandler@68fe48d7{/,null,AVAILABLE}
2026-05-14 18:50:08 [INFO ] [AbstractConnector] Started ServerConnector@67594471{HTTP/1.1, (http/1.1)}{0.0.0.0:46243}
2026-05-14 18:50:08 [INFO ] [Server] Started Server@2cc04358{STARTING}[11.0.24,sto=0] @6913ms
2026-05-14 18:50:08 [INFO ] [Javalin] 
       __                  ___           _____
      / /___ __   ______ _/ (_)___      / ___/
 __  / / __ `/ | / / __ `/ / / __ \    / __ \
/ /_/ / /_/ /| |/ / /_/ / / / / / /   / /_/ /
\____/\__,_/ |___/\__,_/_/_/_/ /_/    \____/

       https://javalin.io/documentation

2026-05-14 18:50:08 [INFO ] [Javalin] Javalin started in 33ms \o/
2026-05-14 18:50:08 [INFO ] [Javalin] Listening on http://localhost:46243/
2026-05-14 18:50:08 [INFO ] [Javalin] You are running Javalin 6.4.0 (released December 17, 2024. Your Javalin version is 512 days old. Consider checking for a newer version.).
2026-05-14 18:50:08 [INFO ] [ApiServer] API server started on port 46243
2026-05-14 18:50:08 [INFO ] [ShareCodeRepository] Persisted new share code for person P004
2026-05-14 18:50:08 [INFO ] [ShareCodeService] Generated share code for person=P004**** purpose=ACCOMMODATION
2026-05-14 18:50:08 [INFO ] [ShareCodeRepository] Persisted new share code for person P001
2026-05-14 18:50:08 [INFO ] [ShareCodeService] Generated share code for person=P001**** purpose=EMPLOYMENT
2026-05-14 18:50:08 [INFO ] [VerificationService] Share code verification requested by org=ORG001
2026-05-14 18:50:08 [INFO ] [VerificationService] Share code verification outcome=Right to work: true, expires: 2027-06-30 org=ORG001
2026-05-14 18:50:08 [INFO ] [VerificationService] Share code verification requested by org=ORG001
2026-05-14 18:50:08 [INFO ] [VerificationService] Share code verification outcome=Right to work: true, expires: 2027-06-30 org=ORG001
2026-05-14 18:50:08 [INFO ] [ShareCodeRepository] Persisted new share code for person P001
2026-05-14 18:50:08 [INFO ] [ShareCodeService] Generated share code for person=P001**** purpose=EMPLOYMENT
2026-05-14 18:50:08 [INFO ] [VerificationService] Share code verification requested by org=ORG001
2026-05-14 18:50:08 [INFO ] [VerificationService] Share code verification outcome=Right to work: true, expires: 2027-06-30 org=ORG001
2026-05-14 18:50:08 [INFO ] [VerificationService] Share code verification requested by org=ORG001
2026-05-14 18:50:08 [INFO ] [VerificationService] Share code verification outcome=Right to work: true, expires: 2027-06-30 org=ORG001
2026-05-14 18:50:08 [INFO ] [ShareCodeRepository] Persisted new share code for person P004
2026-05-14 18:50:08 [INFO ] [ShareCodeService] Generated share code for person=P004**** purpose=ACCOMMODATION
2026-05-14 18:50:08 [INFO ] [VerificationService] Share code verification requested by org=ORG003
2026-05-14 18:50:08 [INFO ] [VerificationService] Share code verification outcome=Right to rent: true org=ORG003
2026-05-14 18:50:08 [INFO ] [VerificationService] Share code verification requested by org=ORG003
2026-05-14 18:50:08 [INFO ] [VerificationService] Share code verification outcome=Right to rent: true org=ORG003
2026-05-14 18:50:08 [INFO ] [Javalin] Stopping Javalin ...
2026-05-14 18:50:08 [INFO ] [Server] Stopped Server@2cc04358{STOPPING}[11.0.24,sto=0]
2026-05-14 18:50:08 [INFO ] [AbstractConnector] Stopped ServerConnector@67594471{HTTP/1.1, (http/1.1)}{0.0.0.0:0}
2026-05-14 18:50:08 [INFO ] [ContextHandler] Stopped o.e.j.s.ServletContextHandler@68fe48d7{/,null,STOPPED}
2026-05-14 18:50:08 [INFO ] [Javalin] Javalin has stopped
2026-05-14 18:50:08 [INFO ] [PersonRepository] Loaded 3 persons from /tmp/junit-5100170725971462240/persons.json
2026-05-14 18:50:08 [INFO ] [VisaRepository] Loaded 3 visas from /tmp/junit-5100170725971462240/visas.json
2026-05-14 18:50:08 [INFO ] [ShareCodeRepository] Loaded 4 share codes from /tmp/junit-5100170725971462240/share_codes.json
2026-05-14 18:50:08 [INFO ] [OrganisationRepository] Loaded 5 organisations from /tmp/junit-5100170725971462240/organisations.json
2026-05-14 18:50:08 [INFO ] [Javalin] Starting Javalin ...
2026-05-14 18:50:08 [INFO ] [Server] jetty-11.0.24; built: 2024-08-26T18:11:22.448Z; git: 5dfc59a691b748796f922208956bd1f2794bcd16; jvm 25.0.2+10-69
2026-05-14 18:50:08 [INFO ] [DefaultSessionIdManager] Session workerName=node0
2026-05-14 18:50:08 [INFO ] [ContextHandler] Started o.e.j.s.ServletContextHandler@211febf3{/,null,AVAILABLE}
2026-05-14 18:50:08 [INFO ] [AbstractConnector] Started ServerConnector@59c33386{HTTP/1.1, (http/1.1)}{0.0.0.0:41981}
2026-05-14 18:50:08 [INFO ] [Server] Started Server@719d35e8{STARTING}[11.0.24,sto=0] @7148ms
2026-05-14 18:50:08 [INFO ] [Javalin] 
       __                  ___           _____
      / /___ __   ______ _/ (_)___      / ___/
 __  / / __ `/ | / / __ `/ / / __ \    / __ \
/ /_/ / /_/ /| |/ / /_/ / / / / / /   / /_/ /
\____/\__,_/ |___/\__,_/_/_/_/ /_/    \____/

       https://javalin.io/documentation

2026-05-14 18:50:08 [INFO ] [Javalin] Javalin started in 25ms \o/
2026-05-14 18:50:08 [INFO ] [Javalin] Listening on http://localhost:41981/
2026-05-14 18:50:08 [INFO ] [Javalin] You are running Javalin 6.4.0 (released December 17, 2024. Your Javalin version is 512 days old. Consider checking for a newer version.).
2026-05-14 18:50:08 [INFO ] [ApiServer] API server started on port 41981
2026-05-14 18:50:08 [INFO ] [ShareCodeRepository] Persisted new share code for person P004
2026-05-14 18:50:08 [INFO ] [ShareCodeService] Generated share code for person=P004**** purpose=ACCOMMODATION
2026-05-14 18:50:08 [INFO ] [ShareCodeRepository] Persisted new share code for person P001
2026-05-14 18:50:08 [INFO ] [ShareCodeService] Generated share code for person=P001**** purpose=EMPLOYMENT
2026-05-14 18:50:08 [INFO ] [ShareCodeRepository] Persisted new share code for person P001
2026-05-14 18:50:08 [INFO ] [ShareCodeService] Generated share code for person=P001**** purpose=EDUCATION
2026-05-14 18:50:08 [INFO ] [Javalin] Stopping Javalin ...
2026-05-14 18:50:08 [INFO ] [Server] Stopped Server@719d35e8{STOPPING}[11.0.24,sto=0]
2026-05-14 18:50:08 [INFO ] [AbstractConnector] Stopped ServerConnector@59c33386{HTTP/1.1, (http/1.1)}{0.0.0.0:0}
2026-05-14 18:50:08 [INFO ] [ContextHandler] Stopped o.e.j.s.ServletContextHandler@211febf3{/,null,STOPPED}
2026-05-14 18:50:08 [INFO ] [Javalin] Javalin has stopped
2026-05-14 18:50:08 [INFO ] [PersonRepository] Loaded 3 persons from /tmp/junit-3219349549901144484/persons.json
2026-05-14 18:50:08 [INFO ] [VisaRepository] Loaded 3 visas from /tmp/junit-3219349549901144484/visas.json
2026-05-14 18:50:08 [INFO ] [ShareCodeRepository] Loaded 4 share codes from /tmp/junit-3219349549901144484/share_codes.json
2026-05-14 18:50:08 [INFO ] [OrganisationRepository] Loaded 5 organisations from /tmp/junit-3219349549901144484/organisations.json
2026-05-14 18:50:08 [INFO ] [Javalin] Starting Javalin ...
2026-05-14 18:50:08 [INFO ] [Server] jetty-11.0.24; built: 2024-08-26T18:11:22.448Z; git: 5dfc59a691b748796f922208956bd1f2794bcd16; jvm 25.0.2+10-69
2026-05-14 18:50:08 [INFO ] [DefaultSessionIdManager] Session workerName=node0
2026-05-14 18:50:08 [INFO ] [ContextHandler] Started o.e.j.s.ServletContextHandler@c6b2dd9{/,null,AVAILABLE}
2026-05-14 18:50:08 [INFO ] [AbstractConnector] Started ServerConnector@20411320{HTTP/1.1, (http/1.1)}{0.0.0.0:35289}
2026-05-14 18:50:08 [INFO ] [Server] Started Server@3c782d8e{STARTING}[11.0.24,sto=0] @7364ms
2026-05-14 18:50:08 [INFO ] [Javalin] 
       __                  ___           _____
      / /___ __   ______ _/ (_)___      / ___/
 __  / / __ `/ | / / __ `/ / / __ \    / __ \
/ /_/ / /_/ /| |/ / /_/ / / / / / /   / /_/ /
\____/\__,_/ |___/\__,_/_/_/_/ /_/    \____/

       https://javalin.io/documentation

2026-05-14 18:50:08 [INFO ] [Javalin] Javalin started in 10ms \o/
2026-05-14 18:50:08 [INFO ] [Javalin] Listening on http://localhost:35289/
2026-05-14 18:50:08 [INFO ] [Javalin] You are running Javalin 6.4.0 (released December 17, 2024. Your Javalin version is 512 days old. Consider checking for a newer version.).
2026-05-14 18:50:08 [INFO ] [ApiServer] API server started on port 35289
2026-05-14 18:50:08 [INFO ] [Javalin] Stopping Javalin ...
2026-05-14 18:50:08 [INFO ] [Server] Stopped Server@3c782d8e{STOPPING}[11.0.24,sto=0]
2026-05-14 18:50:08 [INFO ] [AbstractConnector] Stopped ServerConnector@20411320{HTTP/1.1, (http/1.1)}{0.0.0.0:0}
2026-05-14 18:50:08 [INFO ] [ContextHandler] Stopped o.e.j.s.ServletContextHandler@c6b2dd9{/,null,STOPPED}
2026-05-14 18:50:08 [INFO ] [Javalin] Javalin has stopped
2026-05-14 18:50:08 [INFO ] [PersonRepository] Loaded 3 persons from /tmp/junit-13562420161166957638/persons.json
2026-05-14 18:50:08 [INFO ] [VisaRepository] Loaded 3 visas from /tmp/junit-13562420161166957638/visas.json
2026-05-14 18:50:08 [INFO ] [ShareCodeRepository] Loaded 4 share codes from /tmp/junit-13562420161166957638/share_codes.json
2026-05-14 18:50:08 [INFO ] [OrganisationRepository] Loaded 5 organisations from /tmp/junit-13562420161166957638/organisations.json
2026-05-14 18:50:08 [INFO ] [Javalin] Starting Javalin ...
2026-05-14 18:50:08 [INFO ] [Server] jetty-11.0.24; built: 2024-08-26T18:11:22.448Z; git: 5dfc59a691b748796f922208956bd1f2794bcd16; jvm 25.0.2+10-69
2026-05-14 18:50:08 [INFO ] [DefaultSessionIdManager] Session workerName=node0
2026-05-14 18:50:08 [INFO ] [ContextHandler] Started o.e.j.s.ServletContextHandler@71f0b72e{/,null,AVAILABLE}
2026-05-14 18:50:08 [INFO ] [AbstractConnector] Started ServerConnector@23706db8{HTTP/1.1, (http/1.1)}{0.0.0.0:43115}
2026-05-14 18:50:08 [INFO ] [Server] Started Server@129fed45{STARTING}[11.0.24,sto=0] @7460ms
2026-05-14 18:50:08 [INFO ] [Javalin] 
       __                  ___           _____
      / /___ __   ______ _/ (_)___      / ___/
 __  / / __ `/ | / / __ `/ / / __ \    / __ \
/ /_/ / /_/ /| |/ / /_/ / / / / / /   / /_/ /
\____/\__,_/ |___/\__,_/_/_/_/ /_/    \____/

       https://javalin.io/documentation

2026-05-14 18:50:08 [INFO ] [Javalin] Javalin started in 22ms \o/
2026-05-14 18:50:08 [INFO ] [Javalin] Listening on http://localhost:43115/
2026-05-14 18:50:08 [INFO ] [Javalin] You are running Javalin 6.4.0 (released December 17, 2024. Your Javalin version is 512 days old. Consider checking for a newer version.).
2026-05-14 18:50:08 [INFO ] [ApiServer] API server started on port 43115
2026-05-14 18:50:08 [INFO ] [VerificationService] Share code verification requested by org=ORG001
2026-05-14 18:50:08 [INFO ] [VerificationService] Share code verification outcome=Right to work: true, expires: 2027-06-30 org=ORG001
2026-05-14 18:50:08 [INFO ] [VerificationService] Document verification requested by org=ORG005 docType=PASSPORT
2026-05-14 18:50:08 [INFO ] [VerificationService] Document verification outcome=Entry permitted: true, conditions: [] org=ORG005
2026-05-14 18:50:08 [INFO ] [VerificationService] Share code verification requested by org=ORG001
2026-05-14 18:50:08 [WARN ] [VerificationService] Rejected SHARE_CODE_VERIFICATION reason=Share code has expired org=ORG001
2026-05-14 18:50:08 [INFO ] [VerificationService] Share code verification requested by org=ORG001
2026-05-14 18:50:08 [INFO ] [VerificationService] Share code verification outcome=Right to work: true, expires: 2027-06-30 org=ORG001
2026-05-14 18:50:08 [INFO ] [VerificationService] Share code verification requested by org=ORG001
2026-05-14 18:50:08 [WARN ] [VerificationService] Rejected SHARE_CODE_VERIFICATION reason=Purpose 'ACCOMMODATION' is not permitted for role 'EMPLOYER' org=ORG001
2026-05-14 18:50:08 [INFO ] [VerificationService] Share code verification requested by org=ORG001
2026-05-14 18:50:08 [WARN ] [VerificationService] Rejected SHARE_CODE_VERIFICATION reason=Share code not found org=ORG001
2026-05-14 18:50:08 [INFO ] [VerificationService] Share code verification requested by org=ORG001
2026-05-14 18:50:08 [WARN ] [VerificationService] Rejected SHARE_CODE_VERIFICATION reason=Share code must be 9 uppercase alphanumeric characters org=ORG001
2026-05-14 18:50:08 [INFO ] [VerificationService] Share code verification requested by org=ORG005
2026-05-14 18:50:08 [WARN ] [VerificationService] Rejected SHARE_CODE_VERIFICATION reason=Organisation role 'BORDER_CONTROL' is not authorised for the share code route org=ORG005
2026-05-14 18:50:08 [WARN ] [VerificationService] Confirmation refused by org=ORG001
2026-05-14 18:50:08 [INFO ] [VerificationService] Document verification requested by org=ORG005 docType=PASSPORT
2026-05-14 18:50:08 [WARN ] [VerificationService] Rejected DOCUMENT_VERIFICATION reason=Person not found for document org=ORG005
2026-05-14 18:50:08 [INFO ] [VerificationService] Share code verification requested by org=ORG003
2026-05-14 18:50:08 [INFO ] [VerificationService] Share code verification outcome=Right to rent: true org=ORG003
2026-05-14 18:50:08 [WARN ] [VerificationService] Confirmation refused by org=ORG005
2026-05-14 18:50:08 [INFO ] [VerificationService] Share code verification requested by org=ORG001
2026-05-14 18:50:08 [WARN ] [VerificationService] Rejected SHARE_CODE_VERIFICATION reason=Date of birth does not match org=ORG001
2026-05-14 18:50:08 [INFO ] [VerificationService] Document verification requested by org=ORG001 docType=PASSPORT
2026-05-14 18:50:08 [WARN ] [VerificationService] Rejected DOCUMENT_VERIFICATION reason=Organisation role 'EMPLOYER' is not authorised for the document route org=ORG001
2026-05-14 18:50:08 [INFO ] [VerificationService] Document verification requested by org=ORG005 docType=PASSPORT
2026-05-14 18:50:08 [WARN ] [VerificationService] Rejected DOCUMENT_VERIFICATION reason=Passport number must be 9 uppercase alphanumeric characters org=ORG005
2026-05-14 18:50:08 [INFO ] [VerificationService] Share code verification requested by org=ORG001
2026-05-14 18:50:08 [INFO ] [VerificationService] Share code verification outcome=Right to work: false, expires: 2026-10-25 org=ORG001
2026-05-14 18:50:08 [INFO ] [VerificationService] Share code verification requested by org=ORG001
2026-05-14 18:50:08 [INFO ] [VerificationService] Share code verification outcome=Right to work: true, expires: 2027-06-30 org=ORG001
2026-05-14 18:50:08 [INFO ] [VerificationService] Share code verification requested by org=ORG001
2026-05-14 18:50:08 [INFO ] [VerificationService] Share code verification outcome=Right to work: true, expires: 2027-06-30 org=ORG001
2026-05-14 18:50:08 [WARN ] [VerificationService] Confirmation refused by org=ORG001
2026-05-14 18:50:08 [INFO ] [VerificationService] Document verification requested by org=ORG006 docType=PASSPORT
2026-05-14 18:50:08 [INFO ] [VerificationService] Document verification outcome=Visa type: WORK, valid: true, expires: 2027-06-30 org=ORG006
2026-05-14 18:50:08 [INFO ] [Javalin] Stopping Javalin ...
2026-05-14 18:50:08 [INFO ] [Server] Stopped Server@129fed45{STOPPING}[11.0.24,sto=0]
2026-05-14 18:50:08 [INFO ] [AbstractConnector] Stopped ServerConnector@23706db8{HTTP/1.1, (http/1.1)}{0.0.0.0:0}
2026-05-14 18:50:08 [INFO ] [ContextHandler] Stopped o.e.j.s.ServletContextHandler@71f0b72e{/,null,STOPPED}
2026-05-14 18:50:08 [INFO ] [Javalin] Javalin has stopped
2026-05-14 18:50:08 [INFO ] [ShareCodeRepository] Loaded 0 share codes from /tmp/junit-2471324418119603470/share_codes.json
2026-05-14 18:50:08 [INFO ] [ShareCodeRepository] Persisted new share code for person P003
2026-05-14 18:50:08 [INFO ] [ShareCodeService] Generated share code for person=P003**** purpose=ACCOMMODATION
2026-05-14 18:50:08 [INFO ] [ShareCodeRepository] Loaded 0 share codes from /tmp/junit-4227104463633546622/share_codes.json
2026-05-14 18:50:08 [INFO ] [ShareCodeRepository] Persisted new share code for person P001
2026-05-14 18:50:08 [INFO ] [ShareCodeService] Generated share code for person=P001**** purpose=EMPLOYMENT
2026-05-14 18:50:08 [INFO ] [ShareCodeRepository] Loaded 0 share codes from /tmp/junit-16064357511021073334/share_codes.json
2026-05-14 18:50:08 [INFO ] [ShareCodeRepository] Persisted new share code for person P001
2026-05-14 18:50:08 [INFO ] [ShareCodeService] Generated share code for person=P001**** purpose=EMPLOYMENT
2026-05-14 18:50:08 [INFO ] [ShareCodeRepository] Loaded 0 share codes from /tmp/junit-6211457926083069292/share_codes.json
2026-05-14 18:50:08 [INFO ] [ShareCodeRepository] Persisted new share code for person P001
2026-05-14 18:50:08 [INFO ] [ShareCodeService] Generated share code for person=P001**** purpose=EMPLOYMENT
2026-05-14 18:50:08 [INFO ] [ShareCodeRepository] Loaded 0 share codes from /tmp/junit-6693706045588252026/share_codes.json
2026-05-14 18:50:08 [INFO ] [ShareCodeRepository] Persisted new share code for person P001
2026-05-14 18:50:08 [INFO ] [ShareCodeService] Generated share code for person=P001**** purpose=EMPLOYMENT
2026-05-14 18:50:08 [INFO ] [ShareCodeRepository] Persisted new share code for person P001
2026-05-14 18:50:08 [INFO ] [ShareCodeService] Generated share code for person=P001**** purpose=EMPLOYMENT
2026-05-14 18:50:08 [INFO ] [PersonRepository] Loaded 3 persons from /tmp/junit-1118494677024330449/persons.json
2026-05-14 18:50:08 [INFO ] [VisaRepository] Loaded 3 visas from /tmp/junit-1118494677024330449/visas.json
2026-05-14 18:50:08 [INFO ] [ShareCodeRepository] Loaded 4 share codes from /tmp/junit-1118494677024330449/share_codes.json
2026-05-14 18:50:08 [INFO ] [OrganisationRepository] Loaded 4 organisations from /tmp/junit-1118494677024330449/organisations.json
2026-05-14 18:50:08 [INFO ] [VerificationService] Share code verification requested by org=ORG001
2026-05-14 18:50:08 [WARN ] [VerificationService] Rejected SHARE_CODE_VERIFICATION reason=Share code has expired org=ORG001
2026-05-14 18:50:08 [INFO ] [PersonRepository] Loaded 3 persons from /tmp/junit-14674205610269003184/persons.json
2026-05-14 18:50:08 [INFO ] [VisaRepository] Loaded 3 visas from /tmp/junit-14674205610269003184/visas.json
2026-05-14 18:50:08 [INFO ] [ShareCodeRepository] Loaded 4 share codes from /tmp/junit-14674205610269003184/share_codes.json
2026-05-14 18:50:08 [INFO ] [OrganisationRepository] Loaded 4 organisations from /tmp/junit-14674205610269003184/organisations.json
2026-05-14 18:50:08 [INFO ] [VerificationService] Share code verification requested by org=ORG003
2026-05-14 18:50:08 [INFO ] [VerificationService] Share code verification outcome=Right to rent: true org=ORG003
2026-05-14 18:50:08 [INFO ] [PersonRepository] Loaded 3 persons from /tmp/junit-15308828779516808112/persons.json
2026-05-14 18:50:08 [INFO ] [VisaRepository] Loaded 3 visas from /tmp/junit-15308828779516808112/visas.json
2026-05-14 18:50:08 [INFO ] [ShareCodeRepository] Loaded 4 share codes from /tmp/junit-15308828779516808112/share_codes.json
2026-05-14 18:50:08 [INFO ] [OrganisationRepository] Loaded 4 organisations from /tmp/junit-15308828779516808112/organisations.json
2026-05-14 18:50:08 [INFO ] [VerificationService] Document verification requested by org=ORG005 docType=PASSPORT
2026-05-14 18:50:08 [INFO ] [VerificationService] Document verification outcome=Entry permitted: true, conditions: [] org=ORG005
2026-05-14 18:50:08 [INFO ] [PersonRepository] Loaded 3 persons from /tmp/junit-2195694696554198839/persons.json
2026-05-14 18:50:08 [INFO ] [VisaRepository] Loaded 3 visas from /tmp/junit-2195694696554198839/visas.json
2026-05-14 18:50:08 [INFO ] [ShareCodeRepository] Loaded 4 share codes from /tmp/junit-2195694696554198839/share_codes.json
2026-05-14 18:50:08 [INFO ] [OrganisationRepository] Loaded 4 organisations from /tmp/junit-2195694696554198839/organisations.json
2026-05-14 18:50:08 [INFO ] [VerificationService] Share code verification requested by org=ORG001
2026-05-14 18:50:08 [WARN ] [VerificationService] Rejected SHARE_CODE_VERIFICATION reason=Purpose 'ACCOMMODATION' is not permitted for role 'EMPLOYER' org=ORG001
2026-05-14 18:50:08 [INFO ] [PersonRepository] Loaded 3 persons from /tmp/junit-12979610367173639355/persons.json
2026-05-14 18:50:08 [INFO ] [VisaRepository] Loaded 3 visas from /tmp/junit-12979610367173639355/visas.json
2026-05-14 18:50:08 [INFO ] [ShareCodeRepository] Loaded 4 share codes from /tmp/junit-12979610367173639355/share_codes.json
2026-05-14 18:50:08 [INFO ] [OrganisationRepository] Loaded 4 organisations from /tmp/junit-12979610367173639355/organisations.json
2026-05-14 18:50:08 [INFO ] [VerificationService] Share code verification requested by org=ORG001
2026-05-14 18:50:08 [WARN ] [VerificationService] Rejected SHARE_CODE_VERIFICATION reason=Date of birth does not match org=ORG001
2026-05-14 18:50:08 [INFO ] [PersonRepository] Loaded 3 persons from /tmp/junit-11501377842075708730/persons.json
2026-05-14 18:50:08 [INFO ] [VisaRepository] Loaded 3 visas from /tmp/junit-11501377842075708730/visas.json
2026-05-14 18:50:08 [INFO ] [ShareCodeRepository] Loaded 4 share codes from /tmp/junit-11501377842075708730/share_codes.json
2026-05-14 18:50:08 [INFO ] [OrganisationRepository] Loaded 4 organisations from /tmp/junit-11501377842075708730/organisations.json
2026-05-14 18:50:08 [INFO ] [VerificationService] Share code verification requested by org=ORG001
2026-05-14 18:50:08 [INFO ] [VerificationService] Share code verification outcome=Right to work: false, expires: 2026-10-25 org=ORG001
2026-05-14 18:50:08 [INFO ] [PersonRepository] Loaded 3 persons from /tmp/junit-3279726185085984286/persons.json
2026-05-14 18:50:08 [INFO ] [VisaRepository] Loaded 3 visas from /tmp/junit-3279726185085984286/visas.json
2026-05-14 18:50:08 [INFO ] [ShareCodeRepository] Loaded 4 share codes from /tmp/junit-3279726185085984286/share_codes.json
2026-05-14 18:50:08 [INFO ] [OrganisationRepository] Loaded 4 organisations from /tmp/junit-3279726185085984286/organisations.json
2026-05-14 18:50:08 [INFO ] [VerificationService] Document verification requested by org=ORG006 docType=PASSPORT
2026-05-14 18:50:08 [INFO ] [VerificationService] Document verification outcome=Visa type: WORK, valid: true, expires: 2027-06-30 org=ORG006
2026-05-14 18:50:08 [INFO ] [PersonRepository] Loaded 3 persons from /tmp/junit-12571663679311854363/persons.json
2026-05-14 18:50:08 [INFO ] [VisaRepository] Loaded 3 visas from /tmp/junit-12571663679311854363/visas.json
2026-05-14 18:50:08 [INFO ] [ShareCodeRepository] Loaded 4 share codes from /tmp/junit-12571663679311854363/share_codes.json
2026-05-14 18:50:08 [INFO ] [OrganisationRepository] Loaded 4 organisations from /tmp/junit-12571663679311854363/organisations.json
2026-05-14 18:50:08 [INFO ] [VerificationService] Share code verification requested by org=ORG001
2026-05-14 18:50:09 [INFO ] [VerificationService] Share code verification outcome=Right to work: true, expires: 2027-06-30 org=ORG001
2026-05-14 18:50:09 [INFO ] [PersonRepository] Loaded 3 persons from /tmp/junit-13117105611448624274/persons.json
2026-05-14 18:50:09 [INFO ] [VisaRepository] Loaded 3 visas from /tmp/junit-13117105611448624274/visas.json
2026-05-14 18:50:09 [INFO ] [ShareCodeRepository] Loaded 4 share codes from /tmp/junit-13117105611448624274/share_codes.json
2026-05-14 18:50:09 [INFO ] [OrganisationRepository] Loaded 4 organisations from /tmp/junit-13117105611448624274/organisations.json
2026-05-14 18:50:09 [INFO ] [VerificationService] Share code verification requested by org=ORG001
2026-05-14 18:50:09 [WARN ] [VerificationService] Rejected SHARE_CODE_VERIFICATION reason=Share code must be 9 uppercase alphanumeric characters org=ORG001
2026-05-14 18:50:09 [INFO ] [PersonRepository] Loaded 3 persons from /tmp/junit-1332113782462024022/persons.json
2026-05-14 18:50:09 [INFO ] [VisaRepository] Loaded 3 visas from /tmp/junit-1332113782462024022/visas.json
2026-05-14 18:50:09 [INFO ] [ShareCodeRepository] Loaded 4 share codes from /tmp/junit-1332113782462024022/share_codes.json
2026-05-14 18:50:09 [INFO ] [OrganisationRepository] Loaded 4 organisations from /tmp/junit-1332113782462024022/organisations.json
2026-05-14 18:50:09 [INFO ] [VerificationService] Document verification requested by org=ORG005 docType=PASSPORT
2026-05-14 18:50:09 [WARN ] [VerificationService] Rejected DOCUMENT_VERIFICATION reason=Person not found for document org=ORG005
2026-05-14 18:50:09 [INFO ] [PersonRepository] Loaded 3 persons from /tmp/junit-6739232637127463642/persons.json
2026-05-14 18:50:09 [INFO ] [VisaRepository] Loaded 3 visas from /tmp/junit-6739232637127463642/visas.json
2026-05-14 18:50:09 [INFO ] [ShareCodeRepository] Loaded 4 share codes from /tmp/junit-6739232637127463642/share_codes.json
2026-05-14 18:50:09 [INFO ] [OrganisationRepository] Loaded 4 organisations from /tmp/junit-6739232637127463642/organisations.json
2026-05-14 18:50:09 [INFO ] [VerificationService] Document verification requested by org=ORG005 docType=PASSPORT
2026-05-14 18:50:09 [WARN ] [VerificationService] Rejected DOCUMENT_VERIFICATION reason=Passport number must be 9 uppercase alphanumeric characters org=ORG005
2026-05-14 18:50:09 [INFO ] [PersonRepository] Loaded 3 persons from /tmp/junit-7615066554058179400/persons.json
2026-05-14 18:50:09 [INFO ] [VisaRepository] Loaded 3 visas from /tmp/junit-7615066554058179400/visas.json
2026-05-14 18:50:09 [INFO ] [ShareCodeRepository] Loaded 4 share codes from /tmp/junit-7615066554058179400/share_codes.json
2026-05-14 18:50:09 [INFO ] [OrganisationRepository] Loaded 4 organisations from /tmp/junit-7615066554058179400/organisations.json
2026-05-14 18:50:09 [INFO ] [VerificationService] Document verification requested by org=ORG001 docType=PASSPORT
2026-05-14 18:50:09 [WARN ] [VerificationService] Rejected DOCUMENT_VERIFICATION reason=Organisation role 'EMPLOYER' is not authorised for the document route org=ORG001
2026-05-14 18:50:09 [INFO ] [PersonRepository] Loaded 3 persons from /tmp/junit-10846921842703981396/persons.json
2026-05-14 18:50:09 [INFO ] [VisaRepository] Loaded 3 visas from /tmp/junit-10846921842703981396/visas.json
2026-05-14 18:50:09 [INFO ] [ShareCodeRepository] Loaded 4 share codes from /tmp/junit-10846921842703981396/share_codes.json
2026-05-14 18:50:09 [INFO ] [OrganisationRepository] Loaded 4 organisations from /tmp/junit-10846921842703981396/organisations.json
2026-05-14 18:50:09 [INFO ] [VerificationService] Share code verification requested by org=ORG999
2026-05-14 18:50:09 [WARN ] [VerificationService] Rejected SHARE_CODE_VERIFICATION reason=Organisation not recognised org=ORG999
2026-05-14 18:50:09 [INFO ] [PersonRepository] Loaded 3 persons from /tmp/junit-10575058927633406226/persons.json
2026-05-14 18:50:09 [INFO ] [VisaRepository] Loaded 3 visas from /tmp/junit-10575058927633406226/visas.json
2026-05-14 18:50:09 [INFO ] [ShareCodeRepository] Loaded 4 share codes from /tmp/junit-10575058927633406226/share_codes.json
2026-05-14 18:50:09 [INFO ] [OrganisationRepository] Loaded 4 organisations from /tmp/junit-10575058927633406226/organisations.json
2026-05-14 18:50:09 [INFO ] [VerificationService] Share code verification requested by org=ORG005
2026-05-14 18:50:09 [WARN ] [VerificationService] Rejected SHARE_CODE_VERIFICATION reason=Organisation role 'BORDER_CONTROL' is not authorised for the share code route org=ORG005
2026-05-14 18:50:09 [INFO ] [PersonRepository] Loaded 3 persons from /tmp/junit-9939371971790769702/persons.json
2026-05-14 18:50:09 [INFO ] [VisaRepository] Loaded 3 visas from /tmp/junit-9939371971790769702/visas.json
2026-05-14 18:50:09 [INFO ] [ShareCodeRepository] Loaded 4 share codes from /tmp/junit-9939371971790769702/share_codes.json
2026-05-14 18:50:09 [INFO ] [OrganisationRepository] Loaded 4 organisations from /tmp/junit-9939371971790769702/organisations.json
2026-05-14 18:50:09 [INFO ] [VerificationService] Share code verification requested by org=ORG001
2026-05-14 18:50:09 [INFO ] [VerificationService] Share code verification outcome=Right to work: true, expires: 2027-06-30 org=ORG001
2026-05-14 18:50:09 [INFO ] [VerificationService] Share code verification requested by org=ORG001
2026-05-14 18:50:09 [INFO ] [VerificationService] Share code verification outcome=Right to work: true, expires: 2027-06-30 org=ORG001
2026-05-14 19:38:00 [INFO ] [PersonRepository] Loaded 5 persons from /tmp/junit-6519571291154594826/persons.json
2026-05-14 19:38:00 [INFO ] [VisaRepository] Loaded 4 visas from /tmp/junit-6519571291154594826/visas.json
2026-05-14 19:38:00 [INFO ] [ShareCodeRepository] Loaded 6 share codes from /tmp/junit-6519571291154594826/share_codes.json
2026-05-14 19:38:00 [INFO ] [OrganisationRepository] Loaded 5 organisations from /tmp/junit-6519571291154594826/organisations.json
2026-05-14 19:38:00 [INFO ] [Javalin] Starting Javalin ...
2026-05-14 19:38:00 [INFO ] [Server] jetty-11.0.24; built: 2024-08-26T18:11:22.448Z; git: 5dfc59a691b748796f922208956bd1f2794bcd16; jvm 25.0.2+10-69
2026-05-14 19:38:00 [INFO ] [DefaultSessionIdManager] Session workerName=node0
2026-05-14 19:38:00 [INFO ] [ContextHandler] Started o.e.j.s.ServletContextHandler@18a645fd{/,null,AVAILABLE}
2026-05-14 19:38:00 [INFO ] [AbstractConnector] Started ServerConnector@19f21b6b{HTTP/1.1, (http/1.1)}{0.0.0.0:33503}
2026-05-14 19:38:00 [INFO ] [Server] Started Server@64e92d61{STARTING}[11.0.24,sto=0] @2519ms
2026-05-14 19:38:00 [INFO ] [Javalin] 
       __                  ___           _____
      / /___ __   ______ _/ (_)___      / ___/
 __  / / __ `/ | / / __ `/ / / __ \    / __ \
/ /_/ / /_/ /| |/ / /_/ / / / / / /   / /_/ /
\____/\__,_/ |___/\__,_/_/_/_/ /_/    \____/

       https://javalin.io/documentation

2026-05-14 19:38:00 [INFO ] [Javalin] Javalin started in 129ms \o/
2026-05-14 19:38:00 [INFO ] [Javalin] Listening on http://localhost:33503/
2026-05-14 19:38:00 [INFO ] [Javalin] You are running Javalin 6.4.0 (released December 17, 2024. Your Javalin version is 512 days old. Consider checking for a newer version.).
2026-05-14 19:38:00 [INFO ] [ApiServer] API server started on port 33503
2026-05-14 19:38:01 [INFO ] [ShareCodeRepository] Persisted new share code for person P001
2026-05-14 19:38:01 [INFO ] [ShareCodeService] Generated share code for person=P001**** purpose=EMPLOYMENT
2026-05-14 19:38:01 [INFO ] [VerificationService] Share code verification requested by org=ORG001
2026-05-14 19:38:01 [INFO ] [VerificationService] Share code verification outcome=Right to work: true, expires: 2027-06-30 org=ORG001
2026-05-14 19:38:01 [INFO ] [VerificationService] Share code verification requested by org=ORG001
2026-05-14 19:38:01 [INFO ] [VerificationService] Share code verification outcome=Right to work: true, expires: 2027-06-30 org=ORG001
2026-05-14 19:38:01 [INFO ] [ShareCodeRepository] Persisted new share code for person P001
2026-05-14 19:38:01 [INFO ] [ShareCodeService] Generated share code for person=P001**** purpose=EMPLOYMENT
2026-05-14 19:38:01 [INFO ] [VerificationService] Share code verification requested by org=ORG001
2026-05-14 19:38:01 [INFO ] [VerificationService] Share code verification outcome=Right to work: true, expires: 2027-06-30 org=ORG001
2026-05-14 19:38:01 [INFO ] [ShareCodeRepository] Persisted new share code for person P001
2026-05-14 19:38:01 [INFO ] [ShareCodeService] Generated share code for person=P001**** purpose=EMPLOYMENT
2026-05-14 19:38:01 [INFO ] [VerificationService] Share code verification requested by org=ORG001
2026-05-14 19:38:01 [INFO ] [VerificationService] Share code verification outcome=Right to work: true, expires: 2027-06-30 org=ORG001
2026-05-14 19:38:01 [INFO ] [VerificationService] Share code verification requested by org=ORG001
2026-05-14 19:38:01 [INFO ] [VerificationService] Share code verification outcome=Right to work: true, expires: 2027-06-30 org=ORG001
2026-05-14 19:38:01 [INFO ] [Javalin] Stopping Javalin ...
2026-05-14 19:38:01 [INFO ] [Server] Stopped Server@64e92d61{STOPPING}[11.0.24,sto=0]
2026-05-14 19:38:01 [INFO ] [AbstractConnector] Stopped ServerConnector@19f21b6b{HTTP/1.1, (http/1.1)}{0.0.0.0:0}
2026-05-14 19:38:01 [INFO ] [ContextHandler] Stopped o.e.j.s.ServletContextHandler@18a645fd{/,null,STOPPED}
2026-05-14 19:38:01 [INFO ] [Javalin] Javalin has stopped
2026-05-14 19:38:01 [INFO ] [PersonRepository] Loaded 5 persons from /tmp/junit-17420982744573079908/persons.json
2026-05-14 19:38:01 [INFO ] [VisaRepository] Loaded 4 visas from /tmp/junit-17420982744573079908/visas.json
2026-05-14 19:38:01 [INFO ] [ShareCodeRepository] Loaded 6 share codes from /tmp/junit-17420982744573079908/share_codes.json
2026-05-14 19:38:01 [INFO ] [OrganisationRepository] Loaded 5 organisations from /tmp/junit-17420982744573079908/organisations.json
2026-05-14 19:38:01 [INFO ] [Javalin] Starting Javalin ...
2026-05-14 19:38:01 [INFO ] [Server] jetty-11.0.24; built: 2024-08-26T18:11:22.448Z; git: 5dfc59a691b748796f922208956bd1f2794bcd16; jvm 25.0.2+10-69
2026-05-14 19:38:01 [INFO ] [DefaultSessionIdManager] Session workerName=node0
2026-05-14 19:38:01 [INFO ] [ContextHandler] Started o.e.j.s.ServletContextHandler@50a691d3{/,null,AVAILABLE}
2026-05-14 19:38:01 [INFO ] [AbstractConnector] Started ServerConnector@6e8a9c30{HTTP/1.1, (http/1.1)}{0.0.0.0:39367}
2026-05-14 19:38:01 [INFO ] [Server] Started Server@70211e49{STARTING}[11.0.24,sto=0] @3064ms
2026-05-14 19:38:01 [INFO ] [Javalin] 
       __                  ___           _____
      / /___ __   ______ _/ (_)___      / ___/
 __  / / __ `/ | / / __ `/ / / __ \    / __ \
/ /_/ / /_/ /| |/ / /_/ / / / / / /   / /_/ /
\____/\__,_/ |___/\__,_/_/_/_/ /_/    \____/

       https://javalin.io/documentation

2026-05-14 19:38:01 [INFO ] [Javalin] Javalin started in 7ms \o/
2026-05-14 19:38:01 [INFO ] [Javalin] Listening on http://localhost:39367/
2026-05-14 19:38:01 [INFO ] [Javalin] You are running Javalin 6.4.0 (released December 17, 2024. Your Javalin version is 512 days old. Consider checking for a newer version.).
2026-05-14 19:38:01 [INFO ] [ApiServer] API server started on port 39367
2026-05-14 19:38:01 [WARN ] [VerificationService] Confirmation refused by org=ORG005
2026-05-14 19:38:01 [INFO ] [VerificationService] Document verification requested by org=ORG001 docType=PASSPORT
2026-05-14 19:38:01 [WARN ] [VerificationService] Rejected DOCUMENT_VERIFICATION reason=Organisation role 'EMPLOYER' is not authorised for the document route org=ORG001
2026-05-14 19:38:01 [INFO ] [VerificationService] Document verification requested by org=ORG005 docType=PASSPORT
2026-05-14 19:38:01 [INFO ] [VerificationService] Document verification outcome=Entry permitted: true, conditions: [] org=ORG005
2026-05-14 19:38:01 [INFO ] [VerificationService] Document verification requested by org=ORG006 docType=PERMIT
2026-05-14 19:38:01 [INFO ] [VerificationService] Document verification outcome=Visa type: SKILLED_WORKER, valid: true, expires: 2028-06-30 org=ORG006
2026-05-14 19:38:01 [INFO ] [VerificationService] Document verification requested by org=ORG006 docType=PASSPORT
2026-05-14 19:38:01 [INFO ] [VerificationService] Document verification outcome=Visa type: WORK, valid: true, expires: 2027-06-30 org=ORG006
2026-05-14 19:38:01 [INFO ] [VerificationService] Document verification requested by org=ORG005 docType=PASSPORT
2026-05-14 19:38:01 [WARN ] [VerificationService] Rejected DOCUMENT_VERIFICATION reason=Person not found for document org=ORG005
2026-05-14 19:38:01 [INFO ] [VerificationService] Document verification requested by org=ORG005 docType=PERMIT
2026-05-14 19:38:01 [INFO ] [VerificationService] Document verification outcome=Entry permitted: true, conditions: [] org=ORG005
2026-05-14 19:38:01 [INFO ] [VerificationService] Document verification requested by org=ORG006 docType=PASSPORT
2026-05-14 19:38:01 [INFO ] [VerificationService] Document verification outcome=Visa type: WORK, valid: true, expires: 2027-06-30 org=ORG006
2026-05-14 19:38:01 [INFO ] [VerificationService] Document verification requested by org=ORG005 docType=PASSPORT
2026-05-14 19:38:01 [INFO ] [VerificationService] Document verification outcome=Entry permitted: true, conditions: [] org=ORG005
2026-05-14 19:38:01 [INFO ] [VerificationService] Document verification requested by org=ORG005 docType=PASSPORT
2026-05-14 19:38:01 [INFO ] [VerificationService] Document verification outcome=Entry permitted: true, conditions: [] org=ORG005
2026-05-14 19:38:01 [WARN ] [VerificationService] Confirmation refused by org=ORG005
2026-05-14 19:38:01 [INFO ] [Javalin] Stopping Javalin ...
2026-05-14 19:38:01 [INFO ] [Server] Stopped Server@70211e49{STOPPING}[11.0.24,sto=0]
2026-05-14 19:38:01 [INFO ] [AbstractConnector] Stopped ServerConnector@6e8a9c30{HTTP/1.1, (http/1.1)}{0.0.0.0:0}
2026-05-14 19:38:01 [INFO ] [ContextHandler] Stopped o.e.j.s.ServletContextHandler@50a691d3{/,null,STOPPED}
2026-05-14 19:38:01 [INFO ] [Javalin] Javalin has stopped
2026-05-14 19:38:01 [INFO ] [PersonRepository] Loaded 5 persons from /tmp/junit-10661480846705940255/persons.json
2026-05-14 19:38:01 [INFO ] [VisaRepository] Loaded 4 visas from /tmp/junit-10661480846705940255/visas.json
2026-05-14 19:38:01 [INFO ] [ShareCodeRepository] Loaded 6 share codes from /tmp/junit-10661480846705940255/share_codes.json
2026-05-14 19:38:01 [INFO ] [OrganisationRepository] Loaded 5 organisations from /tmp/junit-10661480846705940255/organisations.json
2026-05-14 19:38:01 [INFO ] [Javalin] Starting Javalin ...
2026-05-14 19:38:01 [INFO ] [Server] jetty-11.0.24; built: 2024-08-26T18:11:22.448Z; git: 5dfc59a691b748796f922208956bd1f2794bcd16; jvm 25.0.2+10-69
2026-05-14 19:38:01 [INFO ] [DefaultSessionIdManager] Session workerName=node0
2026-05-14 19:38:01 [INFO ] [ContextHandler] Started o.e.j.s.ServletContextHandler@76f856a8{/,null,AVAILABLE}
2026-05-14 19:38:01 [INFO ] [AbstractConnector] Started ServerConnector@299270eb{HTTP/1.1, (http/1.1)}{0.0.0.0:33983}
2026-05-14 19:38:01 [INFO ] [Server] Started Server@69fa8e76{STARTING}[11.0.24,sto=0] @3175ms
2026-05-14 19:38:01 [INFO ] [Javalin] 
       __                  ___           _____
      / /___ __   ______ _/ (_)___      / ___/
 __  / / __ `/ | / / __ `/ / / __ \    / __ \
/ /_/ / /_/ /| |/ / /_/ / / / / / /   / /_/ /
\____/\__,_/ |___/\__,_/_/_/_/ /_/    \____/

       https://javalin.io/documentation

2026-05-14 19:38:01 [INFO ] [Javalin] Javalin started in 6ms \o/
2026-05-14 19:38:01 [INFO ] [Javalin] Listening on http://localhost:33983/
2026-05-14 19:38:01 [INFO ] [Javalin] You are running Javalin 6.4.0 (released December 17, 2024. Your Javalin version is 512 days old. Consider checking for a newer version.).
2026-05-14 19:38:01 [INFO ] [ApiServer] API server started on port 33983
2026-05-14 19:38:01 [INFO ] [Javalin] Stopping Javalin ...
2026-05-14 19:38:01 [INFO ] [Server] Stopped Server@69fa8e76{STOPPING}[11.0.24,sto=0]
2026-05-14 19:38:01 [INFO ] [AbstractConnector] Stopped ServerConnector@299270eb{HTTP/1.1, (http/1.1)}{0.0.0.0:0}
2026-05-14 19:38:01 [INFO ] [ContextHandler] Stopped o.e.j.s.ServletContextHandler@76f856a8{/,null,STOPPED}
2026-05-14 19:38:01 [INFO ] [Javalin] Javalin has stopped
2026-05-14 19:38:01 [INFO ] [Javalin] Starting Javalin ...
2026-05-14 19:38:01 [INFO ] [Server] jetty-11.0.24; built: 2024-08-26T18:11:22.448Z; git: 5dfc59a691b748796f922208956bd1f2794bcd16; jvm 25.0.2+10-69
2026-05-14 19:38:01 [INFO ] [DefaultSessionIdManager] Session workerName=node0
2026-05-14 19:38:01 [INFO ] [ContextHandler] Started o.e.j.s.ServletContextHandler@74aa9c72{/,null,AVAILABLE}
2026-05-14 19:38:01 [INFO ] [AbstractConnector] Started ServerConnector@47b179d7{HTTP/1.1, (http/1.1)}{0.0.0.0:46123}
2026-05-14 19:38:01 [INFO ] [Server] Started Server@162b3d47{STARTING}[11.0.24,sto=0] @3236ms
2026-05-14 19:38:01 [INFO ] [Javalin] 
       __                  ___           _____
      / /___ __   ______ _/ (_)___      / ___/
 __  / / __ `/ | / / __ `/ / / __ \    / __ \
/ /_/ / /_/ /| |/ / /_/ / / / / / /   / /_/ /
\____/\__,_/ |___/\__,_/_/_/_/ /_/    \____/

       https://javalin.io/documentation

2026-05-14 19:38:01 [INFO ] [Javalin] Javalin started in 6ms \o/
2026-05-14 19:38:01 [INFO ] [Javalin] Listening on http://localhost:46123/
2026-05-14 19:38:01 [INFO ] [Javalin] You are running Javalin 6.4.0 (released December 17, 2024. Your Javalin version is 512 days old. Consider checking for a newer version.).
2026-05-14 19:38:01 [INFO ] [Javalin] Stopping Javalin ...
2026-05-14 19:38:01 [INFO ] [Server] Stopped Server@162b3d47{STOPPING}[11.0.24,sto=0]
2026-05-14 19:38:01 [INFO ] [AbstractConnector] Stopped ServerConnector@47b179d7{HTTP/1.1, (http/1.1)}{0.0.0.0:0}
2026-05-14 19:38:01 [INFO ] [ContextHandler] Stopped o.e.j.s.ServletContextHandler@74aa9c72{/,null,STOPPED}
2026-05-14 19:38:01 [INFO ] [Javalin] Javalin has stopped
2026-05-14 19:38:01 [INFO ] [Javalin] Starting Javalin ...
2026-05-14 19:38:01 [INFO ] [Server] jetty-11.0.24; built: 2024-08-26T18:11:22.448Z; git: 5dfc59a691b748796f922208956bd1f2794bcd16; jvm 25.0.2+10-69
2026-05-14 19:38:01 [INFO ] [DefaultSessionIdManager] Session workerName=node0
2026-05-14 19:38:01 [INFO ] [ContextHandler] Started o.e.j.s.ServletContextHandler@670ce331{/,null,AVAILABLE}
2026-05-14 19:38:01 [INFO ] [AbstractConnector] Started ServerConnector@1aac188d{HTTP/1.1, (http/1.1)}{0.0.0.0:36217}
2026-05-14 19:38:01 [INFO ] [Server] Started Server@2d23faef{STARTING}[11.0.24,sto=0] @3277ms
2026-05-14 19:38:01 [INFO ] [Javalin] 
       __                  ___           _____
      / /___ __   ______ _/ (_)___      / ___/
 __  / / __ `/ | / / __ `/ / / __ \    / __ \
/ /_/ / /_/ /| |/ / /_/ / / / / / /   / /_/ /
\____/\__,_/ |___/\__,_/_/_/_/ /_/    \____/

       https://javalin.io/documentation

2026-05-14 19:38:01 [INFO ] [Javalin] Javalin started in 10ms \o/
2026-05-14 19:38:01 [INFO ] [Javalin] Listening on http://localhost:36217/
2026-05-14 19:38:01 [INFO ] [Javalin] You are running Javalin 6.4.0 (released December 17, 2024. Your Javalin version is 512 days old. Consider checking for a newer version.).
2026-05-14 19:38:01 [INFO ] [Javalin] Stopping Javalin ...
2026-05-14 19:38:01 [INFO ] [Server] Stopped Server@2d23faef{STOPPING}[11.0.24,sto=0]
2026-05-14 19:38:01 [INFO ] [AbstractConnector] Stopped ServerConnector@1aac188d{HTTP/1.1, (http/1.1)}{0.0.0.0:0}
2026-05-14 19:38:01 [INFO ] [ContextHandler] Stopped o.e.j.s.ServletContextHandler@670ce331{/,null,STOPPED}
2026-05-14 19:38:01 [INFO ] [Javalin] Javalin has stopped
2026-05-14 19:38:01 [INFO ] [PersonRepository] Loaded 5 persons from /tmp/junit-14644674690628332246/persons.json
2026-05-14 19:38:01 [INFO ] [VisaRepository] Loaded 4 visas from /tmp/junit-14644674690628332246/visas.json
2026-05-14 19:38:01 [INFO ] [ShareCodeRepository] Loaded 6 share codes from /tmp/junit-14644674690628332246/share_codes.json
2026-05-14 19:38:01 [INFO ] [OrganisationRepository] Loaded 5 organisations from /tmp/junit-14644674690628332246/organisations.json
2026-05-14 19:38:01 [INFO ] [Javalin] Starting Javalin ...
2026-05-14 19:38:01 [INFO ] [Server] jetty-11.0.24; built: 2024-08-26T18:11:22.448Z; git: 5dfc59a691b748796f922208956bd1f2794bcd16; jvm 25.0.2+10-69
2026-05-14 19:38:01 [INFO ] [DefaultSessionIdManager] Session workerName=node0
2026-05-14 19:38:01 [INFO ] [ContextHandler] Started o.e.j.s.ServletContextHandler@4da9f723{/,null,AVAILABLE}
2026-05-14 19:38:01 [INFO ] [AbstractConnector] Started ServerConnector@7afbf561{HTTP/1.1, (http/1.1)}{0.0.0.0:34127}
2026-05-14 19:38:01 [INFO ] [Server] Started Server@49c8f6e8{STARTING}[11.0.24,sto=0] @3319ms
2026-05-14 19:38:01 [INFO ] [Javalin] 
       __                  ___           _____
      / /___ __   ______ _/ (_)___      / ___/
 __  / / __ `/ | / / __ `/ / / __ \    / __ \
/ /_/ / /_/ /| |/ / /_/ / / / / / /   / /_/ /
\____/\__,_/ |___/\__,_/_/_/_/ /_/    \____/

       https://javalin.io/documentation

2026-05-14 19:38:01 [INFO ] [Javalin] Javalin started in 9ms \o/
2026-05-14 19:38:01 [INFO ] [Javalin] Listening on http://localhost:34127/
2026-05-14 19:38:01 [INFO ] [Javalin] You are running Javalin 6.4.0 (released December 17, 2024. Your Javalin version is 512 days old. Consider checking for a newer version.).
2026-05-14 19:38:01 [INFO ] [ApiServer] API server started on port 34127
2026-05-14 19:38:01 [WARN ] [VerificationService] Confirmation refused by org=ORG001
2026-05-14 19:38:01 [INFO ] [VerificationService] Share code verification requested by org=ORG001
2026-05-14 19:38:01 [INFO ] [VerificationService] Share code verification outcome=Right to work: true, expires: 2027-06-30 org=ORG001
2026-05-14 19:38:01 [INFO ] [VerificationService] Share code verification requested by org=ORG001
2026-05-14 19:38:01 [WARN ] [VerificationService] Rejected SHARE_CODE_VERIFICATION reason=Purpose 'ACCOMMODATION' is not permitted for role 'EMPLOYER' org=ORG001
2026-05-14 19:38:01 [WARN ] [VerificationService] Confirmation refused by org=ORG001
2026-05-14 19:38:01 [INFO ] [VerificationService] Share code verification requested by org=ORG001
2026-05-14 19:38:01 [INFO ] [VerificationService] Share code verification outcome=Right to work: true, expires: 2027-06-30 org=ORG001
2026-05-14 19:38:01 [INFO ] [VerificationService] Share code verification requested by org=ORG001
2026-05-14 19:38:01 [WARN ] [VerificationService] Rejected SHARE_CODE_VERIFICATION reason=Visa record not found org=ORG001
2026-05-14 19:38:01 [INFO ] [VerificationService] Share code verification requested by org=ORG001
2026-05-14 19:38:01 [WARN ] [VerificationService] Rejected SHARE_CODE_VERIFICATION reason=Date of birth does not match org=ORG001
2026-05-14 19:38:01 [INFO ] [VerificationService] Share code verification requested by org=ORG001
2026-05-14 19:38:01 [INFO ] [VerificationService] Share code verification outcome=Right to work: true, expires: 2027-06-30 org=ORG001
2026-05-14 19:38:01 [INFO ] [VerificationService] Share code verification requested by org=ORG001
2026-05-14 19:38:01 [INFO ] [VerificationService] Share code verification outcome=Right to work: true, expires: 2027-06-30 org=ORG001
2026-05-14 19:38:01 [INFO ] [VerificationService] Share code verification requested by org=ORG003
2026-05-14 19:38:01 [INFO ] [VerificationService] Share code verification outcome=Right to rent: true org=ORG003
2026-05-14 19:38:01 [INFO ] [VerificationService] Share code verification requested by org=ORG004
2026-05-14 19:38:01 [INFO ] [VerificationService] Share code verification outcome=Right to work: true, expires: 2027-06-30 org=ORG004
2026-05-14 19:38:01 [INFO ] [VerificationService] Share code verification requested by org=ORG001
2026-05-14 19:38:01 [INFO ] [VerificationService] Share code verification outcome=Right to work: true, expires: 2027-06-30 org=ORG001
2026-05-14 19:38:01 [WARN ] [VerificationService] Confirmation refused by org=ORG001
2026-05-14 19:38:01 [INFO ] [VerificationService] Share code verification requested by org=ORG001
2026-05-14 19:38:01 [INFO ] [VerificationService] Share code verification outcome=Right to work: false, expires: 2026-10-25 org=ORG001
2026-05-14 19:38:01 [INFO ] [VerificationService] Share code verification requested by org=ORG001
2026-05-14 19:38:01 [WARN ] [VerificationService] Rejected SHARE_CODE_VERIFICATION reason=Share code has expired org=ORG001
2026-05-14 19:38:01 [WARN ] [VerificationService] Confirmation refused by org=ORG001
2026-05-14 19:38:01 [INFO ] [Javalin] Stopping Javalin ...
2026-05-14 19:38:01 [INFO ] [Server] Stopped Server@49c8f6e8{STOPPING}[11.0.24,sto=0]
2026-05-14 19:38:01 [INFO ] [AbstractConnector] Stopped ServerConnector@7afbf561{HTTP/1.1, (http/1.1)}{0.0.0.0:0}
2026-05-14 19:38:01 [INFO ] [ContextHandler] Stopped o.e.j.s.ServletContextHandler@4da9f723{/,null,STOPPED}
2026-05-14 19:38:01 [INFO ] [Javalin] Javalin has stopped
2026-05-14 19:38:01 [INFO ] [PersonRepository] Loaded 5 persons from /tmp/junit-11351002021924263258/persons.json
2026-05-14 19:38:01 [INFO ] [VisaRepository] Loaded 4 visas from /tmp/junit-11351002021924263258/visas.json
2026-05-14 19:38:01 [INFO ] [ShareCodeRepository] Loaded 6 share codes from /tmp/junit-11351002021924263258/share_codes.json
2026-05-14 19:38:01 [INFO ] [OrganisationRepository] Loaded 5 organisations from /tmp/junit-11351002021924263258/organisations.json
2026-05-14 19:38:01 [INFO ] [Javalin] Starting Javalin ...
2026-05-14 19:38:01 [INFO ] [Server] jetty-11.0.24; built: 2024-08-26T18:11:22.448Z; git: 5dfc59a691b748796f922208956bd1f2794bcd16; jvm 25.0.2+10-69
2026-05-14 19:38:01 [INFO ] [DefaultSessionIdManager] Session workerName=node0
2026-05-14 19:38:01 [INFO ] [ContextHandler] Started o.e.j.s.ServletContextHandler@7d5508e0{/,null,AVAILABLE}
2026-05-14 19:38:01 [INFO ] [AbstractConnector] Started ServerConnector@7ea899a9{HTTP/1.1, (http/1.1)}{0.0.0.0:41757}
2026-05-14 19:38:01 [INFO ] [Server] Started Server@b174a73{STARTING}[11.0.24,sto=0] @3444ms
2026-05-14 19:38:01 [INFO ] [Javalin] 
       __                  ___           _____
      / /___ __   ______ _/ (_)___      / ___/
 __  / / __ `/ | / / __ `/ / / __ \    / __ \
/ /_/ / /_/ /| |/ / /_/ / / / / / /   / /_/ /
\____/\__,_/ |___/\__,_/_/_/_/ /_/    \____/

       https://javalin.io/documentation

2026-05-14 19:38:01 [INFO ] [Javalin] Javalin started in 5ms \o/
2026-05-14 19:38:01 [INFO ] [Javalin] Listening on http://localhost:41757/
2026-05-14 19:38:01 [INFO ] [Javalin] You are running Javalin 6.4.0 (released December 17, 2024. Your Javalin version is 512 days old. Consider checking for a newer version.).
2026-05-14 19:38:01 [INFO ] [ApiServer] API server started on port 41757
2026-05-14 19:38:01 [INFO ] [ShareCodeRepository] Persisted new share code for person P001
2026-05-14 19:38:01 [INFO ] [ShareCodeService] Generated share code for person=P001**** purpose=EMPLOYMENT
2026-05-14 19:38:01 [INFO ] [ShareCodeRepository] Persisted new share code for person P001
2026-05-14 19:38:01 [INFO ] [ShareCodeService] Generated share code for person=P001**** purpose=EMPLOYMENT
2026-05-14 19:38:01 [INFO ] [ShareCodeRepository] Persisted new share code for person P001
2026-05-14 19:38:01 [INFO ] [ShareCodeService] Generated share code for person=P001**** purpose=EMPLOYMENT
2026-05-14 19:38:01 [INFO ] [ShareCodeRepository] Persisted new share code for person P001
2026-05-14 19:38:01 [INFO ] [ShareCodeService] Generated share code for person=P001**** purpose=EMPLOYMENT
2026-05-14 19:38:01 [INFO ] [ShareCodeRepository] Persisted new share code for person P001
2026-05-14 19:38:01 [INFO ] [ShareCodeService] Generated share code for person=P001**** purpose=EMPLOYMENT
2026-05-14 19:38:01 [INFO ] [ShareCodeRepository] Persisted new share code for person P001
2026-05-14 19:38:01 [INFO ] [ShareCodeService] Generated share code for person=P001**** purpose=EMPLOYMENT
2026-05-14 19:38:01 [INFO ] [ShareCodeRepository] Persisted new share code for person P001
2026-05-14 19:38:01 [INFO ] [ShareCodeService] Generated share code for person=P001**** purpose=EMPLOYMENT
2026-05-14 19:38:01 [INFO ] [Javalin] Stopping Javalin ...
2026-05-14 19:38:01 [INFO ] [Server] Stopped Server@b174a73{STOPPING}[11.0.24,sto=0]
2026-05-14 19:38:01 [INFO ] [AbstractConnector] Stopped ServerConnector@7ea899a9{HTTP/1.1, (http/1.1)}{0.0.0.0:0}
2026-05-14 19:38:01 [INFO ] [ContextHandler] Stopped o.e.j.s.ServletContextHandler@7d5508e0{/,null,STOPPED}
2026-05-14 19:38:01 [INFO ] [Javalin] Javalin has stopped
2026-05-14 19:38:01 [INFO ] [PersonRepository] Loaded 5 persons from /tmp/junit-3939499366207492959/persons.json
2026-05-14 19:38:01 [INFO ] [VisaRepository] Loaded 4 visas from /tmp/junit-3939499366207492959/visas.json
2026-05-14 19:38:01 [INFO ] [ShareCodeRepository] Loaded 6 share codes from /tmp/junit-3939499366207492959/share_codes.json
2026-05-14 19:38:01 [INFO ] [OrganisationRepository] Loaded 5 organisations from /tmp/junit-3939499366207492959/organisations.json
2026-05-14 19:38:01 [INFO ] [Javalin] Starting Javalin ...
2026-05-14 19:38:01 [INFO ] [Server] jetty-11.0.24; built: 2024-08-26T18:11:22.448Z; git: 5dfc59a691b748796f922208956bd1f2794bcd16; jvm 25.0.2+10-69
2026-05-14 19:38:01 [INFO ] [DefaultSessionIdManager] Session workerName=node0
2026-05-14 19:38:01 [INFO ] [ContextHandler] Started o.e.j.s.ServletContextHandler@2a03d65c{/,null,AVAILABLE}
2026-05-14 19:38:01 [INFO ] [AbstractConnector] Started ServerConnector@28e19366{HTTP/1.1, (http/1.1)}{0.0.0.0:38873}
2026-05-14 19:38:01 [INFO ] [Server] Started Server@10ef5fa0{STARTING}[11.0.24,sto=0] @3531ms
2026-05-14 19:38:01 [INFO ] [Javalin] 
       __                  ___           _____
      / /___ __   ______ _/ (_)___      / ___/
 __  / / __ `/ | / / __ `/ / / __ \    / __ \
/ /_/ / /_/ /| |/ / /_/ / / / / / /   / /_/ /
\____/\__,_/ |___/\__,_/_/_/_/ /_/    \____/

       https://javalin.io/documentation

2026-05-14 19:38:01 [INFO ] [Javalin] Javalin started in 8ms \o/
2026-05-14 19:38:01 [INFO ] [Javalin] Listening on http://localhost:38873/
2026-05-14 19:38:01 [INFO ] [Javalin] You are running Javalin 6.4.0 (released December 17, 2024. Your Javalin version is 512 days old. Consider checking for a newer version.).
2026-05-14 19:38:01 [INFO ] [ApiServer] API server started on port 38873
2026-05-14 19:38:01 [WARN ] [VerificationService] Confirmation refused by org=ORG005
2026-05-14 19:38:01 [WARN ] [VerificationService] Confirmation refused by org=ORG001
2026-05-14 19:38:01 [INFO ] [Javalin] Stopping Javalin ...
2026-05-14 19:38:01 [INFO ] [Server] Stopped Server@10ef5fa0{STOPPING}[11.0.24,sto=0]
2026-05-14 19:38:01 [INFO ] [AbstractConnector] Stopped ServerConnector@28e19366{HTTP/1.1, (http/1.1)}{0.0.0.0:0}
2026-05-14 19:38:01 [INFO ] [ContextHandler] Stopped o.e.j.s.ServletContextHandler@2a03d65c{/,null,STOPPED}
2026-05-14 19:38:01 [INFO ] [Javalin] Javalin has stopped
2026-05-14 19:38:01 [INFO ] [PersonRepository] Loaded 5 persons from /tmp/junit-901796290159362007/persons.json
2026-05-14 19:38:01 [INFO ] [VisaRepository] Loaded 4 visas from /tmp/junit-901796290159362007/visas.json
2026-05-14 19:38:01 [INFO ] [ShareCodeRepository] Loaded 6 share codes from /tmp/junit-901796290159362007/share_codes.json
2026-05-14 19:38:01 [INFO ] [OrganisationRepository] Loaded 5 organisations from /tmp/junit-901796290159362007/organisations.json
2026-05-14 19:38:01 [INFO ] [Javalin] Starting Javalin ...
2026-05-14 19:38:01 [INFO ] [Server] jetty-11.0.24; built: 2024-08-26T18:11:22.448Z; git: 5dfc59a691b748796f922208956bd1f2794bcd16; jvm 25.0.2+10-69
2026-05-14 19:38:01 [INFO ] [DefaultSessionIdManager] Session workerName=node0
2026-05-14 19:38:01 [INFO ] [ContextHandler] Started o.e.j.s.ServletContextHandler@38a1a26{/,null,AVAILABLE}
2026-05-14 19:38:01 [INFO ] [AbstractConnector] Started ServerConnector@4afd21c6{HTTP/1.1, (http/1.1)}{0.0.0.0:39743}
2026-05-14 19:38:01 [INFO ] [Server] Started Server@1416a80a{STARTING}[11.0.24,sto=0] @3582ms
2026-05-14 19:38:01 [INFO ] [Javalin] 
       __                  ___           _____
      / /___ __   ______ _/ (_)___      / ___/
 __  / / __ `/ | / / __ `/ / / __ \    / __ \
/ /_/ / /_/ /| |/ / /_/ / / / / / /   / /_/ /
\____/\__,_/ |___/\__,_/_/_/_/ /_/    \____/

       https://javalin.io/documentation

2026-05-14 19:38:01 [INFO ] [Javalin] Javalin started in 5ms \o/
2026-05-14 19:38:01 [INFO ] [Javalin] Listening on http://localhost:39743/
2026-05-14 19:38:01 [INFO ] [Javalin] You are running Javalin 6.4.0 (released December 17, 2024. Your Javalin version is 512 days old. Consider checking for a newer version.).
2026-05-14 19:38:01 [INFO ] [ApiServer] API server started on port 39743
2026-05-14 19:38:01 [INFO ] [ShareCodeRepository] Persisted new share code for person P001
2026-05-14 19:38:01 [INFO ] [ShareCodeService] Generated share code for person=P001**** purpose=EMPLOYMENT
2026-05-14 19:38:02 [INFO ] [VerificationService] Share code verification requested by org=ORG001
2026-05-14 19:38:02 [INFO ] [VerificationService] Share code verification outcome=Right to work: true, expires: 2027-06-30 org=ORG001
2026-05-14 19:38:02 [INFO ] [VerificationService] Share code verification requested by org=ORG001
2026-05-14 19:38:02 [INFO ] [VerificationService] Share code verification outcome=Right to work: true, expires: 2027-06-30 org=ORG001
2026-05-14 19:38:02 [INFO ] [Javalin] Stopping Javalin ...
2026-05-14 19:38:02 [INFO ] [Server] Stopped Server@1416a80a{STOPPING}[11.0.24,sto=0]
2026-05-14 19:38:02 [INFO ] [AbstractConnector] Stopped ServerConnector@4afd21c6{HTTP/1.1, (http/1.1)}{0.0.0.0:0}
2026-05-14 19:38:02 [INFO ] [ContextHandler] Stopped o.e.j.s.ServletContextHandler@38a1a26{/,null,STOPPED}
2026-05-14 19:38:02 [INFO ] [Javalin] Javalin has stopped
2026-05-14 19:38:02 [INFO ] [PersonRepository] Loaded 5 persons from /tmp/junit-14798039405367062732/persons.json
2026-05-14 19:38:02 [INFO ] [VisaRepository] Loaded 4 visas from /tmp/junit-14798039405367062732/visas.json
2026-05-14 19:38:02 [INFO ] [ShareCodeRepository] Loaded 6 share codes from /tmp/junit-14798039405367062732/share_codes.json
2026-05-14 19:38:02 [INFO ] [OrganisationRepository] Loaded 5 organisations from /tmp/junit-14798039405367062732/organisations.json
2026-05-14 19:38:02 [INFO ] [Javalin] Starting Javalin ...
2026-05-14 19:38:02 [INFO ] [Server] jetty-11.0.24; built: 2024-08-26T18:11:22.448Z; git: 5dfc59a691b748796f922208956bd1f2794bcd16; jvm 25.0.2+10-69
2026-05-14 19:38:02 [INFO ] [DefaultSessionIdManager] Session workerName=node0
2026-05-14 19:38:02 [INFO ] [ContextHandler] Started o.e.j.s.ServletContextHandler@151ef57f{/,null,AVAILABLE}
2026-05-14 19:38:02 [INFO ] [AbstractConnector] Started ServerConnector@763cf5b9{HTTP/1.1, (http/1.1)}{0.0.0.0:40691}
2026-05-14 19:38:02 [INFO ] [Server] Started Server@7a34f66a{STARTING}[11.0.24,sto=0] @3666ms
2026-05-14 19:38:02 [INFO ] [Javalin] 
       __                  ___           _____
      / /___ __   ______ _/ (_)___      / ___/
 __  / / __ `/ | / / __ `/ / / __ \    / __ \
/ /_/ / /_/ /| |/ / /_/ / / / / / /   / /_/ /
\____/\__,_/ |___/\__,_/_/_/_/ /_/    \____/

       https://javalin.io/documentation

2026-05-14 19:38:02 [INFO ] [Javalin] Javalin started in 6ms \o/
2026-05-14 19:38:02 [INFO ] [Javalin] Listening on http://localhost:40691/
2026-05-14 19:38:02 [INFO ] [Javalin] You are running Javalin 6.4.0 (released December 17, 2024. Your Javalin version is 512 days old. Consider checking for a newer version.).
2026-05-14 19:38:02 [INFO ] [ApiServer] API server started on port 40691
2026-05-14 19:38:02 [INFO ] [ShareCodeRepository] Persisted new share code for person P004
2026-05-14 19:38:02 [INFO ] [ShareCodeService] Generated share code for person=P004**** purpose=ACCOMMODATION
2026-05-14 19:38:02 [INFO ] [ShareCodeRepository] Persisted new share code for person P001
2026-05-14 19:38:02 [INFO ] [ShareCodeService] Generated share code for person=P001**** purpose=EMPLOYMENT
2026-05-14 19:38:02 [INFO ] [VerificationService] Share code verification requested by org=ORG001
2026-05-14 19:38:02 [INFO ] [VerificationService] Share code verification outcome=Right to work: true, expires: 2027-06-30 org=ORG001
2026-05-14 19:38:02 [INFO ] [VerificationService] Share code verification requested by org=ORG001
2026-05-14 19:38:02 [INFO ] [VerificationService] Share code verification outcome=Right to work: true, expires: 2027-06-30 org=ORG001
2026-05-14 19:38:02 [INFO ] [ShareCodeRepository] Persisted new share code for person P001
2026-05-14 19:38:02 [INFO ] [ShareCodeService] Generated share code for person=P001**** purpose=EMPLOYMENT
2026-05-14 19:38:02 [INFO ] [VerificationService] Share code verification requested by org=ORG001
2026-05-14 19:38:02 [INFO ] [VerificationService] Share code verification outcome=Right to work: true, expires: 2027-06-30 org=ORG001
2026-05-14 19:38:02 [INFO ] [VerificationService] Share code verification requested by org=ORG001
2026-05-14 19:38:02 [INFO ] [VerificationService] Share code verification outcome=Right to work: true, expires: 2027-06-30 org=ORG001
2026-05-14 19:38:02 [INFO ] [ShareCodeRepository] Persisted new share code for person P004
2026-05-14 19:38:02 [INFO ] [ShareCodeService] Generated share code for person=P004**** purpose=ACCOMMODATION
2026-05-14 19:38:02 [INFO ] [VerificationService] Share code verification requested by org=ORG003
2026-05-14 19:38:02 [INFO ] [VerificationService] Share code verification outcome=Right to rent: true org=ORG003
2026-05-14 19:38:02 [INFO ] [VerificationService] Share code verification requested by org=ORG003
2026-05-14 19:38:02 [INFO ] [VerificationService] Share code verification outcome=Right to rent: true org=ORG003
2026-05-14 19:38:02 [INFO ] [Javalin] Stopping Javalin ...
2026-05-14 19:38:02 [INFO ] [Server] Stopped Server@7a34f66a{STOPPING}[11.0.24,sto=0]
2026-05-14 19:38:02 [INFO ] [AbstractConnector] Stopped ServerConnector@763cf5b9{HTTP/1.1, (http/1.1)}{0.0.0.0:0}
2026-05-14 19:38:02 [INFO ] [ContextHandler] Stopped o.e.j.s.ServletContextHandler@151ef57f{/,null,STOPPED}
2026-05-14 19:38:02 [INFO ] [Javalin] Javalin has stopped
2026-05-14 19:38:02 [INFO ] [PersonRepository] Loaded 5 persons from /tmp/junit-6177468175334770898/persons.json
2026-05-14 19:38:02 [INFO ] [VisaRepository] Loaded 4 visas from /tmp/junit-6177468175334770898/visas.json
2026-05-14 19:38:02 [INFO ] [ShareCodeRepository] Loaded 6 share codes from /tmp/junit-6177468175334770898/share_codes.json
2026-05-14 19:38:02 [INFO ] [OrganisationRepository] Loaded 5 organisations from /tmp/junit-6177468175334770898/organisations.json
2026-05-14 19:38:02 [INFO ] [Javalin] Starting Javalin ...
2026-05-14 19:38:02 [INFO ] [Server] jetty-11.0.24; built: 2024-08-26T18:11:22.448Z; git: 5dfc59a691b748796f922208956bd1f2794bcd16; jvm 25.0.2+10-69
2026-05-14 19:38:02 [INFO ] [DefaultSessionIdManager] Session workerName=node0
2026-05-14 19:38:02 [INFO ] [ContextHandler] Started o.e.j.s.ServletContextHandler@6d7cada5{/,null,AVAILABLE}
2026-05-14 19:38:02 [INFO ] [AbstractConnector] Started ServerConnector@3abfe845{HTTP/1.1, (http/1.1)}{0.0.0.0:40231}
2026-05-14 19:38:02 [INFO ] [Server] Started Server@3672276e{STARTING}[11.0.24,sto=0] @3778ms
2026-05-14 19:38:02 [INFO ] [Javalin] 
       __                  ___           _____
      / /___ __   ______ _/ (_)___      / ___/
 __  / / __ `/ | / / __ `/ / / __ \    / __ \
/ /_/ / /_/ /| |/ / /_/ / / / / / /   / /_/ /
\____/\__,_/ |___/\__,_/_/_/_/ /_/    \____/

       https://javalin.io/documentation

2026-05-14 19:38:02 [INFO ] [Javalin] Javalin started in 5ms \o/
2026-05-14 19:38:02 [INFO ] [Javalin] Listening on http://localhost:40231/
2026-05-14 19:38:02 [INFO ] [Javalin] You are running Javalin 6.4.0 (released December 17, 2024. Your Javalin version is 512 days old. Consider checking for a newer version.).
2026-05-14 19:38:02 [INFO ] [ApiServer] API server started on port 40231
2026-05-14 19:38:02 [INFO ] [ShareCodeRepository] Persisted new share code for person P004
2026-05-14 19:38:02 [INFO ] [ShareCodeService] Generated share code for person=P004**** purpose=ACCOMMODATION
2026-05-14 19:38:02 [INFO ] [ShareCodeRepository] Persisted new share code for person P001
2026-05-14 19:38:02 [INFO ] [ShareCodeService] Generated share code for person=P001**** purpose=EMPLOYMENT
2026-05-14 19:38:02 [INFO ] [ShareCodeRepository] Persisted new share code for person P001
2026-05-14 19:38:02 [INFO ] [ShareCodeService] Generated share code for person=P001**** purpose=EDUCATION
2026-05-14 19:38:02 [INFO ] [Javalin] Stopping Javalin ...
2026-05-14 19:38:02 [INFO ] [Server] Stopped Server@3672276e{STOPPING}[11.0.24,sto=0]
2026-05-14 19:38:02 [INFO ] [AbstractConnector] Stopped ServerConnector@3abfe845{HTTP/1.1, (http/1.1)}{0.0.0.0:0}
2026-05-14 19:38:02 [INFO ] [ContextHandler] Stopped o.e.j.s.ServletContextHandler@6d7cada5{/,null,STOPPED}
2026-05-14 19:38:02 [INFO ] [Javalin] Javalin has stopped
2026-05-14 19:38:02 [INFO ] [PersonRepository] Loaded 5 persons from /tmp/junit-8433878407286956990/persons.json
2026-05-14 19:38:02 [INFO ] [VisaRepository] Loaded 4 visas from /tmp/junit-8433878407286956990/visas.json
2026-05-14 19:38:02 [INFO ] [ShareCodeRepository] Loaded 6 share codes from /tmp/junit-8433878407286956990/share_codes.json
2026-05-14 19:38:02 [INFO ] [OrganisationRepository] Loaded 5 organisations from /tmp/junit-8433878407286956990/organisations.json
2026-05-14 19:38:02 [INFO ] [Javalin] Starting Javalin ...
2026-05-14 19:38:02 [INFO ] [Server] jetty-11.0.24; built: 2024-08-26T18:11:22.448Z; git: 5dfc59a691b748796f922208956bd1f2794bcd16; jvm 25.0.2+10-69
2026-05-14 19:38:02 [INFO ] [DefaultSessionIdManager] Session workerName=node0
2026-05-14 19:38:02 [INFO ] [ContextHandler] Started o.e.j.s.ServletContextHandler@37b57b54{/,null,AVAILABLE}
2026-05-14 19:38:02 [INFO ] [AbstractConnector] Started ServerConnector@36fc05ff{HTTP/1.1, (http/1.1)}{0.0.0.0:45235}
2026-05-14 19:38:02 [INFO ] [Server] Started Server@642505c7{STARTING}[11.0.24,sto=0] @3844ms
2026-05-14 19:38:02 [INFO ] [Javalin] 
       __                  ___           _____
      / /___ __   ______ _/ (_)___      / ___/
 __  / / __ `/ | / / __ `/ / / __ \    / __ \
/ /_/ / /_/ /| |/ / /_/ / / / / / /   / /_/ /
\____/\__,_/ |___/\__,_/_/_/_/ /_/    \____/

       https://javalin.io/documentation

2026-05-14 19:38:02 [INFO ] [Javalin] Javalin started in 8ms \o/
2026-05-14 19:38:02 [INFO ] [Javalin] Listening on http://localhost:45235/
2026-05-14 19:38:02 [INFO ] [Javalin] You are running Javalin 6.4.0 (released December 17, 2024. Your Javalin version is 512 days old. Consider checking for a newer version.).
2026-05-14 19:38:02 [INFO ] [ApiServer] API server started on port 45235
2026-05-14 19:38:02 [INFO ] [Javalin] Stopping Javalin ...
2026-05-14 19:38:02 [INFO ] [Server] Stopped Server@642505c7{STOPPING}[11.0.24,sto=0]
2026-05-14 19:38:02 [INFO ] [AbstractConnector] Stopped ServerConnector@36fc05ff{HTTP/1.1, (http/1.1)}{0.0.0.0:0}
2026-05-14 19:38:02 [INFO ] [ContextHandler] Stopped o.e.j.s.ServletContextHandler@37b57b54{/,null,STOPPED}
2026-05-14 19:38:02 [INFO ] [Javalin] Javalin has stopped
2026-05-14 19:38:02 [INFO ] [PersonRepository] Loaded 5 persons from /tmp/junit-2270704061535709634/persons.json
2026-05-14 19:38:02 [INFO ] [VisaRepository] Loaded 4 visas from /tmp/junit-2270704061535709634/visas.json
2026-05-14 19:38:02 [INFO ] [ShareCodeRepository] Loaded 6 share codes from /tmp/junit-2270704061535709634/share_codes.json
2026-05-14 19:38:02 [INFO ] [OrganisationRepository] Loaded 5 organisations from /tmp/junit-2270704061535709634/organisations.json
2026-05-14 19:38:02 [INFO ] [Javalin] Starting Javalin ...
2026-05-14 19:38:02 [INFO ] [Server] jetty-11.0.24; built: 2024-08-26T18:11:22.448Z; git: 5dfc59a691b748796f922208956bd1f2794bcd16; jvm 25.0.2+10-69
2026-05-14 19:38:02 [INFO ] [DefaultSessionIdManager] Session workerName=node0
2026-05-14 19:38:02 [INFO ] [ContextHandler] Started o.e.j.s.ServletContextHandler@3f9f71ff{/,null,AVAILABLE}
2026-05-14 19:38:02 [INFO ] [AbstractConnector] Started ServerConnector@40712ee9{HTTP/1.1, (http/1.1)}{0.0.0.0:36991}
2026-05-14 19:38:02 [INFO ] [Server] Started Server@39fa8ad2{STARTING}[11.0.24,sto=0] @3889ms
2026-05-14 19:38:02 [INFO ] [Javalin] 
       __                  ___           _____
      / /___ __   ______ _/ (_)___      / ___/
 __  / / __ `/ | / / __ `/ / / __ \    / __ \
/ /_/ / /_/ /| |/ / /_/ / / / / / /   / /_/ /
\____/\__,_/ |___/\__,_/_/_/_/ /_/    \____/

       https://javalin.io/documentation

2026-05-14 19:38:02 [INFO ] [Javalin] Javalin started in 11ms \o/
2026-05-14 19:38:02 [INFO ] [Javalin] Listening on http://localhost:36991/
2026-05-14 19:38:02 [INFO ] [Javalin] You are running Javalin 6.4.0 (released December 17, 2024. Your Javalin version is 512 days old. Consider checking for a newer version.).
2026-05-14 19:38:02 [INFO ] [ApiServer] API server started on port 36991
2026-05-14 19:38:02 [INFO ] [VerificationService] Document verification requested by org=ORG005 docType=PERMIT
2026-05-14 19:38:02 [INFO ] [VerificationService] Document verification outcome=Entry permitted: true, conditions: [] org=ORG005
2026-05-14 19:38:02 [INFO ] [VerificationService] Share code verification requested by org=ORG001
2026-05-14 19:38:02 [INFO ] [VerificationService] Share code verification outcome=Right to work: true, expires: 2027-06-30 org=ORG001
2026-05-14 19:38:02 [INFO ] [VerificationService] Share code verification requested by org=ORG001
2026-05-14 19:38:02 [WARN ] [VerificationService] Rejected SHARE_CODE_VERIFICATION reason=Visa record not found org=ORG001
2026-05-14 19:38:02 [INFO ] [VerificationService] Share code verification requested by org=ORG004
2026-05-14 19:38:02 [INFO ] [VerificationService] Share code verification outcome=Right to work: true, expires: 2027-06-30 org=ORG004
2026-05-14 19:38:02 [INFO ] [VerificationService] Document verification requested by org=ORG005 docType=PASSPORT
2026-05-14 19:38:02 [INFO ] [VerificationService] Document verification outcome=Entry permitted: true, conditions: [] org=ORG005
2026-05-14 19:38:02 [INFO ] [VerificationService] Share code verification requested by org=ORG001
2026-05-14 19:38:02 [WARN ] [VerificationService] Rejected SHARE_CODE_VERIFICATION reason=Share code has expired org=ORG001
2026-05-14 19:38:02 [INFO ] [VerificationService] Share code verification requested by org=ORG001
2026-05-14 19:38:02 [INFO ] [VerificationService] Share code verification outcome=Right to work: true, expires: 2027-06-30 org=ORG001
2026-05-14 19:38:02 [INFO ] [VerificationService] Document verification requested by org=ORG006 docType=PERMIT
2026-05-14 19:38:02 [INFO ] [VerificationService] Document verification outcome=Visa type: SKILLED_WORKER, valid: true, expires: 2028-06-30 org=ORG006
2026-05-14 19:38:02 [INFO ] [VerificationService] Share code verification requested by org=ORG001
2026-05-14 19:38:02 [WARN ] [VerificationService] Rejected SHARE_CODE_VERIFICATION reason=Purpose 'ACCOMMODATION' is not permitted for role 'EMPLOYER' org=ORG001
2026-05-14 19:38:02 [INFO ] [VerificationService] Share code verification requested by org=ORG001
2026-05-14 19:38:02 [WARN ] [VerificationService] Rejected SHARE_CODE_VERIFICATION reason=Share code not found org=ORG001
2026-05-14 19:38:02 [INFO ] [VerificationService] Share code verification requested by org=ORG001
2026-05-14 19:38:02 [WARN ] [VerificationService] Rejected SHARE_CODE_VERIFICATION reason=Share code must be 9 uppercase alphanumeric characters org=ORG001
2026-05-14 19:38:02 [INFO ] [VerificationService] Share code verification requested by org=ORG005
2026-05-14 19:38:02 [WARN ] [VerificationService] Rejected SHARE_CODE_VERIFICATION reason=Organisation role 'BORDER_CONTROL' is not authorised for the share code route org=ORG005
2026-05-14 19:38:02 [WARN ] [VerificationService] Confirmation refused by org=ORG001
2026-05-14 19:38:02 [INFO ] [VerificationService] Document verification requested by org=ORG005 docType=PASSPORT
2026-05-14 19:38:02 [WARN ] [VerificationService] Rejected DOCUMENT_VERIFICATION reason=Person not found for document org=ORG005
2026-05-14 19:38:02 [INFO ] [VerificationService] Share code verification requested by org=ORG003
2026-05-14 19:38:02 [INFO ] [VerificationService] Share code verification outcome=Right to rent: true org=ORG003
2026-05-14 19:38:02 [WARN ] [VerificationService] Confirmation refused by org=ORG005
2026-05-14 19:38:02 [INFO ] [VerificationService] Share code verification requested by org=ORG001
2026-05-14 19:38:02 [WARN ] [VerificationService] Rejected SHARE_CODE_VERIFICATION reason=Date of birth does not match org=ORG001
2026-05-14 19:38:02 [INFO ] [VerificationService] Document verification requested by org=ORG001 docType=PASSPORT
2026-05-14 19:38:02 [WARN ] [VerificationService] Rejected DOCUMENT_VERIFICATION reason=Organisation role 'EMPLOYER' is not authorised for the document route org=ORG001
2026-05-14 19:38:02 [INFO ] [VerificationService] Document verification requested by org=ORG005 docType=PASSPORT
2026-05-14 19:38:02 [WARN ] [VerificationService] Rejected DOCUMENT_VERIFICATION reason=Passport number must be 9 uppercase alphanumeric characters org=ORG005
2026-05-14 19:38:02 [INFO ] [VerificationService] Share code verification requested by org=ORG001
2026-05-14 19:38:02 [INFO ] [VerificationService] Share code verification outcome=Right to work: false, expires: 2026-10-25 org=ORG001
2026-05-14 19:38:02 [INFO ] [VerificationService] Share code verification requested by org=ORG001
2026-05-14 19:38:02 [INFO ] [VerificationService] Share code verification outcome=Right to work: true, expires: 2027-06-30 org=ORG001
2026-05-14 19:38:02 [INFO ] [VerificationService] Share code verification requested by org=ORG001
2026-05-14 19:38:02 [INFO ] [VerificationService] Share code verification outcome=Right to work: true, expires: 2027-06-30 org=ORG001
2026-05-14 19:38:02 [WARN ] [VerificationService] Confirmation refused by org=ORG001
2026-05-14 19:38:02 [INFO ] [VerificationService] Document verification requested by org=ORG006 docType=PASSPORT
2026-05-14 19:38:02 [INFO ] [VerificationService] Document verification outcome=Visa type: WORK, valid: true, expires: 2027-06-30 org=ORG006
2026-05-14 19:38:02 [INFO ] [VerificationService] Document verification requested by org=ORG999 docType=PASSPORT
2026-05-14 19:38:02 [WARN ] [VerificationService] Rejected DOCUMENT_VERIFICATION reason=Organisation not recognised org=ORG999
2026-05-14 19:38:02 [INFO ] [Javalin] Stopping Javalin ...
2026-05-14 19:38:02 [INFO ] [Server] Stopped Server@39fa8ad2{STOPPING}[11.0.24,sto=0]
2026-05-14 19:38:02 [INFO ] [AbstractConnector] Stopped ServerConnector@40712ee9{HTTP/1.1, (http/1.1)}{0.0.0.0:0}
2026-05-14 19:38:02 [INFO ] [ContextHandler] Stopped o.e.j.s.ServletContextHandler@3f9f71ff{/,null,STOPPED}
2026-05-14 19:38:02 [INFO ] [Javalin] Javalin has stopped
2026-05-14 19:38:02 [INFO ] [ShareCodeRepository] Loaded 0 share codes from /tmp/junit-5929128762528784270/share_codes.json
2026-05-14 19:38:02 [INFO ] [ShareCodeRepository] Persisted new share code for person P003
2026-05-14 19:38:02 [INFO ] [ShareCodeService] Generated share code for person=P003**** purpose=ACCOMMODATION
2026-05-14 19:38:02 [INFO ] [ShareCodeRepository] Loaded 0 share codes from /tmp/junit-4342039432781678403/share_codes.json
2026-05-14 19:38:02 [INFO ] [ShareCodeRepository] Persisted new share code for person P001
2026-05-14 19:38:02 [INFO ] [ShareCodeService] Generated share code for person=P001**** purpose=EMPLOYMENT
2026-05-14 19:38:02 [INFO ] [ShareCodeRepository] Loaded 0 share codes from /tmp/junit-11863632173037945465/share_codes.json
2026-05-14 19:38:02 [INFO ] [ShareCodeRepository] Persisted new share code for person P001
2026-05-14 19:38:02 [INFO ] [ShareCodeService] Generated share code for person=P001**** purpose=EMPLOYMENT
2026-05-14 19:38:02 [INFO ] [ShareCodeRepository] Loaded 0 share codes from /tmp/junit-17114309515388392454/share_codes.json
2026-05-14 19:38:02 [INFO ] [ShareCodeRepository] Persisted new share code for person P001
2026-05-14 19:38:02 [INFO ] [ShareCodeService] Generated share code for person=P001**** purpose=EMPLOYMENT
2026-05-14 19:38:02 [INFO ] [ShareCodeRepository] Loaded 0 share codes from /tmp/junit-11756896066955636170/share_codes.json
2026-05-14 19:38:02 [INFO ] [ShareCodeRepository] Persisted new share code for person P001
2026-05-14 19:38:02 [INFO ] [ShareCodeService] Generated share code for person=P001**** purpose=EMPLOYMENT
2026-05-14 19:38:02 [INFO ] [ShareCodeRepository] Persisted new share code for person P001
2026-05-14 19:38:02 [INFO ] [ShareCodeService] Generated share code for person=P001**** purpose=EMPLOYMENT
2026-05-14 19:38:02 [INFO ] [PersonRepository] Loaded 5 persons from /tmp/junit-10894129632255899480/persons.json
2026-05-14 19:38:02 [INFO ] [VisaRepository] Loaded 4 visas from /tmp/junit-10894129632255899480/visas.json
2026-05-14 19:38:02 [INFO ] [ShareCodeRepository] Loaded 6 share codes from /tmp/junit-10894129632255899480/share_codes.json
2026-05-14 19:38:02 [INFO ] [OrganisationRepository] Loaded 5 organisations from /tmp/junit-10894129632255899480/organisations.json
2026-05-14 19:38:02 [INFO ] [VerificationService] Share code verification requested by org=ORG001
2026-05-14 19:38:02 [WARN ] [VerificationService] Rejected SHARE_CODE_VERIFICATION reason=Share code has expired org=ORG001
2026-05-14 19:38:02 [INFO ] [PersonRepository] Loaded 5 persons from /tmp/junit-8488641533274350657/persons.json
2026-05-14 19:38:02 [INFO ] [VisaRepository] Loaded 4 visas from /tmp/junit-8488641533274350657/visas.json
2026-05-14 19:38:02 [INFO ] [ShareCodeRepository] Loaded 6 share codes from /tmp/junit-8488641533274350657/share_codes.json
2026-05-14 19:38:02 [INFO ] [OrganisationRepository] Loaded 5 organisations from /tmp/junit-8488641533274350657/organisations.json
2026-05-14 19:38:02 [INFO ] [VerificationService] Share code verification requested by org=ORG003
2026-05-14 19:38:02 [INFO ] [VerificationService] Share code verification outcome=Right to rent: true org=ORG003
2026-05-14 19:38:02 [INFO ] [PersonRepository] Loaded 5 persons from /tmp/junit-1988985037126702236/persons.json
2026-05-14 19:38:02 [INFO ] [VisaRepository] Loaded 4 visas from /tmp/junit-1988985037126702236/visas.json
2026-05-14 19:38:02 [INFO ] [ShareCodeRepository] Loaded 6 share codes from /tmp/junit-1988985037126702236/share_codes.json
2026-05-14 19:38:02 [INFO ] [OrganisationRepository] Loaded 5 organisations from /tmp/junit-1988985037126702236/organisations.json
2026-05-14 19:38:02 [INFO ] [VerificationService] Share code verification requested by org=ORG004
2026-05-14 19:38:02 [INFO ] [VerificationService] Share code verification outcome=Right to work: true, expires: 2027-06-30 org=ORG004
2026-05-14 19:38:02 [INFO ] [PersonRepository] Loaded 5 persons from /tmp/junit-14254993519846242528/persons.json
2026-05-14 19:38:02 [INFO ] [VisaRepository] Loaded 4 visas from /tmp/junit-14254993519846242528/visas.json
2026-05-14 19:38:02 [INFO ] [ShareCodeRepository] Loaded 6 share codes from /tmp/junit-14254993519846242528/share_codes.json
2026-05-14 19:38:02 [INFO ] [OrganisationRepository] Loaded 5 organisations from /tmp/junit-14254993519846242528/organisations.json
2026-05-14 19:38:02 [INFO ] [VerificationService] Share code verification requested by org=ORG001
2026-05-14 19:38:02 [WARN ] [VerificationService] Rejected SHARE_CODE_VERIFICATION reason=Visa record not found org=ORG001
2026-05-14 19:38:02 [INFO ] [PersonRepository] Loaded 5 persons from /tmp/junit-5376681566530259875/persons.json
2026-05-14 19:38:02 [INFO ] [VisaRepository] Loaded 4 visas from /tmp/junit-5376681566530259875/visas.json
2026-05-14 19:38:02 [INFO ] [ShareCodeRepository] Loaded 6 share codes from /tmp/junit-5376681566530259875/share_codes.json
2026-05-14 19:38:02 [INFO ] [OrganisationRepository] Loaded 5 organisations from /tmp/junit-5376681566530259875/organisations.json
2026-05-14 19:38:02 [INFO ] [VerificationService] Document verification requested by org=ORG005 docType=PASSPORT
2026-05-14 19:38:02 [INFO ] [VerificationService] Document verification outcome=Entry permitted: true, conditions: [] org=ORG005
2026-05-14 19:38:02 [INFO ] [PersonRepository] Loaded 5 persons from /tmp/junit-13491333974299269555/persons.json
2026-05-14 19:38:02 [INFO ] [VisaRepository] Loaded 4 visas from /tmp/junit-13491333974299269555/visas.json
2026-05-14 19:38:02 [INFO ] [ShareCodeRepository] Loaded 6 share codes from /tmp/junit-13491333974299269555/share_codes.json
2026-05-14 19:38:02 [INFO ] [OrganisationRepository] Loaded 5 organisations from /tmp/junit-13491333974299269555/organisations.json
2026-05-14 19:38:02 [INFO ] [VerificationService] Share code verification requested by org=ORG001
2026-05-14 19:38:02 [WARN ] [VerificationService] Rejected SHARE_CODE_VERIFICATION reason=Purpose 'ACCOMMODATION' is not permitted for role 'EMPLOYER' org=ORG001
2026-05-14 19:38:02 [INFO ] [PersonRepository] Loaded 5 persons from /tmp/junit-15422341194104883445/persons.json
2026-05-14 19:38:02 [INFO ] [VisaRepository] Loaded 4 visas from /tmp/junit-15422341194104883445/visas.json
2026-05-14 19:38:02 [INFO ] [ShareCodeRepository] Loaded 6 share codes from /tmp/junit-15422341194104883445/share_codes.json
2026-05-14 19:38:02 [INFO ] [OrganisationRepository] Loaded 5 organisations from /tmp/junit-15422341194104883445/organisations.json
2026-05-14 19:38:02 [INFO ] [VerificationService] Share code verification requested by org=ORG001
2026-05-14 19:38:02 [WARN ] [VerificationService] Rejected SHARE_CODE_VERIFICATION reason=Date of birth does not match org=ORG001
2026-05-14 19:38:02 [INFO ] [PersonRepository] Loaded 5 persons from /tmp/junit-5341869240819735904/persons.json
2026-05-14 19:38:02 [INFO ] [VisaRepository] Loaded 4 visas from /tmp/junit-5341869240819735904/visas.json
2026-05-14 19:38:02 [INFO ] [ShareCodeRepository] Loaded 6 share codes from /tmp/junit-5341869240819735904/share_codes.json
2026-05-14 19:38:02 [INFO ] [OrganisationRepository] Loaded 5 organisations from /tmp/junit-5341869240819735904/organisations.json
2026-05-14 19:38:02 [INFO ] [VerificationService] Document verification requested by org=ORG005 docType=PERMIT
2026-05-14 19:38:02 [INFO ] [VerificationService] Document verification outcome=Entry permitted: true, conditions: [] org=ORG005
2026-05-14 19:38:02 [INFO ] [PersonRepository] Loaded 5 persons from /tmp/junit-9989085889748197351/persons.json
2026-05-14 19:38:02 [INFO ] [VisaRepository] Loaded 4 visas from /tmp/junit-9989085889748197351/visas.json
2026-05-14 19:38:02 [INFO ] [ShareCodeRepository] Loaded 6 share codes from /tmp/junit-9989085889748197351/share_codes.json
2026-05-14 19:38:02 [INFO ] [OrganisationRepository] Loaded 5 organisations from /tmp/junit-9989085889748197351/organisations.json
2026-05-14 19:38:02 [INFO ] [VerificationService] Share code verification requested by org=ORG001
2026-05-14 19:38:02 [INFO ] [VerificationService] Share code verification outcome=Right to work: false, expires: 2026-10-25 org=ORG001
2026-05-14 19:38:02 [INFO ] [PersonRepository] Loaded 5 persons from /tmp/junit-7282071255928785907/persons.json
2026-05-14 19:38:02 [INFO ] [VisaRepository] Loaded 4 visas from /tmp/junit-7282071255928785907/visas.json
2026-05-14 19:38:02 [INFO ] [ShareCodeRepository] Loaded 6 share codes from /tmp/junit-7282071255928785907/share_codes.json
2026-05-14 19:38:02 [INFO ] [OrganisationRepository] Loaded 5 organisations from /tmp/junit-7282071255928785907/organisations.json
2026-05-14 19:38:02 [INFO ] [VerificationService] Document verification requested by org=ORG006 docType=PASSPORT
2026-05-14 19:38:02 [INFO ] [VerificationService] Document verification outcome=Visa type: WORK, valid: true, expires: 2027-06-30 org=ORG006
2026-05-14 19:38:02 [INFO ] [PersonRepository] Loaded 5 persons from /tmp/junit-9462336152660847784/persons.json
2026-05-14 19:38:02 [INFO ] [VisaRepository] Loaded 4 visas from /tmp/junit-9462336152660847784/visas.json
2026-05-14 19:38:02 [INFO ] [ShareCodeRepository] Loaded 6 share codes from /tmp/junit-9462336152660847784/share_codes.json
2026-05-14 19:38:02 [INFO ] [OrganisationRepository] Loaded 5 organisations from /tmp/junit-9462336152660847784/organisations.json
2026-05-14 19:38:02 [INFO ] [VerificationService] Share code verification requested by org=ORG001
2026-05-14 19:38:02 [INFO ] [VerificationService] Share code verification outcome=Right to work: true, expires: 2027-06-30 org=ORG001
2026-05-14 19:38:02 [INFO ] [PersonRepository] Loaded 5 persons from /tmp/junit-12229955735321262626/persons.json
2026-05-14 19:38:02 [INFO ] [VisaRepository] Loaded 4 visas from /tmp/junit-12229955735321262626/visas.json
2026-05-14 19:38:02 [INFO ] [ShareCodeRepository] Loaded 6 share codes from /tmp/junit-12229955735321262626/share_codes.json
2026-05-14 19:38:02 [INFO ] [OrganisationRepository] Loaded 5 organisations from /tmp/junit-12229955735321262626/organisations.json
2026-05-14 19:38:02 [INFO ] [VerificationService] Share code verification requested by org=ORG001
2026-05-14 19:38:02 [WARN ] [VerificationService] Rejected SHARE_CODE_VERIFICATION reason=Share code must be 9 uppercase alphanumeric characters org=ORG001
2026-05-14 19:38:02 [INFO ] [PersonRepository] Loaded 5 persons from /tmp/junit-4679767347688095939/persons.json
2026-05-14 19:38:02 [INFO ] [VisaRepository] Loaded 4 visas from /tmp/junit-4679767347688095939/visas.json
2026-05-14 19:38:02 [INFO ] [ShareCodeRepository] Loaded 6 share codes from /tmp/junit-4679767347688095939/share_codes.json
2026-05-14 19:38:02 [INFO ] [OrganisationRepository] Loaded 5 organisations from /tmp/junit-4679767347688095939/organisations.json
2026-05-14 19:38:02 [INFO ] [VerificationService] Document verification requested by org=ORG006 docType=PERMIT
2026-05-14 19:38:02 [INFO ] [VerificationService] Document verification outcome=Visa type: SKILLED_WORKER, valid: true, expires: 2028-06-30 org=ORG006
2026-05-14 19:38:02 [INFO ] [PersonRepository] Loaded 5 persons from /tmp/junit-15434937969209003819/persons.json
2026-05-14 19:38:02 [INFO ] [VisaRepository] Loaded 4 visas from /tmp/junit-15434937969209003819/visas.json
2026-05-14 19:38:02 [INFO ] [ShareCodeRepository] Loaded 6 share codes from /tmp/junit-15434937969209003819/share_codes.json
2026-05-14 19:38:02 [INFO ] [OrganisationRepository] Loaded 5 organisations from /tmp/junit-15434937969209003819/organisations.json
2026-05-14 19:38:02 [INFO ] [VerificationService] Document verification requested by org=ORG005 docType=PASSPORT
2026-05-14 19:38:02 [WARN ] [VerificationService] Rejected DOCUMENT_VERIFICATION reason=Person not found for document org=ORG005
2026-05-14 19:38:02 [INFO ] [PersonRepository] Loaded 5 persons from /tmp/junit-12966772824354163316/persons.json
2026-05-14 19:38:02 [INFO ] [VisaRepository] Loaded 4 visas from /tmp/junit-12966772824354163316/visas.json
2026-05-14 19:38:02 [INFO ] [ShareCodeRepository] Loaded 6 share codes from /tmp/junit-12966772824354163316/share_codes.json
2026-05-14 19:38:02 [INFO ] [OrganisationRepository] Loaded 5 organisations from /tmp/junit-12966772824354163316/organisations.json
2026-05-14 19:38:02 [INFO ] [VerificationService] Document verification requested by org=ORG005 docType=PASSPORT
2026-05-14 19:38:02 [WARN ] [VerificationService] Rejected DOCUMENT_VERIFICATION reason=Passport number must be 9 uppercase alphanumeric characters org=ORG005
2026-05-14 19:38:02 [INFO ] [PersonRepository] Loaded 5 persons from /tmp/junit-5074293890290771672/persons.json
2026-05-14 19:38:02 [INFO ] [VisaRepository] Loaded 4 visas from /tmp/junit-5074293890290771672/visas.json
2026-05-14 19:38:02 [INFO ] [ShareCodeRepository] Loaded 6 share codes from /tmp/junit-5074293890290771672/share_codes.json
2026-05-14 19:38:02 [INFO ] [OrganisationRepository] Loaded 5 organisations from /tmp/junit-5074293890290771672/organisations.json
2026-05-14 19:38:02 [INFO ] [VerificationService] Document verification requested by org=ORG001 docType=PASSPORT
2026-05-14 19:38:02 [WARN ] [VerificationService] Rejected DOCUMENT_VERIFICATION reason=Organisation role 'EMPLOYER' is not authorised for the document route org=ORG001
2026-05-14 19:38:02 [INFO ] [PersonRepository] Loaded 5 persons from /tmp/junit-4163737218369697087/persons.json
2026-05-14 19:38:02 [INFO ] [VisaRepository] Loaded 4 visas from /tmp/junit-4163737218369697087/visas.json
2026-05-14 19:38:02 [INFO ] [ShareCodeRepository] Loaded 6 share codes from /tmp/junit-4163737218369697087/share_codes.json
2026-05-14 19:38:02 [INFO ] [OrganisationRepository] Loaded 5 organisations from /tmp/junit-4163737218369697087/organisations.json
2026-05-14 19:38:02 [INFO ] [VerificationService] Share code verification requested by org=ORG999
2026-05-14 19:38:02 [WARN ] [VerificationService] Rejected SHARE_CODE_VERIFICATION reason=Organisation not recognised org=ORG999
2026-05-14 19:38:02 [INFO ] [PersonRepository] Loaded 5 persons from /tmp/junit-5467026247410088939/persons.json
2026-05-14 19:38:02 [INFO ] [VisaRepository] Loaded 4 visas from /tmp/junit-5467026247410088939/visas.json
2026-05-14 19:38:02 [INFO ] [ShareCodeRepository] Loaded 6 share codes from /tmp/junit-5467026247410088939/share_codes.json
2026-05-14 19:38:02 [INFO ] [OrganisationRepository] Loaded 5 organisations from /tmp/junit-5467026247410088939/organisations.json
2026-05-14 19:38:02 [INFO ] [VerificationService] Share code verification requested by org=ORG005
2026-05-14 19:38:02 [WARN ] [VerificationService] Rejected SHARE_CODE_VERIFICATION reason=Organisation role 'BORDER_CONTROL' is not authorised for the share code route org=ORG005
2026-05-14 19:38:02 [INFO ] [PersonRepository] Loaded 5 persons from /tmp/junit-18039632378943844491/persons.json
2026-05-14 19:38:02 [INFO ] [VisaRepository] Loaded 4 visas from /tmp/junit-18039632378943844491/visas.json
2026-05-14 19:38:02 [INFO ] [ShareCodeRepository] Loaded 6 share codes from /tmp/junit-18039632378943844491/share_codes.json
2026-05-14 19:38:02 [INFO ] [OrganisationRepository] Loaded 5 organisations from /tmp/junit-18039632378943844491/organisations.json
2026-05-14 19:38:02 [INFO ] [VerificationService] Share code verification requested by org=ORG001
2026-05-14 19:38:02 [INFO ] [VerificationService] Share code verification outcome=Right to work: true, expires: 2027-06-30 org=ORG001
2026-05-14 19:38:02 [INFO ] [VerificationService] Share code verification requested by org=ORG001
2026-05-14 19:38:02 [INFO ] [VerificationService] Share code verification outcome=Right to work: true, expires: 2027-06-30 org=ORG001
2026-05-14 20:59:33 [INFO ] [ApiServer] Shutdown signal received — stopping API server
2026-05-14 20:59:33 [INFO ] [Javalin] Stopping Javalin ...
2026-05-14 20:59:33 [INFO ] [Server] Stopped Server@46268f08{STOPPING}[11.0.24,sto=0]
2026-05-14 20:59:33 [INFO ] [AbstractConnector] Stopped ServerConnector@331acdad{HTTP/1.1, (http/1.1)}{0.0.0.0:7070}
2026-05-14 20:59:33 [INFO ] [ContextHandler] Stopped o.e.j.s.ServletContextHandler@3c989952{/,null,STOPPED}
2026-05-14 20:59:33 [INFO ] [Javalin] Javalin has stopped
2026-05-14 22:45:36 [INFO ] [Main] Immigration CLI starting
2026-05-14 22:45:58 [INFO ] [Main] Immigration CLI starting
2026-05-14 23:10:33 [INFO ] [PersonRepository] Loaded 5 persons from data/persons.json
2026-05-14 23:10:33 [INFO ] [VisaRepository] Loaded 5 visas from data/visas.json
2026-05-14 23:10:33 [INFO ] [ShareCodeRepository] Loaded 11 share codes from data/share_codes.json
2026-05-14 23:10:33 [INFO ] [OrganisationRepository] Loaded 6 organisations from data/organisations.json
2026-05-14 23:10:33 [INFO ] [DevLauncher] Waiting for API server...
2026-05-14 23:10:34 [INFO ] [Javalin] Starting Javalin ...
2026-05-14 23:10:34 [INFO ] [Server] jetty-11.0.24; built: 2024-08-26T18:11:22.448Z; git: 5dfc59a691b748796f922208956bd1f2794bcd16; jvm 25.0.2+10-69
2026-05-14 23:10:34 [INFO ] [DefaultSessionIdManager] Session workerName=node0
2026-05-14 23:10:34 [INFO ] [ContextHandler] Started o.e.j.s.ServletContextHandler@6df2b45d{/,null,AVAILABLE}
2026-05-14 23:10:34 [INFO ] [AbstractConnector] Started ServerConnector@5f459386{HTTP/1.1, (http/1.1)}{0.0.0.0:7070}
2026-05-14 23:10:34 [INFO ] [Server] Started Server@71720b7{STARTING}[11.0.24,sto=0] @4035ms
2026-05-14 23:10:34 [INFO ] [Javalin] 
       __                  ___           _____
      / /___ __   ______ _/ (_)___      / ___/
 __  / / __ `/ | / / __ `/ / / __ \    / __ \
/ /_/ / /_/ /| |/ / /_/ / / / / / /   / /_/ /
\____/\__,_/ |___/\__,_/_/_/_/ /_/    \____/

       https://javalin.io/documentation

2026-05-14 23:10:34 [INFO ] [Javalin] Javalin started in 133ms \o/
2026-05-14 23:10:34 [INFO ] [Javalin] Listening on http://localhost:7070/
2026-05-14 23:10:34 [INFO ] [Javalin] You are running Javalin 6.4.0 (released December 17, 2024. Your Javalin version is 513 days old. Consider checking for a newer version.).
2026-05-14 23:10:34 [INFO ] [ApiServer] API server started on port 7070
2026-05-14 23:10:34 [INFO ] [DevLauncher] API server ready
2026-05-14 23:10:34 [INFO ] [Main] Immigration CLI starting
2026-05-14 23:10:51 [INFO ] [ApiServer] Shutdown signal received — stopping API server
2026-05-14 23:10:51 [INFO ] [Javalin] Stopping Javalin ...
2026-05-14 23:10:51 [INFO ] [Server] Stopped Server@71720b7{STOPPING}[11.0.24,sto=0]
2026-05-14 23:10:51 [INFO ] [AbstractConnector] Stopped ServerConnector@5f459386{HTTP/1.1, (http/1.1)}{0.0.0.0:7070}
2026-05-14 23:10:51 [INFO ] [ContextHandler] Stopped o.e.j.s.ServletContextHandler@6df2b45d{/,null,STOPPED}
2026-05-14 23:10:51 [INFO ] [Javalin] Javalin has stopped
2026-05-15 18:04:56 [INFO ] [PersonRepository] Loaded 5 persons from data/persons.json
2026-05-15 18:04:56 [INFO ] [VisaRepository] Loaded 5 visas from data/visas.json
2026-05-15 18:04:56 [INFO ] [ShareCodeRepository] Loaded 11 share codes from data/share_codes.json
2026-05-15 18:04:56 [INFO ] [OrganisationRepository] Loaded 6 organisations from data/organisations.json
2026-05-15 18:04:57 [INFO ] [DevLauncher] Waiting for API server...
2026-05-15 18:04:57 [INFO ] [Javalin] Starting Javalin ...
2026-05-15 18:04:57 [INFO ] [Server] jetty-11.0.24; built: 2024-08-26T18:11:22.448Z; git: 5dfc59a691b748796f922208956bd1f2794bcd16; jvm 25.0.2+10-69
2026-05-15 18:04:57 [INFO ] [DefaultSessionIdManager] Session workerName=node0
2026-05-15 18:04:57 [INFO ] [ContextHandler] Started o.e.j.s.ServletContextHandler@65852c61{/,null,AVAILABLE}
2026-05-15 18:04:57 [INFO ] [AbstractConnector] Started ServerConnector@654b5673{HTTP/1.1, (http/1.1)}{0.0.0.0:7070}
2026-05-15 18:04:57 [INFO ] [Server] Started Server@6f4b9611{STARTING}[11.0.24,sto=0] @1692ms
2026-05-15 18:04:57 [INFO ] [Javalin] 
       __                  ___           _____
      / /___ __   ______ _/ (_)___      / ___/
 __  / / __ `/ | / / __ `/ / / __ \    / __ \
/ /_/ / /_/ /| |/ / /_/ / / / / / /   / /_/ /
\____/\__,_/ |___/\__,_/_/_/_/ /_/    \____/

       https://javalin.io/documentation

2026-05-15 18:04:57 [INFO ] [Javalin] Javalin started in 210ms \o/
2026-05-15 18:04:57 [INFO ] [Javalin] Listening on http://localhost:7070/
2026-05-15 18:04:57 [INFO ] [Javalin] You are running Javalin 6.4.0 (released December 17, 2024. Your Javalin version is 513 days old. Consider checking for a newer version.).
2026-05-15 18:04:57 [INFO ] [ApiServer] API server started on port 7070
2026-05-15 18:04:58 [INFO ] [DevLauncher] API server ready
2026-05-15 18:04:58 [INFO ] [Main] Immigration CLI starting
2026-05-15 18:05:19 [WARN ] [VerificationService] Confirmation refused by org=a
2026-05-15 19:23:43 [INFO ] [ApiServer] Shutdown signal received — stopping API server
2026-05-15 19:23:43 [INFO ] [Javalin] Stopping Javalin ...
2026-05-15 19:23:43 [INFO ] [Server] Stopped Server@6f4b9611{STOPPING}[11.0.24,sto=0]
2026-05-15 19:23:43 [INFO ] [AbstractConnector] Stopped ServerConnector@654b5673{HTTP/1.1, (http/1.1)}{0.0.0.0:7070}
2026-05-15 19:23:43 [INFO ] [ContextHandler] Stopped o.e.j.s.ServletContextHandler@65852c61{/,null,STOPPED}
2026-05-15 19:23:43 [INFO ] [Javalin] Javalin has stopped
2026-05-15 22:53:00 [INFO ] [PersonRepository] Loaded 5 persons from data/persons.json
2026-05-15 22:53:00 [INFO ] [VisaRepository] Loaded 5 visas from data/visas.json
2026-05-15 22:53:00 [INFO ] [ShareCodeRepository] Loaded 11 share codes from data/share_codes.json
2026-05-15 22:53:00 [INFO ] [OrganisationRepository] Loaded 6 organisations from data/organisations.json
2026-05-15 22:53:00 [INFO ] [DevLauncher] Waiting for API server...
2026-05-15 22:53:00 [INFO ] [Javalin] Starting Javalin ...
2026-05-15 22:53:00 [INFO ] [Server] jetty-11.0.24; built: 2024-08-26T18:11:22.448Z; git: 5dfc59a691b748796f922208956bd1f2794bcd16; jvm 25.0.2+10-69
2026-05-15 22:53:01 [INFO ] [DefaultSessionIdManager] Session workerName=node0
2026-05-15 22:53:01 [INFO ] [ContextHandler] Started o.e.j.s.ServletContextHandler@4f20514c{/,null,AVAILABLE}
2026-05-15 22:53:01 [INFO ] [AbstractConnector] Started ServerConnector@7cf1aa0{HTTP/1.1, (http/1.1)}{0.0.0.0:7070}
2026-05-15 22:53:01 [INFO ] [Server] Started Server@417e15a1{STARTING}[11.0.24,sto=0] @2571ms
2026-05-15 22:53:01 [INFO ] [Javalin] 
       __                  ___           _____
      / /___ __   ______ _/ (_)___      / ___/
 __  / / __ `/ | / / __ `/ / / __ \    / __ \
/ /_/ / /_/ /| |/ / /_/ / / / / / /   / /_/ /
\____/\__,_/ |___/\__,_/_/_/_/ /_/    \____/

       https://javalin.io/documentation

2026-05-15 22:53:01 [INFO ] [Javalin] Javalin started in 165ms \o/
2026-05-15 22:53:01 [INFO ] [Javalin] Listening on http://localhost:7070/
2026-05-15 22:53:01 [INFO ] [Javalin] You are running Javalin 6.4.0 (released December 17, 2024. Your Javalin version is 514 days old. Consider checking for a newer version.).
2026-05-15 22:53:01 [INFO ] [ApiServer] API server started on port 7070
2026-05-15 22:53:01 [INFO ] [DevLauncher] API server ready
2026-05-15 22:53:01 [INFO ] [Main] Immigration CLI starting
2026-05-15 22:54:06 [INFO ] [ApiServer] Shutdown signal received — stopping API server
2026-05-15 22:54:06 [INFO ] [Javalin] Stopping Javalin ...
2026-05-15 22:54:06 [INFO ] [Server] Stopped Server@417e15a1{STOPPING}[11.0.24,sto=0]
2026-05-15 22:54:06 [INFO ] [AbstractConnector] Stopped ServerConnector@7cf1aa0{HTTP/1.1, (http/1.1)}{0.0.0.0:7070}
2026-05-15 22:54:06 [INFO ] [ContextHandler] Stopped o.e.j.s.ServletContextHandler@4f20514c{/,null,STOPPED}
2026-05-15 22:54:06 [INFO ] [Javalin] Javalin has stopped
2026-05-15 22:54:17 [INFO ] [PersonRepository] Loaded 5 persons from /tmp/junit-15769251459872253625/persons.json
2026-05-15 22:54:17 [INFO ] [VisaRepository] Loaded 4 visas from /tmp/junit-15769251459872253625/visas.json
2026-05-15 22:54:17 [INFO ] [ShareCodeRepository] Loaded 6 share codes from /tmp/junit-15769251459872253625/share_codes.json
2026-05-15 22:54:17 [INFO ] [OrganisationRepository] Loaded 5 organisations from /tmp/junit-15769251459872253625/organisations.json
2026-05-15 22:54:18 [INFO ] [Javalin] Starting Javalin ...
2026-05-15 22:54:18 [INFO ] [Server] jetty-11.0.24; built: 2024-08-26T18:11:22.448Z; git: 5dfc59a691b748796f922208956bd1f2794bcd16; jvm 25.0.2+10-69
2026-05-15 22:54:18 [INFO ] [DefaultSessionIdManager] Session workerName=node0
2026-05-15 22:54:18 [INFO ] [ContextHandler] Started o.e.j.s.ServletContextHandler@18a645fd{/,null,AVAILABLE}
2026-05-15 22:54:18 [INFO ] [AbstractConnector] Started ServerConnector@19f21b6b{HTTP/1.1, (http/1.1)}{0.0.0.0:36949}
2026-05-15 22:54:18 [INFO ] [Server] Started Server@64e92d61{STARTING}[11.0.24,sto=0] @1560ms
2026-05-15 22:54:18 [INFO ] [Javalin] 
       __                  ___           _____
      / /___ __   ______ _/ (_)___      / ___/
 __  / / __ `/ | / / __ `/ / / __ \    / __ \
/ /_/ / /_/ /| |/ / /_/ / / / / / /   / /_/ /
\____/\__,_/ |___/\__,_/_/_/_/ /_/    \____/

       https://javalin.io/documentation

2026-05-15 22:54:18 [INFO ] [Javalin] Javalin started in 142ms \o/
2026-05-15 22:54:18 [INFO ] [Javalin] Listening on http://localhost:36949/
2026-05-15 22:54:18 [INFO ] [Javalin] You are running Javalin 6.4.0 (released December 17, 2024. Your Javalin version is 514 days old. Consider checking for a newer version.).
2026-05-15 22:54:18 [INFO ] [ApiServer] API server started on port 36949
2026-05-15 22:54:18 [INFO ] [ShareCodeRepository] Persisted new share code for person P001
2026-05-15 22:54:18 [INFO ] [ShareCodeService] Generated share code for person=P001**** purpose=EMPLOYMENT
2026-05-15 22:54:18 [INFO ] [VerificationService] Share code verification requested by org=ORG001
2026-05-15 22:54:18 [INFO ] [VerificationService] Share code verification outcome=Right to work: true, expires: 2027-06-30 org=ORG001
2026-05-15 22:54:18 [INFO ] [VerificationService] Share code verification requested by org=ORG001
2026-05-15 22:54:18 [INFO ] [VerificationService] Share code verification outcome=Right to work: true, expires: 2027-06-30 org=ORG001
2026-05-15 22:54:18 [INFO ] [ShareCodeRepository] Persisted new share code for person P001
2026-05-15 22:54:18 [INFO ] [ShareCodeService] Generated share code for person=P001**** purpose=EMPLOYMENT
2026-05-15 22:54:18 [INFO ] [VerificationService] Share code verification requested by org=ORG001
2026-05-15 22:54:18 [INFO ] [VerificationService] Share code verification outcome=Right to work: true, expires: 2027-06-30 org=ORG001
2026-05-15 22:54:18 [INFO ] [ShareCodeRepository] Persisted new share code for person P001
2026-05-15 22:54:18 [INFO ] [ShareCodeService] Generated share code for person=P001**** purpose=EMPLOYMENT
2026-05-15 22:54:18 [INFO ] [VerificationService] Share code verification requested by org=ORG001
2026-05-15 22:54:18 [INFO ] [VerificationService] Share code verification outcome=Right to work: true, expires: 2027-06-30 org=ORG001
2026-05-15 22:54:18 [INFO ] [VerificationService] Share code verification requested by org=ORG001
2026-05-15 22:54:18 [INFO ] [VerificationService] Share code verification outcome=Right to work: true, expires: 2027-06-30 org=ORG001
2026-05-15 22:54:18 [INFO ] [Javalin] Stopping Javalin ...
2026-05-15 22:54:18 [INFO ] [Server] Stopped Server@64e92d61{STOPPING}[11.0.24,sto=0]
2026-05-15 22:54:18 [INFO ] [AbstractConnector] Stopped ServerConnector@19f21b6b{HTTP/1.1, (http/1.1)}{0.0.0.0:0}
2026-05-15 22:54:18 [INFO ] [ContextHandler] Stopped o.e.j.s.ServletContextHandler@18a645fd{/,null,STOPPED}
2026-05-15 22:54:18 [INFO ] [Javalin] Javalin has stopped
2026-05-15 22:54:18 [INFO ] [PersonRepository] Loaded 5 persons from /tmp/junit-12918511289893436462/persons.json
2026-05-15 22:54:18 [INFO ] [VisaRepository] Loaded 4 visas from /tmp/junit-12918511289893436462/visas.json
2026-05-15 22:54:18 [INFO ] [ShareCodeRepository] Loaded 6 share codes from /tmp/junit-12918511289893436462/share_codes.json
2026-05-15 22:54:18 [INFO ] [OrganisationRepository] Loaded 5 organisations from /tmp/junit-12918511289893436462/organisations.json
2026-05-15 22:54:18 [INFO ] [Javalin] Starting Javalin ...
2026-05-15 22:54:18 [INFO ] [Server] jetty-11.0.24; built: 2024-08-26T18:11:22.448Z; git: 5dfc59a691b748796f922208956bd1f2794bcd16; jvm 25.0.2+10-69
2026-05-15 22:54:18 [INFO ] [DefaultSessionIdManager] Session workerName=node0
2026-05-15 22:54:18 [INFO ] [ContextHandler] Started o.e.j.s.ServletContextHandler@50a691d3{/,null,AVAILABLE}
2026-05-15 22:54:18 [INFO ] [AbstractConnector] Started ServerConnector@6e8a9c30{HTTP/1.1, (http/1.1)}{0.0.0.0:35595}
2026-05-15 22:54:18 [INFO ] [Server] Started Server@70211e49{STARTING}[11.0.24,sto=0] @2081ms
2026-05-15 22:54:18 [INFO ] [Javalin] 
       __                  ___           _____
      / /___ __   ______ _/ (_)___      / ___/
 __  / / __ `/ | / / __ `/ / / __ \    / __ \
/ /_/ / /_/ /| |/ / /_/ / / / / / /   / /_/ /
\____/\__,_/ |___/\__,_/_/_/_/ /_/    \____/

       https://javalin.io/documentation

2026-05-15 22:54:18 [INFO ] [Javalin] Javalin started in 5ms \o/
2026-05-15 22:54:18 [INFO ] [Javalin] Listening on http://localhost:35595/
2026-05-15 22:54:18 [INFO ] [Javalin] You are running Javalin 6.4.0 (released December 17, 2024. Your Javalin version is 514 days old. Consider checking for a newer version.).
2026-05-15 22:54:18 [INFO ] [ApiServer] API server started on port 35595
2026-05-15 22:54:18 [WARN ] [VerificationService] Confirmation refused by org=ORG005
2026-05-15 22:54:18 [INFO ] [VerificationService] Document verification requested by org=ORG001 docType=PASSPORT
2026-05-15 22:54:18 [WARN ] [VerificationService] Rejected DOCUMENT_VERIFICATION reason=Organisation role 'EMPLOYER' is not authorised for the document route org=ORG001
2026-05-15 22:54:18 [INFO ] [VerificationService] Document verification requested by org=ORG005 docType=PASSPORT
2026-05-15 22:54:18 [INFO ] [VerificationService] Document verification outcome=Entry permitted: true, conditions: [] org=ORG005
2026-05-15 22:54:18 [INFO ] [VerificationService] Document verification requested by org=ORG006 docType=PERMIT
2026-05-15 22:54:18 [INFO ] [VerificationService] Document verification outcome=Visa type: SKILLED_WORKER, valid: true, expires: 2028-06-30 org=ORG006
2026-05-15 22:54:18 [INFO ] [VerificationService] Document verification requested by org=ORG006 docType=PASSPORT
2026-05-15 22:54:18 [INFO ] [VerificationService] Document verification outcome=Visa type: WORK, valid: true, expires: 2027-06-30 org=ORG006
2026-05-15 22:54:19 [INFO ] [VerificationService] Document verification requested by org=ORG005 docType=PASSPORT
2026-05-15 22:54:19 [WARN ] [VerificationService] Rejected DOCUMENT_VERIFICATION reason=Person not found for document org=ORG005
2026-05-15 22:54:19 [INFO ] [VerificationService] Document verification requested by org=ORG005 docType=PERMIT
2026-05-15 22:54:19 [INFO ] [VerificationService] Document verification outcome=Entry permitted: true, conditions: [] org=ORG005
2026-05-15 22:54:19 [INFO ] [VerificationService] Document verification requested by org=ORG006 docType=PASSPORT
2026-05-15 22:54:19 [INFO ] [VerificationService] Document verification outcome=Visa type: WORK, valid: true, expires: 2027-06-30 org=ORG006
2026-05-15 22:54:19 [INFO ] [VerificationService] Document verification requested by org=ORG005 docType=PASSPORT
2026-05-15 22:54:19 [INFO ] [VerificationService] Document verification outcome=Entry permitted: true, conditions: [] org=ORG005
2026-05-15 22:54:19 [INFO ] [VerificationService] Document verification requested by org=ORG005 docType=PASSPORT
2026-05-15 22:54:19 [INFO ] [VerificationService] Document verification outcome=Entry permitted: true, conditions: [] org=ORG005
2026-05-15 22:54:19 [WARN ] [VerificationService] Confirmation refused by org=ORG005
2026-05-15 22:54:19 [INFO ] [Javalin] Stopping Javalin ...
2026-05-15 22:54:19 [INFO ] [Server] Stopped Server@70211e49{STOPPING}[11.0.24,sto=0]
2026-05-15 22:54:19 [INFO ] [AbstractConnector] Stopped ServerConnector@6e8a9c30{HTTP/1.1, (http/1.1)}{0.0.0.0:0}
2026-05-15 22:54:19 [INFO ] [ContextHandler] Stopped o.e.j.s.ServletContextHandler@50a691d3{/,null,STOPPED}
2026-05-15 22:54:19 [INFO ] [Javalin] Javalin has stopped
2026-05-15 22:54:19 [INFO ] [PersonRepository] Loaded 5 persons from /tmp/junit-16690523415650205062/persons.json
2026-05-15 22:54:19 [INFO ] [VisaRepository] Loaded 4 visas from /tmp/junit-16690523415650205062/visas.json
2026-05-15 22:54:19 [INFO ] [ShareCodeRepository] Loaded 6 share codes from /tmp/junit-16690523415650205062/share_codes.json
2026-05-15 22:54:19 [INFO ] [OrganisationRepository] Loaded 5 organisations from /tmp/junit-16690523415650205062/organisations.json
2026-05-15 22:54:19 [INFO ] [Javalin] Starting Javalin ...
2026-05-15 22:54:19 [INFO ] [Server] jetty-11.0.24; built: 2024-08-26T18:11:22.448Z; git: 5dfc59a691b748796f922208956bd1f2794bcd16; jvm 25.0.2+10-69
2026-05-15 22:54:19 [INFO ] [DefaultSessionIdManager] Session workerName=node0
2026-05-15 22:54:19 [INFO ] [ContextHandler] Started o.e.j.s.ServletContextHandler@76f856a8{/,null,AVAILABLE}
2026-05-15 22:54:19 [INFO ] [AbstractConnector] Started ServerConnector@299270eb{HTTP/1.1, (http/1.1)}{0.0.0.0:42155}
2026-05-15 22:54:19 [INFO ] [Server] Started Server@69fa8e76{STARTING}[11.0.24,sto=0] @2197ms
2026-05-15 22:54:19 [INFO ] [Javalin] 
       __                  ___           _____
      / /___ __   ______ _/ (_)___      / ___/
 __  / / __ `/ | / / __ `/ / / __ \    / __ \
/ /_/ / /_/ /| |/ / /_/ / / / / / /   / /_/ /
\____/\__,_/ |___/\__,_/_/_/_/ /_/    \____/

       https://javalin.io/documentation

2026-05-15 22:54:19 [INFO ] [Javalin] Javalin started in 6ms \o/
2026-05-15 22:54:19 [INFO ] [Javalin] Listening on http://localhost:42155/
2026-05-15 22:54:19 [INFO ] [Javalin] You are running Javalin 6.4.0 (released December 17, 2024. Your Javalin version is 514 days old. Consider checking for a newer version.).
2026-05-15 22:54:19 [INFO ] [ApiServer] API server started on port 42155
2026-05-15 22:54:19 [INFO ] [Javalin] Stopping Javalin ...
2026-05-15 22:54:19 [INFO ] [Server] Stopped Server@69fa8e76{STOPPING}[11.0.24,sto=0]
2026-05-15 22:54:19 [INFO ] [AbstractConnector] Stopped ServerConnector@299270eb{HTTP/1.1, (http/1.1)}{0.0.0.0:0}
2026-05-15 22:54:19 [INFO ] [ContextHandler] Stopped o.e.j.s.ServletContextHandler@76f856a8{/,null,STOPPED}
2026-05-15 22:54:19 [INFO ] [Javalin] Javalin has stopped
2026-05-15 22:54:19 [INFO ] [Javalin] Starting Javalin ...
2026-05-15 22:54:19 [INFO ] [Server] jetty-11.0.24; built: 2024-08-26T18:11:22.448Z; git: 5dfc59a691b748796f922208956bd1f2794bcd16; jvm 25.0.2+10-69
2026-05-15 22:54:19 [INFO ] [DefaultSessionIdManager] Session workerName=node0
2026-05-15 22:54:19 [INFO ] [ContextHandler] Started o.e.j.s.ServletContextHandler@74aa9c72{/,null,AVAILABLE}
2026-05-15 22:54:19 [INFO ] [AbstractConnector] Started ServerConnector@47b179d7{HTTP/1.1, (http/1.1)}{0.0.0.0:43055}
2026-05-15 22:54:19 [INFO ] [Server] Started Server@162b3d47{STARTING}[11.0.24,sto=0] @2267ms
2026-05-15 22:54:19 [INFO ] [Javalin] 
       __                  ___           _____
      / /___ __   ______ _/ (_)___      / ___/
 __  / / __ `/ | / / __ `/ / / __ \    / __ \
/ /_/ / /_/ /| |/ / /_/ / / / / / /   / /_/ /
\____/\__,_/ |___/\__,_/_/_/_/ /_/    \____/

       https://javalin.io/documentation

2026-05-15 22:54:19 [INFO ] [Javalin] Javalin started in 9ms \o/
2026-05-15 22:54:19 [INFO ] [Javalin] Listening on http://localhost:43055/
2026-05-15 22:54:19 [INFO ] [Javalin] You are running Javalin 6.4.0 (released December 17, 2024. Your Javalin version is 514 days old. Consider checking for a newer version.).
2026-05-15 22:54:19 [INFO ] [Javalin] Stopping Javalin ...
2026-05-15 22:54:19 [INFO ] [Server] Stopped Server@162b3d47{STOPPING}[11.0.24,sto=0]
2026-05-15 22:54:19 [INFO ] [AbstractConnector] Stopped ServerConnector@47b179d7{HTTP/1.1, (http/1.1)}{0.0.0.0:0}
2026-05-15 22:54:19 [INFO ] [ContextHandler] Stopped o.e.j.s.ServletContextHandler@74aa9c72{/,null,STOPPED}
2026-05-15 22:54:19 [INFO ] [Javalin] Javalin has stopped
2026-05-15 22:54:19 [INFO ] [Javalin] Starting Javalin ...
2026-05-15 22:54:19 [INFO ] [Server] jetty-11.0.24; built: 2024-08-26T18:11:22.448Z; git: 5dfc59a691b748796f922208956bd1f2794bcd16; jvm 25.0.2+10-69
2026-05-15 22:54:19 [INFO ] [DefaultSessionIdManager] Session workerName=node0
2026-05-15 22:54:19 [INFO ] [ContextHandler] Started o.e.j.s.ServletContextHandler@670ce331{/,null,AVAILABLE}
2026-05-15 22:54:19 [INFO ] [AbstractConnector] Started ServerConnector@1aac188d{HTTP/1.1, (http/1.1)}{0.0.0.0:46249}
2026-05-15 22:54:19 [INFO ] [Server] Started Server@2d23faef{STARTING}[11.0.24,sto=0] @2299ms
2026-05-15 22:54:19 [INFO ] [Javalin] 
       __                  ___           _____
      / /___ __   ______ _/ (_)___      / ___/
 __  / / __ `/ | / / __ `/ / / __ \    / __ \
/ /_/ / /_/ /| |/ / /_/ / / / / / /   / /_/ /
\____/\__,_/ |___/\__,_/_/_/_/ /_/    \____/

       https://javalin.io/documentation

2026-05-15 22:54:19 [INFO ] [Javalin] Javalin started in 7ms \o/
2026-05-15 22:54:19 [INFO ] [Javalin] Listening on http://localhost:46249/
2026-05-15 22:54:19 [INFO ] [Javalin] You are running Javalin 6.4.0 (released December 17, 2024. Your Javalin version is 514 days old. Consider checking for a newer version.).
2026-05-15 22:54:19 [INFO ] [Javalin] Stopping Javalin ...
2026-05-15 22:54:19 [INFO ] [Server] Stopped Server@2d23faef{STOPPING}[11.0.24,sto=0]
2026-05-15 22:54:19 [INFO ] [AbstractConnector] Stopped ServerConnector@1aac188d{HTTP/1.1, (http/1.1)}{0.0.0.0:0}
2026-05-15 22:54:19 [INFO ] [ContextHandler] Stopped o.e.j.s.ServletContextHandler@670ce331{/,null,STOPPED}
2026-05-15 22:54:19 [INFO ] [Javalin] Javalin has stopped
2026-05-15 22:54:19 [INFO ] [PersonRepository] Loaded 5 persons from /tmp/junit-4669832722296439625/persons.json
2026-05-15 22:54:19 [INFO ] [VisaRepository] Loaded 4 visas from /tmp/junit-4669832722296439625/visas.json
2026-05-15 22:54:19 [INFO ] [ShareCodeRepository] Loaded 6 share codes from /tmp/junit-4669832722296439625/share_codes.json
2026-05-15 22:54:19 [INFO ] [OrganisationRepository] Loaded 5 organisations from /tmp/junit-4669832722296439625/organisations.json
2026-05-15 22:54:19 [INFO ] [Javalin] Starting Javalin ...
2026-05-15 22:54:19 [INFO ] [Server] jetty-11.0.24; built: 2024-08-26T18:11:22.448Z; git: 5dfc59a691b748796f922208956bd1f2794bcd16; jvm 25.0.2+10-69
2026-05-15 22:54:19 [INFO ] [DefaultSessionIdManager] Session workerName=node0
2026-05-15 22:54:19 [INFO ] [ContextHandler] Started o.e.j.s.ServletContextHandler@4da9f723{/,null,AVAILABLE}
2026-05-15 22:54:19 [INFO ] [AbstractConnector] Started ServerConnector@7afbf561{HTTP/1.1, (http/1.1)}{0.0.0.0:33453}
2026-05-15 22:54:19 [INFO ] [Server] Started Server@49c8f6e8{STARTING}[11.0.24,sto=0] @2336ms
2026-05-15 22:54:19 [INFO ] [Javalin] 
       __                  ___           _____
      / /___ __   ______ _/ (_)___      / ___/
 __  / / __ `/ | / / __ `/ / / __ \    / __ \
/ /_/ / /_/ /| |/ / /_/ / / / / / /   / /_/ /
\____/\__,_/ |___/\__,_/_/_/_/ /_/    \____/

       https://javalin.io/documentation

2026-05-15 22:54:19 [INFO ] [Javalin] Javalin started in 9ms \o/
2026-05-15 22:54:19 [INFO ] [Javalin] Listening on http://localhost:33453/
2026-05-15 22:54:19 [INFO ] [Javalin] You are running Javalin 6.4.0 (released December 17, 2024. Your Javalin version is 514 days old. Consider checking for a newer version.).
2026-05-15 22:54:19 [INFO ] [ApiServer] API server started on port 33453
2026-05-15 22:54:19 [WARN ] [VerificationService] Confirmation refused by org=ORG001
2026-05-15 22:54:19 [INFO ] [VerificationService] Share code verification requested by org=ORG001
2026-05-15 22:54:19 [INFO ] [VerificationService] Share code verification outcome=Right to work: true, expires: 2027-06-30 org=ORG001
2026-05-15 22:54:19 [INFO ] [VerificationService] Share code verification requested by org=ORG001
2026-05-15 22:54:19 [WARN ] [VerificationService] Rejected SHARE_CODE_VERIFICATION reason=Purpose 'ACCOMMODATION' is not permitted for role 'EMPLOYER' org=ORG001
2026-05-15 22:54:19 [WARN ] [VerificationService] Confirmation refused by org=ORG001
2026-05-15 22:54:19 [INFO ] [VerificationService] Share code verification requested by org=ORG001
2026-05-15 22:54:19 [INFO ] [VerificationService] Share code verification outcome=Right to work: true, expires: 2027-06-30 org=ORG001
2026-05-15 22:54:19 [INFO ] [VerificationService] Share code verification requested by org=ORG001
2026-05-15 22:54:19 [WARN ] [VerificationService] Rejected SHARE_CODE_VERIFICATION reason=Visa record not found org=ORG001
2026-05-15 22:54:19 [INFO ] [VerificationService] Share code verification requested by org=ORG001
2026-05-15 22:54:19 [WARN ] [VerificationService] Rejected SHARE_CODE_VERIFICATION reason=Date of birth does not match org=ORG001
2026-05-15 22:54:19 [INFO ] [VerificationService] Share code verification requested by org=ORG001
2026-05-15 22:54:19 [INFO ] [VerificationService] Share code verification outcome=Right to work: true, expires: 2027-06-30 org=ORG001
2026-05-15 22:54:19 [INFO ] [VerificationService] Share code verification requested by org=ORG001
2026-05-15 22:54:19 [INFO ] [VerificationService] Share code verification outcome=Right to work: true, expires: 2027-06-30 org=ORG001
2026-05-15 22:54:19 [INFO ] [VerificationService] Share code verification requested by org=ORG003
2026-05-15 22:54:19 [INFO ] [VerificationService] Share code verification outcome=Right to rent: true org=ORG003
2026-05-15 22:54:19 [INFO ] [VerificationService] Share code verification requested by org=ORG004
2026-05-15 22:54:19 [INFO ] [VerificationService] Share code verification outcome=Right to work: true, expires: 2027-06-30 org=ORG004
2026-05-15 22:54:19 [INFO ] [VerificationService] Share code verification requested by org=ORG001
2026-05-15 22:54:19 [INFO ] [VerificationService] Share code verification outcome=Right to work: true, expires: 2027-06-30 org=ORG001
2026-05-15 22:54:19 [WARN ] [VerificationService] Confirmation refused by org=ORG001
2026-05-15 22:54:19 [INFO ] [VerificationService] Share code verification requested by org=ORG001
2026-05-15 22:54:19 [INFO ] [VerificationService] Share code verification outcome=Right to work: false, expires: 2026-10-25 org=ORG001
2026-05-15 22:54:19 [INFO ] [VerificationService] Share code verification requested by org=ORG001
2026-05-15 22:54:19 [WARN ] [VerificationService] Rejected SHARE_CODE_VERIFICATION reason=Share code has expired org=ORG001
2026-05-15 22:54:19 [WARN ] [VerificationService] Confirmation refused by org=ORG001
2026-05-15 22:54:19 [INFO ] [Javalin] Stopping Javalin ...
2026-05-15 22:54:19 [INFO ] [Server] Stopped Server@49c8f6e8{STOPPING}[11.0.24,sto=0]
2026-05-15 22:54:19 [INFO ] [AbstractConnector] Stopped ServerConnector@7afbf561{HTTP/1.1, (http/1.1)}{0.0.0.0:0}
2026-05-15 22:54:19 [INFO ] [ContextHandler] Stopped o.e.j.s.ServletContextHandler@4da9f723{/,null,STOPPED}
2026-05-15 22:54:19 [INFO ] [Javalin] Javalin has stopped
2026-05-15 22:54:19 [INFO ] [PersonRepository] Loaded 5 persons from /tmp/junit-1587640910542392824/persons.json
2026-05-15 22:54:19 [INFO ] [VisaRepository] Loaded 4 visas from /tmp/junit-1587640910542392824/visas.json
2026-05-15 22:54:19 [INFO ] [ShareCodeRepository] Loaded 6 share codes from /tmp/junit-1587640910542392824/share_codes.json
2026-05-15 22:54:19 [INFO ] [OrganisationRepository] Loaded 5 organisations from /tmp/junit-1587640910542392824/organisations.json
2026-05-15 22:54:19 [INFO ] [Javalin] Starting Javalin ...
2026-05-15 22:54:19 [INFO ] [Server] jetty-11.0.24; built: 2024-08-26T18:11:22.448Z; git: 5dfc59a691b748796f922208956bd1f2794bcd16; jvm 25.0.2+10-69
2026-05-15 22:54:19 [INFO ] [DefaultSessionIdManager] Session workerName=node0
2026-05-15 22:54:19 [INFO ] [ContextHandler] Started o.e.j.s.ServletContextHandler@7d5508e0{/,null,AVAILABLE}
2026-05-15 22:54:19 [INFO ] [AbstractConnector] Started ServerConnector@7ea899a9{HTTP/1.1, (http/1.1)}{0.0.0.0:36649}
2026-05-15 22:54:19 [INFO ] [Server] Started Server@b174a73{STARTING}[11.0.24,sto=0] @2479ms
2026-05-15 22:54:19 [INFO ] [Javalin] 
       __                  ___           _____
      / /___ __   ______ _/ (_)___      / ___/
 __  / / __ `/ | / / __ `/ / / __ \    / __ \
/ /_/ / /_/ /| |/ / /_/ / / / / / /   / /_/ /
\____/\__,_/ |___/\__,_/_/_/_/ /_/    \____/

       https://javalin.io/documentation

2026-05-15 22:54:19 [INFO ] [Javalin] Javalin started in 9ms \o/
2026-05-15 22:54:19 [INFO ] [Javalin] Listening on http://localhost:36649/
2026-05-15 22:54:19 [INFO ] [Javalin] You are running Javalin 6.4.0 (released December 17, 2024. Your Javalin version is 514 days old. Consider checking for a newer version.).
2026-05-15 22:54:19 [INFO ] [ApiServer] API server started on port 36649
2026-05-15 22:54:19 [INFO ] [ShareCodeRepository] Persisted new share code for person P001
2026-05-15 22:54:19 [INFO ] [ShareCodeService] Generated share code for person=P001**** purpose=EMPLOYMENT
2026-05-15 22:54:19 [INFO ] [ShareCodeRepository] Persisted new share code for person P001
2026-05-15 22:54:19 [INFO ] [ShareCodeService] Generated share code for person=P001**** purpose=EMPLOYMENT
2026-05-15 22:54:19 [INFO ] [ShareCodeRepository] Persisted new share code for person P001
2026-05-15 22:54:19 [INFO ] [ShareCodeService] Generated share code for person=P001**** purpose=EMPLOYMENT
2026-05-15 22:54:19 [INFO ] [ShareCodeRepository] Persisted new share code for person P001
2026-05-15 22:54:19 [INFO ] [ShareCodeService] Generated share code for person=P001**** purpose=EMPLOYMENT
2026-05-15 22:54:19 [INFO ] [ShareCodeRepository] Persisted new share code for person P001
2026-05-15 22:54:19 [INFO ] [ShareCodeService] Generated share code for person=P001**** purpose=EMPLOYMENT
2026-05-15 22:54:19 [INFO ] [ShareCodeRepository] Persisted new share code for person P001
2026-05-15 22:54:19 [INFO ] [ShareCodeService] Generated share code for person=P001**** purpose=EMPLOYMENT
2026-05-15 22:54:19 [INFO ] [ShareCodeRepository] Persisted new share code for person P001
2026-05-15 22:54:19 [INFO ] [ShareCodeService] Generated share code for person=P001**** purpose=EMPLOYMENT
2026-05-15 22:54:19 [INFO ] [Javalin] Stopping Javalin ...
2026-05-15 22:54:19 [INFO ] [Server] Stopped Server@b174a73{STOPPING}[11.0.24,sto=0]
2026-05-15 22:54:19 [INFO ] [AbstractConnector] Stopped ServerConnector@7ea899a9{HTTP/1.1, (http/1.1)}{0.0.0.0:0}
2026-05-15 22:54:19 [INFO ] [ContextHandler] Stopped o.e.j.s.ServletContextHandler@7d5508e0{/,null,STOPPED}
2026-05-15 22:54:19 [INFO ] [Javalin] Javalin has stopped
2026-05-15 22:54:19 [INFO ] [PersonRepository] Loaded 5 persons from /tmp/junit-5614051377939579777/persons.json
2026-05-15 22:54:19 [INFO ] [VisaRepository] Loaded 4 visas from /tmp/junit-5614051377939579777/visas.json
2026-05-15 22:54:19 [INFO ] [ShareCodeRepository] Loaded 6 share codes from /tmp/junit-5614051377939579777/share_codes.json
2026-05-15 22:54:19 [INFO ] [OrganisationRepository] Loaded 5 organisations from /tmp/junit-5614051377939579777/organisations.json
2026-05-15 22:54:19 [INFO ] [Javalin] Starting Javalin ...
2026-05-15 22:54:19 [INFO ] [Server] jetty-11.0.24; built: 2024-08-26T18:11:22.448Z; git: 5dfc59a691b748796f922208956bd1f2794bcd16; jvm 25.0.2+10-69
2026-05-15 22:54:19 [INFO ] [DefaultSessionIdManager] Session workerName=node0
2026-05-15 22:54:19 [INFO ] [ContextHandler] Started o.e.j.s.ServletContextHandler@2a03d65c{/,null,AVAILABLE}
2026-05-15 22:54:19 [INFO ] [AbstractConnector] Started ServerConnector@28e19366{HTTP/1.1, (http/1.1)}{0.0.0.0:45325}
2026-05-15 22:54:19 [INFO ] [Server] Started Server@10ef5fa0{STARTING}[11.0.24,sto=0] @2562ms
2026-05-15 22:54:19 [INFO ] [Javalin] 
       __                  ___           _____
      / /___ __   ______ _/ (_)___      / ___/
 __  / / __ `/ | / / __ `/ / / __ \    / __ \
/ /_/ / /_/ /| |/ / /_/ / / / / / /   / /_/ /
\____/\__,_/ |___/\__,_/_/_/_/ /_/    \____/

       https://javalin.io/documentation

2026-05-15 22:54:19 [INFO ] [Javalin] Javalin started in 5ms \o/
2026-05-15 22:54:19 [INFO ] [Javalin] Listening on http://localhost:45325/
2026-05-15 22:54:19 [INFO ] [Javalin] You are running Javalin 6.4.0 (released December 17, 2024. Your Javalin version is 514 days old. Consider checking for a newer version.).
2026-05-15 22:54:19 [INFO ] [ApiServer] API server started on port 45325
2026-05-15 22:54:19 [WARN ] [VerificationService] Confirmation refused by org=ORG005
2026-05-15 22:54:19 [WARN ] [VerificationService] Confirmation refused by org=ORG001
2026-05-15 22:54:19 [INFO ] [Javalin] Stopping Javalin ...
2026-05-15 22:54:19 [INFO ] [Server] Stopped Server@10ef5fa0{STOPPING}[11.0.24,sto=0]
2026-05-15 22:54:19 [INFO ] [AbstractConnector] Stopped ServerConnector@28e19366{HTTP/1.1, (http/1.1)}{0.0.0.0:0}
2026-05-15 22:54:19 [INFO ] [ContextHandler] Stopped o.e.j.s.ServletContextHandler@2a03d65c{/,null,STOPPED}
2026-05-15 22:54:19 [INFO ] [Javalin] Javalin has stopped
2026-05-15 22:54:19 [INFO ] [PersonRepository] Loaded 5 persons from /tmp/junit-3629935482715963481/persons.json
2026-05-15 22:54:19 [INFO ] [VisaRepository] Loaded 4 visas from /tmp/junit-3629935482715963481/visas.json
2026-05-15 22:54:19 [INFO ] [ShareCodeRepository] Loaded 6 share codes from /tmp/junit-3629935482715963481/share_codes.json
2026-05-15 22:54:19 [INFO ] [OrganisationRepository] Loaded 5 organisations from /tmp/junit-3629935482715963481/organisations.json
2026-05-15 22:54:19 [INFO ] [Javalin] Starting Javalin ...
2026-05-15 22:54:19 [INFO ] [Server] jetty-11.0.24; built: 2024-08-26T18:11:22.448Z; git: 5dfc59a691b748796f922208956bd1f2794bcd16; jvm 25.0.2+10-69
2026-05-15 22:54:19 [INFO ] [DefaultSessionIdManager] Session workerName=node0
2026-05-15 22:54:19 [INFO ] [ContextHandler] Started o.e.j.s.ServletContextHandler@38a1a26{/,null,AVAILABLE}
2026-05-15 22:54:19 [INFO ] [AbstractConnector] Started ServerConnector@4afd21c6{HTTP/1.1, (http/1.1)}{0.0.0.0:39597}
2026-05-15 22:54:19 [INFO ] [Server] Started Server@1416a80a{STARTING}[11.0.24,sto=0] @2608ms
2026-05-15 22:54:19 [INFO ] [Javalin] 
       __                  ___           _____
      / /___ __   ______ _/ (_)___      / ___/
 __  / / __ `/ | / / __ `/ / / __ \    / __ \
/ /_/ / /_/ /| |/ / /_/ / / / / / /   / /_/ /
\____/\__,_/ |___/\__,_/_/_/_/ /_/    \____/

       https://javalin.io/documentation

2026-05-15 22:54:19 [INFO ] [Javalin] Javalin started in 6ms \o/
2026-05-15 22:54:19 [INFO ] [Javalin] Listening on http://localhost:39597/
2026-05-15 22:54:19 [INFO ] [Javalin] You are running Javalin 6.4.0 (released December 17, 2024. Your Javalin version is 514 days old. Consider checking for a newer version.).
2026-05-15 22:54:19 [INFO ] [ApiServer] API server started on port 39597
2026-05-15 22:54:19 [INFO ] [ShareCodeRepository] Persisted new share code for person P001
2026-05-15 22:54:19 [INFO ] [ShareCodeService] Generated share code for person=P001**** purpose=EMPLOYMENT
2026-05-15 22:54:19 [INFO ] [VerificationService] Share code verification requested by org=ORG001
2026-05-15 22:54:19 [INFO ] [VerificationService] Share code verification outcome=Right to work: true, expires: 2027-06-30 org=ORG001
2026-05-15 22:54:19 [INFO ] [VerificationService] Share code verification requested by org=ORG001
2026-05-15 22:54:19 [INFO ] [VerificationService] Share code verification outcome=Right to work: true, expires: 2027-06-30 org=ORG001
2026-05-15 22:54:19 [INFO ] [Javalin] Stopping Javalin ...
2026-05-15 22:54:19 [INFO ] [Server] Stopped Server@1416a80a{STOPPING}[11.0.24,sto=0]
2026-05-15 22:54:19 [INFO ] [AbstractConnector] Stopped ServerConnector@4afd21c6{HTTP/1.1, (http/1.1)}{0.0.0.0:0}
2026-05-15 22:54:19 [INFO ] [ContextHandler] Stopped o.e.j.s.ServletContextHandler@38a1a26{/,null,STOPPED}
2026-05-15 22:54:19 [INFO ] [Javalin] Javalin has stopped
2026-05-15 22:54:19 [INFO ] [PersonRepository] Loaded 5 persons from /tmp/junit-14243456199598273381/persons.json
2026-05-15 22:54:19 [INFO ] [VisaRepository] Loaded 4 visas from /tmp/junit-14243456199598273381/visas.json
2026-05-15 22:54:19 [INFO ] [ShareCodeRepository] Loaded 6 share codes from /tmp/junit-14243456199598273381/share_codes.json
2026-05-15 22:54:19 [INFO ] [OrganisationRepository] Loaded 5 organisations from /tmp/junit-14243456199598273381/organisations.json
2026-05-15 22:54:19 [INFO ] [Javalin] Starting Javalin ...
2026-05-15 22:54:19 [INFO ] [Server] jetty-11.0.24; built: 2024-08-26T18:11:22.448Z; git: 5dfc59a691b748796f922208956bd1f2794bcd16; jvm 25.0.2+10-69
2026-05-15 22:54:19 [INFO ] [DefaultSessionIdManager] Session workerName=node0
2026-05-15 22:54:19 [INFO ] [ContextHandler] Started o.e.j.s.ServletContextHandler@151ef57f{/,null,AVAILABLE}
2026-05-15 22:54:19 [INFO ] [AbstractConnector] Started ServerConnector@763cf5b9{HTTP/1.1, (http/1.1)}{0.0.0.0:40667}
2026-05-15 22:54:19 [INFO ] [Server] Started Server@7a34f66a{STARTING}[11.0.24,sto=0] @2688ms
2026-05-15 22:54:19 [INFO ] [Javalin] 
       __                  ___           _____
      / /___ __   ______ _/ (_)___      / ___/
 __  / / __ `/ | / / __ `/ / / __ \    / __ \
/ /_/ / /_/ /| |/ / /_/ / / / / / /   / /_/ /
\____/\__,_/ |___/\__,_/_/_/_/ /_/    \____/

       https://javalin.io/documentation

2026-05-15 22:54:19 [INFO ] [Javalin] Javalin started in 9ms \o/
2026-05-15 22:54:19 [INFO ] [Javalin] Listening on http://localhost:40667/
2026-05-15 22:54:19 [INFO ] [Javalin] You are running Javalin 6.4.0 (released December 17, 2024. Your Javalin version is 514 days old. Consider checking for a newer version.).
2026-05-15 22:54:19 [INFO ] [ApiServer] API server started on port 40667
2026-05-15 22:54:19 [INFO ] [ShareCodeRepository] Persisted new share code for person P004
2026-05-15 22:54:19 [INFO ] [ShareCodeService] Generated share code for person=P004**** purpose=ACCOMMODATION
2026-05-15 22:54:19 [INFO ] [ShareCodeRepository] Persisted new share code for person P001
2026-05-15 22:54:19 [INFO ] [ShareCodeService] Generated share code for person=P001**** purpose=EMPLOYMENT
2026-05-15 22:54:19 [INFO ] [VerificationService] Share code verification requested by org=ORG001
2026-05-15 22:54:19 [INFO ] [VerificationService] Share code verification outcome=Right to work: true, expires: 2027-06-30 org=ORG001
2026-05-15 22:54:19 [INFO ] [VerificationService] Share code verification requested by org=ORG001
2026-05-15 22:54:19 [INFO ] [VerificationService] Share code verification outcome=Right to work: true, expires: 2027-06-30 org=ORG001
2026-05-15 22:54:19 [INFO ] [ShareCodeRepository] Persisted new share code for person P001
2026-05-15 22:54:19 [INFO ] [ShareCodeService] Generated share code for person=P001**** purpose=EMPLOYMENT
2026-05-15 22:54:19 [INFO ] [VerificationService] Share code verification requested by org=ORG001
2026-05-15 22:54:19 [INFO ] [VerificationService] Share code verification outcome=Right to work: true, expires: 2027-06-30 org=ORG001
2026-05-15 22:54:19 [INFO ] [VerificationService] Share code verification requested by org=ORG001
2026-05-15 22:54:19 [INFO ] [VerificationService] Share code verification outcome=Right to work: true, expires: 2027-06-30 org=ORG001
2026-05-15 22:54:19 [INFO ] [ShareCodeRepository] Persisted new share code for person P004
2026-05-15 22:54:19 [INFO ] [ShareCodeService] Generated share code for person=P004**** purpose=ACCOMMODATION
2026-05-15 22:54:19 [INFO ] [VerificationService] Share code verification requested by org=ORG003
2026-05-15 22:54:19 [INFO ] [VerificationService] Share code verification outcome=Right to rent: true org=ORG003
2026-05-15 22:54:19 [INFO ] [VerificationService] Share code verification requested by org=ORG003
2026-05-15 22:54:19 [INFO ] [VerificationService] Share code verification outcome=Right to rent: true org=ORG003
2026-05-15 22:54:19 [INFO ] [Javalin] Stopping Javalin ...
2026-05-15 22:54:19 [INFO ] [Server] Stopped Server@7a34f66a{STOPPING}[11.0.24,sto=0]
2026-05-15 22:54:19 [INFO ] [AbstractConnector] Stopped ServerConnector@763cf5b9{HTTP/1.1, (http/1.1)}{0.0.0.0:0}
2026-05-15 22:54:19 [INFO ] [ContextHandler] Stopped o.e.j.s.ServletContextHandler@151ef57f{/,null,STOPPED}
2026-05-15 22:54:19 [INFO ] [Javalin] Javalin has stopped
2026-05-15 22:54:19 [INFO ] [PersonRepository] Loaded 5 persons from /tmp/junit-4876780475643588472/persons.json
2026-05-15 22:54:19 [INFO ] [VisaRepository] Loaded 4 visas from /tmp/junit-4876780475643588472/visas.json
2026-05-15 22:54:19 [INFO ] [ShareCodeRepository] Loaded 6 share codes from /tmp/junit-4876780475643588472/share_codes.json
2026-05-15 22:54:19 [INFO ] [OrganisationRepository] Loaded 5 organisations from /tmp/junit-4876780475643588472/organisations.json
2026-05-15 22:54:19 [INFO ] [Javalin] Starting Javalin ...
2026-05-15 22:54:19 [INFO ] [Server] jetty-11.0.24; built: 2024-08-26T18:11:22.448Z; git: 5dfc59a691b748796f922208956bd1f2794bcd16; jvm 25.0.2+10-69
2026-05-15 22:54:19 [INFO ] [DefaultSessionIdManager] Session workerName=node0
2026-05-15 22:54:19 [INFO ] [ContextHandler] Started o.e.j.s.ServletContextHandler@6d7cada5{/,null,AVAILABLE}
2026-05-15 22:54:19 [INFO ] [AbstractConnector] Started ServerConnector@3abfe845{HTTP/1.1, (http/1.1)}{0.0.0.0:40655}
2026-05-15 22:54:19 [INFO ] [Server] Started Server@3672276e{STARTING}[11.0.24,sto=0] @2790ms
2026-05-15 22:54:19 [INFO ] [Javalin] 
       __                  ___           _____
      / /___ __   ______ _/ (_)___      / ___/
 __  / / __ `/ | / / __ `/ / / __ \    / __ \
/ /_/ / /_/ /| |/ / /_/ / / / / / /   / /_/ /
\____/\__,_/ |___/\__,_/_/_/_/ /_/    \____/

       https://javalin.io/documentation

2026-05-15 22:54:19 [INFO ] [Javalin] Javalin started in 8ms \o/
2026-05-15 22:54:19 [INFO ] [Javalin] Listening on http://localhost:40655/
2026-05-15 22:54:19 [INFO ] [Javalin] You are running Javalin 6.4.0 (released December 17, 2024. Your Javalin version is 514 days old. Consider checking for a newer version.).
2026-05-15 22:54:19 [INFO ] [ApiServer] API server started on port 40655
2026-05-15 22:54:19 [INFO ] [ShareCodeRepository] Persisted new share code for person P004
2026-05-15 22:54:19 [INFO ] [ShareCodeService] Generated share code for person=P004**** purpose=ACCOMMODATION
2026-05-15 22:54:19 [INFO ] [ShareCodeRepository] Persisted new share code for person P001
2026-05-15 22:54:19 [INFO ] [ShareCodeService] Generated share code for person=P001**** purpose=EMPLOYMENT
2026-05-15 22:54:19 [INFO ] [ShareCodeRepository] Persisted new share code for person P001
2026-05-15 22:54:19 [INFO ] [ShareCodeService] Generated share code for person=P001**** purpose=EDUCATION
2026-05-15 22:54:19 [INFO ] [Javalin] Stopping Javalin ...
2026-05-15 22:54:19 [INFO ] [Server] Stopped Server@3672276e{STOPPING}[11.0.24,sto=0]
2026-05-15 22:54:19 [INFO ] [AbstractConnector] Stopped ServerConnector@3abfe845{HTTP/1.1, (http/1.1)}{0.0.0.0:0}
2026-05-15 22:54:19 [INFO ] [ContextHandler] Stopped o.e.j.s.ServletContextHandler@6d7cada5{/,null,STOPPED}
2026-05-15 22:54:19 [INFO ] [Javalin] Javalin has stopped
2026-05-15 22:54:19 [INFO ] [PersonRepository] Loaded 5 persons from /tmp/junit-3425034825621792725/persons.json
2026-05-15 22:54:19 [INFO ] [VisaRepository] Loaded 4 visas from /tmp/junit-3425034825621792725/visas.json
2026-05-15 22:54:19 [INFO ] [ShareCodeRepository] Loaded 6 share codes from /tmp/junit-3425034825621792725/share_codes.json
2026-05-15 22:54:19 [INFO ] [OrganisationRepository] Loaded 5 organisations from /tmp/junit-3425034825621792725/organisations.json
2026-05-15 22:54:19 [INFO ] [Javalin] Starting Javalin ...
2026-05-15 22:54:19 [INFO ] [Server] jetty-11.0.24; built: 2024-08-26T18:11:22.448Z; git: 5dfc59a691b748796f922208956bd1f2794bcd16; jvm 25.0.2+10-69
2026-05-15 22:54:19 [INFO ] [DefaultSessionIdManager] Session workerName=node0
2026-05-15 22:54:19 [INFO ] [ContextHandler] Started o.e.j.s.ServletContextHandler@37b57b54{/,null,AVAILABLE}
2026-05-15 22:54:19 [INFO ] [AbstractConnector] Started ServerConnector@36fc05ff{HTTP/1.1, (http/1.1)}{0.0.0.0:40047}
2026-05-15 22:54:19 [INFO ] [Server] Started Server@642505c7{STARTING}[11.0.24,sto=0] @2859ms
2026-05-15 22:54:19 [INFO ] [Javalin] 
       __                  ___           _____
      / /___ __   ______ _/ (_)___      / ___/
 __  / / __ `/ | / / __ `/ / / __ \    / __ \
/ /_/ / /_/ /| |/ / /_/ / / / / / /   / /_/ /
\____/\__,_/ |___/\__,_/_/_/_/ /_/    \____/

       https://javalin.io/documentation

2026-05-15 22:54:19 [INFO ] [Javalin] Javalin started in 7ms \o/
2026-05-15 22:54:19 [INFO ] [Javalin] Listening on http://localhost:40047/
2026-05-15 22:54:19 [INFO ] [Javalin] You are running Javalin 6.4.0 (released December 17, 2024. Your Javalin version is 514 days old. Consider checking for a newer version.).
2026-05-15 22:54:19 [INFO ] [ApiServer] API server started on port 40047
2026-05-15 22:54:19 [INFO ] [Javalin] Stopping Javalin ...
2026-05-15 22:54:19 [INFO ] [Server] Stopped Server@642505c7{STOPPING}[11.0.24,sto=0]
2026-05-15 22:54:19 [INFO ] [AbstractConnector] Stopped ServerConnector@36fc05ff{HTTP/1.1, (http/1.1)}{0.0.0.0:0}
2026-05-15 22:54:19 [INFO ] [ContextHandler] Stopped o.e.j.s.ServletContextHandler@37b57b54{/,null,STOPPED}
2026-05-15 22:54:19 [INFO ] [Javalin] Javalin has stopped
2026-05-15 22:54:19 [INFO ] [PersonRepository] Loaded 5 persons from /tmp/junit-15890020940115648638/persons.json
2026-05-15 22:54:19 [INFO ] [VisaRepository] Loaded 4 visas from /tmp/junit-15890020940115648638/visas.json
2026-05-15 22:54:19 [INFO ] [ShareCodeRepository] Loaded 6 share codes from /tmp/junit-15890020940115648638/share_codes.json
2026-05-15 22:54:19 [INFO ] [OrganisationRepository] Loaded 5 organisations from /tmp/junit-15890020940115648638/organisations.json
2026-05-15 22:54:19 [INFO ] [Javalin] Starting Javalin ...
2026-05-15 22:54:19 [INFO ] [Server] jetty-11.0.24; built: 2024-08-26T18:11:22.448Z; git: 5dfc59a691b748796f922208956bd1f2794bcd16; jvm 25.0.2+10-69
2026-05-15 22:54:19 [INFO ] [DefaultSessionIdManager] Session workerName=node0
2026-05-15 22:54:19 [INFO ] [ContextHandler] Started o.e.j.s.ServletContextHandler@3f9f71ff{/,null,AVAILABLE}
2026-05-15 22:54:19 [INFO ] [AbstractConnector] Started ServerConnector@40712ee9{HTTP/1.1, (http/1.1)}{0.0.0.0:35825}
2026-05-15 22:54:19 [INFO ] [Server] Started Server@39fa8ad2{STARTING}[11.0.24,sto=0] @2908ms
2026-05-15 22:54:19 [INFO ] [Javalin] 
       __                  ___           _____
      / /___ __   ______ _/ (_)___      / ___/
 __  / / __ `/ | / / __ `/ / / __ \    / __ \
/ /_/ / /_/ /| |/ / /_/ / / / / / /   / /_/ /
\____/\__,_/ |___/\__,_/_/_/_/ /_/    \____/

       https://javalin.io/documentation

2026-05-15 22:54:19 [INFO ] [Javalin] Javalin started in 8ms \o/
2026-05-15 22:54:19 [INFO ] [Javalin] Listening on http://localhost:35825/
2026-05-15 22:54:19 [INFO ] [Javalin] You are running Javalin 6.4.0 (released December 17, 2024. Your Javalin version is 514 days old. Consider checking for a newer version.).
2026-05-15 22:54:19 [INFO ] [ApiServer] API server started on port 35825
2026-05-15 22:54:19 [INFO ] [VerificationService] Document verification requested by org=ORG005 docType=PERMIT
2026-05-15 22:54:19 [INFO ] [VerificationService] Document verification outcome=Entry permitted: true, conditions: [] org=ORG005
2026-05-15 22:54:19 [INFO ] [VerificationService] Share code verification requested by org=ORG001
2026-05-15 22:54:19 [INFO ] [VerificationService] Share code verification outcome=Right to work: true, expires: 2027-06-30 org=ORG001
2026-05-15 22:54:19 [INFO ] [VerificationService] Share code verification requested by org=ORG001
2026-05-15 22:54:19 [WARN ] [VerificationService] Rejected SHARE_CODE_VERIFICATION reason=Visa record not found org=ORG001
2026-05-15 22:54:19 [INFO ] [VerificationService] Share code verification requested by org=ORG004
2026-05-15 22:54:19 [INFO ] [VerificationService] Share code verification outcome=Right to work: true, expires: 2027-06-30 org=ORG004
2026-05-15 22:54:19 [INFO ] [VerificationService] Document verification requested by org=ORG005 docType=PASSPORT
2026-05-15 22:54:19 [INFO ] [VerificationService] Document verification outcome=Entry permitted: true, conditions: [] org=ORG005
2026-05-15 22:54:19 [INFO ] [VerificationService] Share code verification requested by org=ORG001
2026-05-15 22:54:19 [WARN ] [VerificationService] Rejected SHARE_CODE_VERIFICATION reason=Share code has expired org=ORG001
2026-05-15 22:54:19 [INFO ] [VerificationService] Share code verification requested by org=ORG001
2026-05-15 22:54:19 [INFO ] [VerificationService] Share code verification outcome=Right to work: true, expires: 2027-06-30 org=ORG001
2026-05-15 22:54:19 [INFO ] [VerificationService] Document verification requested by org=ORG006 docType=PERMIT
2026-05-15 22:54:19 [INFO ] [VerificationService] Document verification outcome=Visa type: SKILLED_WORKER, valid: true, expires: 2028-06-30 org=ORG006
2026-05-15 22:54:19 [INFO ] [VerificationService] Share code verification requested by org=ORG001
2026-05-15 22:54:19 [WARN ] [VerificationService] Rejected SHARE_CODE_VERIFICATION reason=Purpose 'ACCOMMODATION' is not permitted for role 'EMPLOYER' org=ORG001
2026-05-15 22:54:19 [INFO ] [VerificationService] Share code verification requested by org=ORG001
2026-05-15 22:54:19 [WARN ] [VerificationService] Rejected SHARE_CODE_VERIFICATION reason=Share code not found org=ORG001
2026-05-15 22:54:19 [INFO ] [VerificationService] Share code verification requested by org=ORG001
2026-05-15 22:54:19 [WARN ] [VerificationService] Rejected SHARE_CODE_VERIFICATION reason=Share code must be 9 uppercase alphanumeric characters org=ORG001
2026-05-15 22:54:19 [INFO ] [VerificationService] Share code verification requested by org=ORG005
2026-05-15 22:54:19 [WARN ] [VerificationService] Rejected SHARE_CODE_VERIFICATION reason=Organisation role 'BORDER_CONTROL' is not authorised for the share code route org=ORG005
2026-05-15 22:54:19 [WARN ] [VerificationService] Confirmation refused by org=ORG001
2026-05-15 22:54:19 [INFO ] [VerificationService] Document verification requested by org=ORG005 docType=PASSPORT
2026-05-15 22:54:19 [WARN ] [VerificationService] Rejected DOCUMENT_VERIFICATION reason=Person not found for document org=ORG005
2026-05-15 22:54:19 [INFO ] [VerificationService] Share code verification requested by org=ORG003
2026-05-15 22:54:19 [INFO ] [VerificationService] Share code verification outcome=Right to rent: true org=ORG003
2026-05-15 22:54:19 [WARN ] [VerificationService] Confirmation refused by org=ORG005
2026-05-15 22:54:19 [INFO ] [VerificationService] Share code verification requested by org=ORG001
2026-05-15 22:54:19 [WARN ] [VerificationService] Rejected SHARE_CODE_VERIFICATION reason=Date of birth does not match org=ORG001
2026-05-15 22:54:19 [INFO ] [VerificationService] Document verification requested by org=ORG001 docType=PASSPORT
2026-05-15 22:54:19 [WARN ] [VerificationService] Rejected DOCUMENT_VERIFICATION reason=Organisation role 'EMPLOYER' is not authorised for the document route org=ORG001
2026-05-15 22:54:19 [INFO ] [VerificationService] Document verification requested by org=ORG005 docType=PASSPORT
2026-05-15 22:54:19 [WARN ] [VerificationService] Rejected DOCUMENT_VERIFICATION reason=Passport number must be 9 uppercase alphanumeric characters org=ORG005
2026-05-15 22:54:19 [INFO ] [VerificationService] Share code verification requested by org=ORG001
2026-05-15 22:54:19 [INFO ] [VerificationService] Share code verification outcome=Right to work: false, expires: 2026-10-25 org=ORG001
2026-05-15 22:54:19 [INFO ] [VerificationService] Share code verification requested by org=ORG001
2026-05-15 22:54:19 [INFO ] [VerificationService] Share code verification outcome=Right to work: true, expires: 2027-06-30 org=ORG001
2026-05-15 22:54:19 [INFO ] [VerificationService] Share code verification requested by org=ORG001
2026-05-15 22:54:19 [INFO ] [VerificationService] Share code verification outcome=Right to work: true, expires: 2027-06-30 org=ORG001
2026-05-15 22:54:19 [WARN ] [VerificationService] Confirmation refused by org=ORG001
2026-05-15 22:54:19 [INFO ] [VerificationService] Document verification requested by org=ORG006 docType=PASSPORT
2026-05-15 22:54:19 [INFO ] [VerificationService] Document verification outcome=Visa type: WORK, valid: true, expires: 2027-06-30 org=ORG006
2026-05-15 22:54:19 [INFO ] [VerificationService] Document verification requested by org=ORG999 docType=PASSPORT
2026-05-15 22:54:19 [WARN ] [VerificationService] Rejected DOCUMENT_VERIFICATION reason=Organisation not recognised org=ORG999
2026-05-15 22:54:19 [INFO ] [Javalin] Stopping Javalin ...
2026-05-15 22:54:19 [INFO ] [Server] Stopped Server@39fa8ad2{STOPPING}[11.0.24,sto=0]
2026-05-15 22:54:19 [INFO ] [AbstractConnector] Stopped ServerConnector@40712ee9{HTTP/1.1, (http/1.1)}{0.0.0.0:0}
2026-05-15 22:54:19 [INFO ] [ContextHandler] Stopped o.e.j.s.ServletContextHandler@3f9f71ff{/,null,STOPPED}
2026-05-15 22:54:19 [INFO ] [Javalin] Javalin has stopped
2026-05-15 22:54:19 [INFO ] [ShareCodeRepository] Loaded 0 share codes from /tmp/junit-9275680219760146390/share_codes.json
2026-05-15 22:54:19 [INFO ] [ShareCodeRepository] Persisted new share code for person P003
2026-05-15 22:54:19 [INFO ] [ShareCodeService] Generated share code for person=P003**** purpose=ACCOMMODATION
2026-05-15 22:54:19 [INFO ] [ShareCodeRepository] Loaded 0 share codes from /tmp/junit-3902204142588250509/share_codes.json
2026-05-15 22:54:19 [INFO ] [ShareCodeRepository] Persisted new share code for person P001
2026-05-15 22:54:19 [INFO ] [ShareCodeService] Generated share code for person=P001**** purpose=EMPLOYMENT
2026-05-15 22:54:19 [INFO ] [ShareCodeRepository] Loaded 0 share codes from /tmp/junit-7077525928710485364/share_codes.json
2026-05-15 22:54:19 [INFO ] [ShareCodeRepository] Persisted new share code for person P001
2026-05-15 22:54:19 [INFO ] [ShareCodeService] Generated share code for person=P001**** purpose=EMPLOYMENT
2026-05-15 22:54:19 [INFO ] [ShareCodeRepository] Loaded 0 share codes from /tmp/junit-2901637276476473094/share_codes.json
2026-05-15 22:54:19 [INFO ] [ShareCodeRepository] Persisted new share code for person P001
2026-05-15 22:54:19 [INFO ] [ShareCodeService] Generated share code for person=P001**** purpose=EMPLOYMENT
2026-05-15 22:54:19 [INFO ] [ShareCodeRepository] Loaded 0 share codes from /tmp/junit-444406552529764507/share_codes.json
2026-05-15 22:54:20 [INFO ] [ShareCodeRepository] Persisted new share code for person P001
2026-05-15 22:54:20 [INFO ] [ShareCodeService] Generated share code for person=P001**** purpose=EMPLOYMENT
2026-05-15 22:54:20 [INFO ] [ShareCodeRepository] Persisted new share code for person P001
2026-05-15 22:54:20 [INFO ] [ShareCodeService] Generated share code for person=P001**** purpose=EMPLOYMENT
2026-05-15 22:54:20 [INFO ] [PersonRepository] Loaded 5 persons from /tmp/junit-11764257576623089279/persons.json
2026-05-15 22:54:20 [INFO ] [VisaRepository] Loaded 4 visas from /tmp/junit-11764257576623089279/visas.json
2026-05-15 22:54:20 [INFO ] [ShareCodeRepository] Loaded 6 share codes from /tmp/junit-11764257576623089279/share_codes.json
2026-05-15 22:54:20 [INFO ] [OrganisationRepository] Loaded 5 organisations from /tmp/junit-11764257576623089279/organisations.json
2026-05-15 22:54:20 [INFO ] [VerificationService] Share code verification requested by org=ORG001
2026-05-15 22:54:20 [WARN ] [VerificationService] Rejected SHARE_CODE_VERIFICATION reason=Share code has expired org=ORG001
2026-05-15 22:54:20 [INFO ] [PersonRepository] Loaded 5 persons from /tmp/junit-4221326265201311348/persons.json
2026-05-15 22:54:20 [INFO ] [VisaRepository] Loaded 4 visas from /tmp/junit-4221326265201311348/visas.json
2026-05-15 22:54:20 [INFO ] [ShareCodeRepository] Loaded 6 share codes from /tmp/junit-4221326265201311348/share_codes.json
2026-05-15 22:54:20 [INFO ] [OrganisationRepository] Loaded 5 organisations from /tmp/junit-4221326265201311348/organisations.json
2026-05-15 22:54:20 [INFO ] [VerificationService] Share code verification requested by org=ORG003
2026-05-15 22:54:20 [INFO ] [VerificationService] Share code verification outcome=Right to rent: true org=ORG003
2026-05-15 22:54:20 [INFO ] [PersonRepository] Loaded 5 persons from /tmp/junit-5502358831448164186/persons.json
2026-05-15 22:54:20 [INFO ] [VisaRepository] Loaded 4 visas from /tmp/junit-5502358831448164186/visas.json
2026-05-15 22:54:20 [INFO ] [ShareCodeRepository] Loaded 6 share codes from /tmp/junit-5502358831448164186/share_codes.json
2026-05-15 22:54:20 [INFO ] [OrganisationRepository] Loaded 5 organisations from /tmp/junit-5502358831448164186/organisations.json
2026-05-15 22:54:20 [INFO ] [VerificationService] Share code verification requested by org=ORG004
2026-05-15 22:54:20 [INFO ] [VerificationService] Share code verification outcome=Right to work: true, expires: 2027-06-30 org=ORG004
2026-05-15 22:54:20 [INFO ] [PersonRepository] Loaded 5 persons from /tmp/junit-3801106176238463043/persons.json
2026-05-15 22:54:20 [INFO ] [VisaRepository] Loaded 4 visas from /tmp/junit-3801106176238463043/visas.json
2026-05-15 22:54:20 [INFO ] [ShareCodeRepository] Loaded 6 share codes from /tmp/junit-3801106176238463043/share_codes.json
2026-05-15 22:54:20 [INFO ] [OrganisationRepository] Loaded 5 organisations from /tmp/junit-3801106176238463043/organisations.json
2026-05-15 22:54:20 [INFO ] [VerificationService] Share code verification requested by org=ORG001
2026-05-15 22:54:20 [WARN ] [VerificationService] Rejected SHARE_CODE_VERIFICATION reason=Visa record not found org=ORG001
2026-05-15 22:54:20 [INFO ] [PersonRepository] Loaded 5 persons from /tmp/junit-4414058374339040387/persons.json
2026-05-15 22:54:20 [INFO ] [VisaRepository] Loaded 4 visas from /tmp/junit-4414058374339040387/visas.json
2026-05-15 22:54:20 [INFO ] [ShareCodeRepository] Loaded 6 share codes from /tmp/junit-4414058374339040387/share_codes.json
2026-05-15 22:54:20 [INFO ] [OrganisationRepository] Loaded 5 organisations from /tmp/junit-4414058374339040387/organisations.json
2026-05-15 22:54:20 [INFO ] [VerificationService] Document verification requested by org=ORG005 docType=PASSPORT
2026-05-15 22:54:20 [INFO ] [VerificationService] Document verification outcome=Entry permitted: true, conditions: [] org=ORG005
2026-05-15 22:54:20 [INFO ] [PersonRepository] Loaded 5 persons from /tmp/junit-17733546284106202673/persons.json
2026-05-15 22:54:20 [INFO ] [VisaRepository] Loaded 4 visas from /tmp/junit-17733546284106202673/visas.json
2026-05-15 22:54:20 [INFO ] [ShareCodeRepository] Loaded 6 share codes from /tmp/junit-17733546284106202673/share_codes.json
2026-05-15 22:54:20 [INFO ] [OrganisationRepository] Loaded 5 organisations from /tmp/junit-17733546284106202673/organisations.json
2026-05-15 22:54:20 [INFO ] [VerificationService] Share code verification requested by org=ORG001
2026-05-15 22:54:20 [WARN ] [VerificationService] Rejected SHARE_CODE_VERIFICATION reason=Purpose 'ACCOMMODATION' is not permitted for role 'EMPLOYER' org=ORG001
2026-05-15 22:54:20 [INFO ] [PersonRepository] Loaded 5 persons from /tmp/junit-14941182953170762669/persons.json
2026-05-15 22:54:20 [INFO ] [VisaRepository] Loaded 4 visas from /tmp/junit-14941182953170762669/visas.json
2026-05-15 22:54:20 [INFO ] [ShareCodeRepository] Loaded 6 share codes from /tmp/junit-14941182953170762669/share_codes.json
2026-05-15 22:54:20 [INFO ] [OrganisationRepository] Loaded 5 organisations from /tmp/junit-14941182953170762669/organisations.json
2026-05-15 22:54:20 [INFO ] [VerificationService] Share code verification requested by org=ORG001
2026-05-15 22:54:20 [WARN ] [VerificationService] Rejected SHARE_CODE_VERIFICATION reason=Date of birth does not match org=ORG001
2026-05-15 22:54:20 [INFO ] [PersonRepository] Loaded 5 persons from /tmp/junit-575222615441905313/persons.json
2026-05-15 22:54:20 [INFO ] [VisaRepository] Loaded 4 visas from /tmp/junit-575222615441905313/visas.json
2026-05-15 22:54:20 [INFO ] [ShareCodeRepository] Loaded 6 share codes from /tmp/junit-575222615441905313/share_codes.json
2026-05-15 22:54:20 [INFO ] [OrganisationRepository] Loaded 5 organisations from /tmp/junit-575222615441905313/organisations.json
2026-05-15 22:54:20 [INFO ] [VerificationService] Document verification requested by org=ORG005 docType=PERMIT
2026-05-15 22:54:20 [INFO ] [VerificationService] Document verification outcome=Entry permitted: true, conditions: [] org=ORG005
2026-05-15 22:54:20 [INFO ] [PersonRepository] Loaded 5 persons from /tmp/junit-535393392645811657/persons.json
2026-05-15 22:54:20 [INFO ] [VisaRepository] Loaded 4 visas from /tmp/junit-535393392645811657/visas.json
2026-05-15 22:54:20 [INFO ] [ShareCodeRepository] Loaded 6 share codes from /tmp/junit-535393392645811657/share_codes.json
2026-05-15 22:54:20 [INFO ] [OrganisationRepository] Loaded 5 organisations from /tmp/junit-535393392645811657/organisations.json
2026-05-15 22:54:20 [INFO ] [VerificationService] Share code verification requested by org=ORG001
2026-05-15 22:54:20 [INFO ] [VerificationService] Share code verification outcome=Right to work: false, expires: 2026-10-25 org=ORG001
2026-05-15 22:54:20 [INFO ] [PersonRepository] Loaded 5 persons from /tmp/junit-10304388972444852946/persons.json
2026-05-15 22:54:20 [INFO ] [VisaRepository] Loaded 4 visas from /tmp/junit-10304388972444852946/visas.json
2026-05-15 22:54:20 [INFO ] [ShareCodeRepository] Loaded 6 share codes from /tmp/junit-10304388972444852946/share_codes.json
2026-05-15 22:54:20 [INFO ] [OrganisationRepository] Loaded 5 organisations from /tmp/junit-10304388972444852946/organisations.json
2026-05-15 22:54:20 [INFO ] [VerificationService] Document verification requested by org=ORG006 docType=PASSPORT
2026-05-15 22:54:20 [INFO ] [VerificationService] Document verification outcome=Visa type: WORK, valid: true, expires: 2027-06-30 org=ORG006
2026-05-15 22:54:20 [INFO ] [PersonRepository] Loaded 5 persons from /tmp/junit-4170046815146902442/persons.json
2026-05-15 22:54:20 [INFO ] [VisaRepository] Loaded 4 visas from /tmp/junit-4170046815146902442/visas.json
2026-05-15 22:54:20 [INFO ] [ShareCodeRepository] Loaded 6 share codes from /tmp/junit-4170046815146902442/share_codes.json
2026-05-15 22:54:20 [INFO ] [OrganisationRepository] Loaded 5 organisations from /tmp/junit-4170046815146902442/organisations.json
2026-05-15 22:54:20 [INFO ] [VerificationService] Share code verification requested by org=ORG001
2026-05-15 22:54:20 [INFO ] [VerificationService] Share code verification outcome=Right to work: true, expires: 2027-06-30 org=ORG001
2026-05-15 22:54:20 [INFO ] [PersonRepository] Loaded 5 persons from /tmp/junit-12797192080580449133/persons.json
2026-05-15 22:54:20 [INFO ] [VisaRepository] Loaded 4 visas from /tmp/junit-12797192080580449133/visas.json
2026-05-15 22:54:20 [INFO ] [ShareCodeRepository] Loaded 6 share codes from /tmp/junit-12797192080580449133/share_codes.json
2026-05-15 22:54:20 [INFO ] [OrganisationRepository] Loaded 5 organisations from /tmp/junit-12797192080580449133/organisations.json
2026-05-15 22:54:20 [INFO ] [VerificationService] Share code verification requested by org=ORG001
2026-05-15 22:54:20 [WARN ] [VerificationService] Rejected SHARE_CODE_VERIFICATION reason=Share code must be 9 uppercase alphanumeric characters org=ORG001
2026-05-15 22:54:20 [INFO ] [PersonRepository] Loaded 5 persons from /tmp/junit-5121615789453638393/persons.json
2026-05-15 22:54:20 [INFO ] [VisaRepository] Loaded 4 visas from /tmp/junit-5121615789453638393/visas.json
2026-05-15 22:54:20 [INFO ] [ShareCodeRepository] Loaded 6 share codes from /tmp/junit-5121615789453638393/share_codes.json
2026-05-15 22:54:20 [INFO ] [OrganisationRepository] Loaded 5 organisations from /tmp/junit-5121615789453638393/organisations.json
2026-05-15 22:54:20 [INFO ] [VerificationService] Document verification requested by org=ORG006 docType=PERMIT
2026-05-15 22:54:20 [INFO ] [VerificationService] Document verification outcome=Visa type: SKILLED_WORKER, valid: true, expires: 2028-06-30 org=ORG006
2026-05-15 22:54:20 [INFO ] [PersonRepository] Loaded 5 persons from /tmp/junit-2698357964696662740/persons.json
2026-05-15 22:54:20 [INFO ] [VisaRepository] Loaded 4 visas from /tmp/junit-2698357964696662740/visas.json
2026-05-15 22:54:20 [INFO ] [ShareCodeRepository] Loaded 6 share codes from /tmp/junit-2698357964696662740/share_codes.json
2026-05-15 22:54:20 [INFO ] [OrganisationRepository] Loaded 5 organisations from /tmp/junit-2698357964696662740/organisations.json
2026-05-15 22:54:20 [INFO ] [VerificationService] Document verification requested by org=ORG005 docType=PASSPORT
2026-05-15 22:54:20 [WARN ] [VerificationService] Rejected DOCUMENT_VERIFICATION reason=Person not found for document org=ORG005
2026-05-15 22:54:20 [INFO ] [PersonRepository] Loaded 5 persons from /tmp/junit-1801305906166811566/persons.json
2026-05-15 22:54:20 [INFO ] [VisaRepository] Loaded 4 visas from /tmp/junit-1801305906166811566/visas.json
2026-05-15 22:54:20 [INFO ] [ShareCodeRepository] Loaded 6 share codes from /tmp/junit-1801305906166811566/share_codes.json
2026-05-15 22:54:20 [INFO ] [OrganisationRepository] Loaded 5 organisations from /tmp/junit-1801305906166811566/organisations.json
2026-05-15 22:54:20 [INFO ] [VerificationService] Document verification requested by org=ORG005 docType=PASSPORT
2026-05-15 22:54:20 [WARN ] [VerificationService] Rejected DOCUMENT_VERIFICATION reason=Passport number must be 9 uppercase alphanumeric characters org=ORG005
2026-05-15 22:54:20 [INFO ] [PersonRepository] Loaded 5 persons from /tmp/junit-17124669356549822037/persons.json
2026-05-15 22:54:20 [INFO ] [VisaRepository] Loaded 4 visas from /tmp/junit-17124669356549822037/visas.json
2026-05-15 22:54:20 [INFO ] [ShareCodeRepository] Loaded 6 share codes from /tmp/junit-17124669356549822037/share_codes.json
2026-05-15 22:54:20 [INFO ] [OrganisationRepository] Loaded 5 organisations from /tmp/junit-17124669356549822037/organisations.json
2026-05-15 22:54:20 [INFO ] [VerificationService] Document verification requested by org=ORG001 docType=PASSPORT
2026-05-15 22:54:20 [WARN ] [VerificationService] Rejected DOCUMENT_VERIFICATION reason=Organisation role 'EMPLOYER' is not authorised for the document route org=ORG001
2026-05-15 22:54:20 [INFO ] [PersonRepository] Loaded 5 persons from /tmp/junit-13776083818270653977/persons.json
2026-05-15 22:54:20 [INFO ] [VisaRepository] Loaded 4 visas from /tmp/junit-13776083818270653977/visas.json
2026-05-15 22:54:20 [INFO ] [ShareCodeRepository] Loaded 6 share codes from /tmp/junit-13776083818270653977/share_codes.json
2026-05-15 22:54:20 [INFO ] [OrganisationRepository] Loaded 5 organisations from /tmp/junit-13776083818270653977/organisations.json
2026-05-15 22:54:20 [INFO ] [VerificationService] Share code verification requested by org=ORG999
2026-05-15 22:54:20 [WARN ] [VerificationService] Rejected SHARE_CODE_VERIFICATION reason=Organisation not recognised org=ORG999
2026-05-15 22:54:20 [INFO ] [PersonRepository] Loaded 5 persons from /tmp/junit-12061956025747231009/persons.json
2026-05-15 22:54:20 [INFO ] [VisaRepository] Loaded 4 visas from /tmp/junit-12061956025747231009/visas.json
2026-05-15 22:54:20 [INFO ] [ShareCodeRepository] Loaded 6 share codes from /tmp/junit-12061956025747231009/share_codes.json
2026-05-15 22:54:20 [INFO ] [OrganisationRepository] Loaded 5 organisations from /tmp/junit-12061956025747231009/organisations.json
2026-05-15 22:54:20 [INFO ] [VerificationService] Share code verification requested by org=ORG005
2026-05-15 22:54:20 [WARN ] [VerificationService] Rejected SHARE_CODE_VERIFICATION reason=Organisation role 'BORDER_CONTROL' is not authorised for the share code route org=ORG005
2026-05-15 22:54:20 [INFO ] [PersonRepository] Loaded 5 persons from /tmp/junit-13273806677135834150/persons.json
2026-05-15 22:54:20 [INFO ] [VisaRepository] Loaded 4 visas from /tmp/junit-13273806677135834150/visas.json
2026-05-15 22:54:20 [INFO ] [ShareCodeRepository] Loaded 6 share codes from /tmp/junit-13273806677135834150/share_codes.json
2026-05-15 22:54:20 [INFO ] [OrganisationRepository] Loaded 5 organisations from /tmp/junit-13273806677135834150/organisations.json
2026-05-15 22:54:20 [INFO ] [VerificationService] Share code verification requested by org=ORG001
2026-05-15 22:54:20 [INFO ] [VerificationService] Share code verification outcome=Right to work: true, expires: 2027-06-30 org=ORG001
2026-05-15 22:54:20 [INFO ] [VerificationService] Share code verification requested by org=ORG001
2026-05-15 22:54:20 [INFO ] [VerificationService] Share code verification outcome=Right to work: true, expires: 2027-06-30 org=ORG001
